,waypoint,flight_id,formation_time,time,age,longitude,latitude,altitude,level,continuous,segment_length,sin_a,cos_a,width,depth,sigma_yz,air_temperature,specific_humidity,air_pressure,rhi,rho_air,q_sat,n_ice_per_m,iwc,u_wind,v_wind,vertical_velocity,tau_cirrus,air_temperature_lower,u_wind_lower,v_wind_lower,dT_dz,ds_dz,dsn_dz,sdr,top_net_solar_radiation,rsr,top_net_thermal_radiation,olr,area_eff,plume_mass_per_m,r_ice_vol,terminal_fall_speed,diffuse_h,diffuse_v,n_ice_per_vol,tau_contrail,dn_dt_agg,dn_dt_turb,rf_sw,rf_lw,rf_net,persistent,ef,timestep,age_hours,x,y,x_proj,y_proj
557401,99,1,2019-03-20 01:40:12,2019-03-20 01:58:36,0 days 00:18:24,134.67319495053368,32.86008444273317,10878.481327268066,230.68754056773147,True,237.372117476568,-0.1236860098252795,-0.9923214050767527,809.9279000531005,149.12445102618207,7000.7718261574855,221.89253,9.4607574e-05,23068.75405677315,1.042227715438229,0.3621795382907115,9.077437961181584e-05,18208983421550.28,7.954508568505463e-08,57.21159,-15.255493,0.16902037,0.04141339,223.18231,55.73111,-15.142995,0.0048631100636745824,0.017305436672177175,0.003435439375310106,1093.6207721043875,958.1587,135.46208069813747,-243.89503,243.89503,84045.4193766696,30439.53118529141,3.259136544110169e-07,0.0001687223075746221,38.48400640336206,0.8515625478225919,216656464.5235736,0.013322248203080632,5.359242754941325e-21,1.3774878892594533e-05,-1.2094654,0.084584914,-1.1248804,True,-218074.37494049492,1202,0.30666666666666664,1031160.1780678795,3650072.8030314054,,
557402,100,1,2019-03-20 01:40:13,2019-03-20 01:58:36,0 days 00:18:23,134.67067320328977,32.85982038982421,10878.781012128518,230.67667869761462,True,243.94107609322268,-0.1194141974680528,-0.9928445243053218,802.8329448534594,148.9096093686067,6792.3179851243285,221.89012,9.4599105e-05,23067.667869761462,1.0423998560220087,0.3621664164957648,9.075126451905912e-05,18177432927990.19,1.0665379116052117e-07,57.21077,-15.24731,0.16871978,0.041249692,223.18013,55.730473,-15.135509,0.004861441137141469,0.01731249686192736,0.0033559899358988773,1093.608650469714,958.1143,135.49433162205764,-243.88039,243.88039,83634.45099306024,30289.589411747285,3.5899885442103895e-07,0.00019058381372339062,38.388854780116205,0.8528811785337744,217343842.30606723,0.018505455367615654,7.381196854836058e-21,1.381502289243765e-05,-1.6799067,0.12898582,-1.550921,True,-304981.43582359626,1202,0.3063888888888889,1030925.338058017,3650030.7305383747,,
557403,101,1,2019-03-20 01:40:14,2019-03-20 01:58:36,0 days 00:18:22,134.66808031224411,32.85955840014776,10879.138800759214,230.66371143895293,True,243.9540032317411,-0.1194606153670201,-0.9928389403000533,800.2906218435451,148.6795386313563,6742.729799127975,221.88733,9.458421e-05,23066.371143895292,1.0425405962325747,0.36215063298796774,9.072472719531965e-05,18115280002995.086,1.3276497507211588e-07,57.210274,-15.238938,0.16841577,0.041069254,223.17755,55.73018,-15.127851,0.004859900839889804,0.017320038473918428,0.0033502772265502586,1093.5960655791623,958.06824,135.5278282744748,-243.86513,243.86513,83297.19153660431,30166.13064110124,3.861002147730275e-07,0.00020888982560868867,38.286993268545466,0.8539602771759481,217477680.4453781,0.023348319076295164,9.395650954956049e-21,1.3860651530949268e-05,-2.1194708,0.17453617,-1.9449346,True,-380857.17722253007,1202,0.3061111111111111,1030683.8147595843,3649988.533862598,,
557404,102,1,2019-03-20 01:40:15,2019-03-20 01:58:36,0 days 00:18:21,134.66548730602472,32.85929629475149,10879.49565713223,230.65077855586566,True,244.14179017662394,-0.11937935263183443,-0.9928487146414625,797.4601243974371,148.4508844705088,6689.009450668774,221.88452,9.456948e-05,23065.077855586565,1.0426851558856396,0.3621349030529676,9.069801831862825e-05,18039573444322.78,1.589132013643074e-07,57.20977,-15.230565,0.16811135,0.040889416,223.17496,55.729874,-15.120191,0.004858359283852281,0.017327583781008793,0.003342366004521695,1093.583479065245,958.0222,135.56126226837,-243.84984,243.84984,82937.26105470206,30034.476991523195,4.0991953344895103e-07,0.00022525892354936187,38.18594883593865,0.8549380986619857,217508671.1921269,0.02805701900924988,1.1470158062064986e-20,1.3908736368124039e-05,-2.5468953,0.22211665,-2.3247786,True,-453897.98119587224,1202,0.30583333333333335,1030442.2803430433,3649946.3299109973,,
557405,103,1,2019-03-20 01:40:16,2019-03-20 01:58:36,0 days 00:00:00,134.66289228569758,32.859034165967685,10879.837897260284,230.6383759337966,False,0.0,0.0,0.0,685.5838868738507,148.24898195317343,0.0,221.88182,9.455655e-05,23063.83759337966,1.0428395309602434,0.36211982759736405,9.067219374138006e-05,18792521788015.414,1.471091194344326e-07,57.20915,-15.222177,0.16780499,0.040713716,223.17247,55.72945,-15.112515,0.00485681445123646,0.01733392467643417,-0.0,1093.5708781532082,957.9762,135.59468186414574,-243.83456,243.83456,79825.6020972776,28906.433269321948,3.891022111644115e-07,0.00021094452147864086,38.096084766643955,0.8556404874052148,235419731.19243556,0.02896719321578402,1.0055260006120093e-20,1.4416549393132713e-05,-2.6301587,0.21809034,-2.4120684,True,0.0,1202,0.0,1030200.5562244228,3649904.1193621126,,
557406,111,1,2019-03-20 01:40:24,2019-03-20 01:58:36,0 days 00:18:12,134.64206948969593,32.85693748006956,10880.38971426043,230.61837948129886,True,237.29150749947365,-0.12446159238073587,-0.9922244262373566,796.3361270794179,148.85514252818663,6688.466946375991,221.87457,9.471316e-05,23061.837948129887,1.0454224522221007,0.3621002685115124,9.05979805376521e-05,18309517895548.586,4.810717203355193e-07,57.18749,-15.153703,0.16512524,0.03988136,223.16734,55.708923,-15.049721,0.0048408768291358225,0.017288204083283226,0.0033498051046693235,1093.4695975449981,957.60614,135.86345740827937,-243.7121,243.7121,83075.49657336938,30081.65961594428,5.903717785679349e-07,0.00035671265823666615,38.30694926135986,0.8633502247660395,220396129.43364424,0.07181535468395558,3.761288207001092e-20,1.3973600713220559e-05,-6.5211873,0.8023146,-5.7188725,True,-1081002.0134700108,1202,0.30333333333333334,1028260.8525903078,3649566.380561497,,
557407,112,1,2019-03-20 01:40:25,2019-03-20 01:58:36,0 days 00:18:11,134.63954893483697,32.856671861824424,10880.702939672006,230.60702960915722,True,243.129641664508,-0.12067583965585169,-0.9926919671899007,790.7577172603574,148.6317628703941,6500.484512697023,221.87209,9.470338e-05,23060.70296091572,1.0455864470972056,0.36208651180871365,9.057441121197604e-05,18333912211167.906,5.082904791065777e-07,57.18674,-15.145534,0.16482243,0.039716788,223.16507,55.708355,-15.042247,0.004839326167707156,0.01729575274759174,0.003278716415889811,1093.4574751369541,957.5617,135.8957685939854,-243.69759,243.69759,82781.4900936263,29974.060990328733,6.003181717187791e-07,0.0003643063073885485,38.20874084017079,0.8639491847802305,221473570.84817097,0.07470926267058656,3.985990781523363e-20,1.3993797203941974e-05,-6.784017,0.8476947,-5.936322,True,-1141597.2812624807,1202,0.3030555555555556,1028026.1215449605,3649524.212109481,,
557408,113,1,2019-03-20 01:40:26,2019-03-20 01:58:36,0 days 00:18:10,134.63696515936772,32.85640798540695,10881.163175069893,230.5903535806222,True,243.7058208260412,-0.12030584464603768,-0.9927368753823963,786.9841799971585,148.35827656076927,6433.57727970329,221.8686,9.467672e-05,23059.03535806222,1.045670209692827,0.3620660129851773,9.054166106172702e-05,18217115663890.67,5.285596791543051e-07,57.187004,-15.137244,0.16452567,0.039513316,223.16179,55.708824,-15.034668,0.004837922114229514,0.017305297778173793,0.003266228652661793,1093.4449412962558,957.516,135.92895008531832,-243.68251,243.68251,82309.03561453815,29801.304357610792,6.083178787670894e-07,0.00037044081161723033,38.08926883184103,0.8643767650865111,221325830.48601535,0.07638475618660462,4.18574083563558e-20,1.4051991755903182e-05,-6.935774,0.8774431,-6.0583305,True,-1162337.902831076,1202,0.30277777777777776,1027785.4519230163,3649481.9255518676,,
557409,114,1,2019-03-20 01:40:27,2019-03-20 01:58:36,0 days 00:18:09,134.63437514997378,32.85614429433161,10881.553633653697,230.5762065894478,True,243.7148407623457,-0.12034502021922122,-0.9927321270657233,784.2775957308801,148.08830289505863,6381.768182043531,221.86559,9.465839e-05,23057.62065894478,1.045798941230037,0.3620487295766957,9.051299044134477e-05,18143549658133.43,5.534766057646671e-07,57.186726,-15.128899,0.16422115,0.039328005,223.15898,55.708744,-15.027033,0.004836387443534704,0.017314803164369362,0.003260716263561304,1093.4323645811946,957.47,135.96239387806963,-243.66739,243.66739,81932.18884893421,29663.444884194545,6.176089067731663e-07,0.00037758996846749013,37.971615190786295,0.8648637648004402,221445928.7983424,0.0783686934175965,4.4180726300448373e-20,1.4097945030317588e-05,-7.115554,0.9129942,-6.2025595,True,-1185903.7859159203,1202,0.3025,1027544.1957192047,3649439.634413996,,
557410,115,1,2019-03-20 01:40:28,2019-03-20 01:58:36,0 days 00:00:00,134.63178506484974,32.85588050763923,10881.946460376448,230.56197450571042,False,0.0,0.0,0.0,680.0559295297668,147.874924237183,0.0,221.86255,9.4639836e-05,23056.197450571042,1.0459261115602265,0.36203133428982515,9.048424628966452e-05,18019113421704.07,5.428889776003503e-07,57.186462,-15.120554,0.16391651,0.039142493,223.15616,55.70868,-15.019397,0.004834853112211306,0.017321738052308626,-0.0,1093.4197862359147,957.4241,135.99571397028967,-243.65227,243.65227,78982.16755212292,28594.01950399759,6.075727535044872e-07,0.00036988125875511566,37.877432851644876,0.8667555622727225,228141541.06131193,0.08724489683154107,4.3447992817210574e-20,1.4615947901253885e-05,-7.926526,1.0003737,-6.926152,True,0.0,1202,0.0,1027302.9319604957,3649397.3384200674,,
557411,123,1,2019-03-20 01:40:36,2019-03-20 01:58:36,0 days 00:18:00,134.61093696074363,32.853871195648395,10882.488514043634,230.54233710855888,True,234.27006085901198,-0.1272075522993254,-0.9918761206108424,787.2771191023757,148.7363401382869,6473.2789404089235,221.85526,9.4794756e-05,23054.23371085589,1.0485040099128102,0.3620124010383316,9.040953079102734e-05,18541670773666.82,8.659228263988331e-07,57.16423,-15.052246,0.16121064,0.038327646,223.15097,55.68755,-14.956714,0.004819026464501803,0.017265050736119582,0.0032972236972932025,1093.317030464317,957.0499,136.26710370650449,-243.52821,243.52821,82484.85977699216,29860.542137179033,7.133839847746984e-07,0.0004528226383825197,38.194606553379444,0.8703813537829351,224788777.2834491,0.09660356939860648,7.021670741140201e-20,1.4091318336843147e-05,-8.766013,1.2850943,-7.480919,True,-1379797.5299733644,1202,0.3,1025360.2405910491,3649069.771709048,,
557412,124,1,2019-03-20 01:40:37,2019-03-20 01:58:36,0 days 00:17:59,134.60844946123473,32.8536031749357,10882.885168237159,230.5279680686663,True,243.92346543490828,-0.12068889714317224,-0.9926903797792969,776.9374661013077,148.4422034667534,6183.2986493463695,221.85222,9.4775365e-05,23052.79680686663,1.0486218283834987,0.3619947893843687,9.038088143538541e-05,18426208474088.355,8.863498933652626e-07,57.16413,-15.044222,0.16091627,0.038145807,223.14813,55.687634,-14.949376,0.004817608085971017,0.01727583511714108,0.0031800829746265035,1093.305113345242,957.00635,136.29876568899203,-243.5141,243.5141,81825.35970990732,29620.35385448811,7.185116892457507e-07,0.00045693507154684186,38.06745431073752,0.8708477902458079,225189458.85987142,0.09791875238498476,7.245595841934223e-20,1.4157647925604315e-05,-8.884943,1.3111103,-7.5738325,True,-1435365.0618330706,1202,0.2997222222222222,1025128.6108808586,3649027.5733778984,,
557413,125,1,2019-03-20 01:40:38,2019-03-20 01:58:36,0 days 00:17:58,134.605857341758,32.85333840805035,10883.249460258365,230.51477200704693,True,243.93251681898076,-0.12072635165146035,-0.9926858254336705,774.4712276063539,148.2005415640909,6135.730178912935,221.84937,9.476047e-05,23051.477200704692,1.0487706152593166,0.3619787083314053,9.03538580102376e-05,18364696329327.984,9.118672967034275e-07,57.163624,-15.035857,0.1606056,0.037969913,223.1455,55.687313,-14.941719,0.0048160668399640375,0.017284192875087798,0.003174289782256519,1093.29251115212,956.9603,136.3321840036824,-243.49907,243.49907,81486.15751658138,29496.25404474156,7.251351146999873e-07,0.00046225575420014587,37.96196507785796,0.8712412253703213,225371975.91616717,0.09868529296870804,7.496805082572823e-20,1.4199163203898106e-05,-8.953573,1.3325248,-7.6210485,True,-1439779.9476372288,1202,0.29944444444444446,1024887.1522115907,3648985.2198333275,,
557414,126,1,2019-03-20 01:40:39,2019-03-20 01:58:36,0 days 00:17:57,134.60326514571034,32.85307354917584,10883.612826497152,230.5016100901733,True,244.54923034998305,-0.12032791886433965,-0.9927342000464058,770.6304621580616,147.9604098797522,6073.705269608963,221.84653,9.4745745e-05,23050.16100901733,1.0489194932264687,0.36196268048449937,9.032699394955611e-05,18257126443603.246,9.345166623999035e-07,57.163105,-15.027492,0.1602945,0.03779462,223.14287,55.68698,-14.934061,0.004814526349146035,0.017292507223322696,0.0031610139132600234,1093.279907273106,956.91437,136.36553959732464,-243.48404,243.48404,81015.0497618432,29324.424571381867,7.310976589073216e-07,0.00046705718695607686,37.85724600412034,0.871610492513084,225354751.95377913,0.09925898605838994,7.744528856750265e-20,1.4261138111803604e-05,-9.004655,1.3503519,-7.654303,True,-1442582.9805188107,1202,0.2991666666666667,1024645.6858758864,3648942.8618422938,,
557415,127,1,2019-03-20 01:40:40,2019-03-20 01:58:36,0 days 00:00:00,134.60066627494393,32.85280889662123,10883.78947057674,230.49521187656072,False,0.0,0.0,0.0,677.5141943706227,148.2999545216338,0.0,221.84491,9.475281e-05,23049.52118765607,1.0491810037761409,0.361955275318193,9.0311213538993e-05,4523809633487.775,6.340239556050856e-07,57.161167,-15.019016,0.1599644,0.037665904,223.1415,55.685192,-14.926292,0.004812715261990092,0.017274679948949965,-0.0,1093.2672574645997,956.8683,136.39897133178715,-243.46896,243.46896,78913.13510359424,28563.025542643212,1.0138706159844073e-06,0.00070518404089012,37.99199028863541,0.8882876564852039,57326446.7005282,0.030926281972335053,2.308650069209852e-19,1.4824408622866605e-05,-2.782935,0.5703424,-2.2125926,True,0.0,1202,0.0,1024403.5914965079,3648900.4996307795,,
557416,132,1,2019-03-20 01:40:45,2019-03-20 01:58:36,0 days 00:17:51,134.58760578813826,32.85148626544874,10884.548050196967,230.4677370487505,True,239.88068052386052,-0.12372632378669132,-0.9923163793882629,769.3545665624874,148.1279753569631,6055.760689528408,221.83765,9.480323e-05,23046.77370487505,1.0505664550685374,0.36192398584147223,9.024010961130826e-05,11471050501933.504,9.638975908669595e-07,57.150402,-14.97639,0.1582891,0.037053745,223.13548,55.675144,-14.887208,0.004803401828315828,0.017271648659272828,0.0031672544009256334,1093.203558492277,956.6361,136.5674500938394,-243.39311,243.39311,81016.12260664518,29321.678011218428,8.624214032542185e-07,0.0005751563025182525,37.89727373415974,0.8783243246546639,141589724.77155572,0.06633164496611399,1.3270685006350442e-19,1.4323305805167015e-05,-5.9924474,1.05242,-4.940027,True,-911705.3662746742,1202,0.2975,1023186.9000104107,3648688.5224300576,,
557417,133,1,2019-03-20 01:40:46,2019-03-20 01:58:36,0 days 00:17:50,134.58505765060386,32.851219334756685,10884.829972622558,230.45752683859456,True,240.4296735094438,-0.12339232697723382,-0.9923579664834377,767.0708998649915,148.06151323199765,6013.2792256027715,221.83536,9.479787e-05,23045.752683859457,1.0507613951581165,0.36191168158539394,9.021826469397623e-05,11351089513513.734,9.874955861096486e-07,57.14932,-14.968124,0.15797347,0.036901355,223.1334,55.674225,-14.879639,0.004801843399876304,0.017272293058882837,0.0031537857900210005,1093.1912346223394,956.5912,136.60004809890188,-243.37854,243.37854,80803.58089216382,29243.759838804417,8.716810929484188e-07,0.0005829550800076319,37.86468649907528,0.8788841618781446,140477555.4274296,0.06584712761800865,1.3777156624531084e-19,1.4355515757712455e-05,-5.947405,1.0549594,-4.8924456,True,-902311.9921073372,1202,0.2972222222222222,1022949.5694113823,3648646.196759056,,
557418,134,1,2019-03-20 01:40:47,2019-03-20 01:58:36,0 days 00:17:49,134.58250358127924,32.8509525151791,10885.044586914853,230.44975453102492,True,240.26111951020184,-0.12356195621653011,-0.9923368596277901,766.1448559950732,147.9924687273431,5988.11482097881,221.83351,9.4800365e-05,23044.975453102492,1.0509971884403688,0.36190247298492734,9.020039860689613e-05,11394442081651.688,1.0188921055702524e-06,57.14772,-14.95981,0.15765034,0.03676555,223.13179,55.672775,-14.872021,0.004800154878068099,0.017273237868921938,0.003148976059555417,1093.1788706143093,956.546,136.6328501064968,-243.36392,243.36392,80712.70278119238,29210.126737810944,8.793670924499423e-07,0.000589444575390012,37.83144967792441,0.8793782576808745,141172847.5075526,0.06618244346674006,1.4193234015499926e-19,1.4368561974102414e-05,-5.9768615,1.0687687,-4.9080925,True,-903471.801170108,1202,0.29694444444444446,1022711.6809800013,3648603.8598897643,,
557419,135,1,2019-03-20 01:40:48,2019-03-20 01:58:36,0 days 00:17:48,134.5799513650377,32.85068551622842,10885.313294110138,230.4400235353688,True,240.27194457515955,-0.12359468684877625,-0.9923327835876193,764.4442801889383,147.78327516131276,5953.484999216597,221.8313,9.479662e-05,23044.00235353688,1.0512017231258395,0.36189080985220506,9.017928350801321e-05,18220306251937.816,1.1935629581894512e-06,57.14653,-14.951527,0.15733232,0.0366168,223.1298,55.67174,-14.864432,0.004798478622977314,0.017280539369828936,0.003142992351523699,1093.1665179398417,956.501,136.6655413773417,-243.34933,243.34933,80457.4228818708,29116.801925341562,7.918783368357408e-07,0.0005165389957553009,37.74051898739406,0.8756613195932502,226458984.1348664,0.10451374549115369,1.0117979157283072e-19,1.4363155823019253e-05,-9.47153,1.5289547,-7.9425755,True,-1458868.712843554,1202,0.2966666666666667,1022473.9663077137,3648561.518279539,,
557420,136,1,2019-03-20 01:40:49,2019-03-20 01:58:36,0 days 00:17:47,134.57739905156302,32.85041843448225,10885.545142606572,230.43162761259515,True,244.5594291033424,-0.14332091543816944,-0.9896762678765038,785.1988570606345,147.68386123120305,6616.067457083635,221.82933,9.4797164e-05,23043.162761259515,1.0514276222199197,0.3618808435539182,9.016042750574618e-05,18432819035279.13,1.2543170512135151e-06,57.145058,-14.943226,0.15701044,0.036477275,223.12808,55.67042,-14.856828,0.00479667904131503,0.01728284960748423,0.0034731767978714062,1093.1541634057091,956.45593,136.69823078852164,-243.33476,243.33476,81035.31573622863,29325.12841628452,8.038947296756354e-07,0.0005264399155195435,37.69479865909572,0.8758036081006428,227466492.4522325,0.10342991976138122,1.0551463591997738e-19,1.4336708960720427e-05,-9.370661,1.5341948,-7.836466,True,-1504832.6692409774,1202,0.29638888888888887,1022236.2419701624,3648519.172956393,,
557421,137,1,2019-03-20 01:40:50,2019-03-20 01:58:36,0 days 00:17:46,134.5748081592924,32.850103202916465,10885.90978138258,230.41842346046766,True,245.3834658185331,-0.14274630136441954,-0.9897593108664239,781.9573695706438,147.56243029649022,6558.2038650490795,221.82654,9.47842e-05,23041.842346046767,1.051589590681749,0.3618646578784267,9.013421109729774e-05,18349202208753.19,1.277663154411235e-06,57.14463,-14.934795,0.15669209,0.036301695,223.12549,55.67016,-14.849122,0.004795253336851033,0.01728603012811912,0.0034557970739444114,1093.1421709162726,956.4118,136.7303667170538,-243.32101,243.32101,80715.24206614977,29207.993455841683,8.089983836378794e-07,0.000530662560979767,37.63976160837997,0.8761541685734616,227332555.0298814,0.10356099801158981,1.0814291268244537e-19,1.4378846392270663e-05,-9.381378,1.545005,-7.8363733,True,-1503661.1869755448,1202,0.2961111111111111,1021995.182750163,3648471.2938615666,,
557422,138,1,2019-03-20 01:40:51,2019-03-20 01:58:36,0 days 00:17:45,134.5722083267649,32.849788176924385,10886.171650176188,230.40894115144147,True,245.37872709957117,-0.1427953770148743,-0.9897522317747912,780.2460951364546,147.44211550622106,6521.956178430512,221.82442,9.478318e-05,23040.894115144147,1.0518132124437558,0.36185322916843204,9.011407957116918e-05,18328772814714.55,1.3073038631572715e-06,57.143414,-14.926292,0.15636243,0.036151156,223.1236,55.669086,-14.841345,0.004793575325308268,0.017289391319838827,0.0034490938330764636,1093.130118483569,956.36755,136.76256477263155,-243.30719,243.30719,80525.96757254975,29138.581398039572,8.14862887656605e-07,0.0005355200426733804,37.58571454713638,0.876550012642467,227613195.68375593,0.10384772827872245,1.109810206916075e-19,1.4403296996521856e-05,-9.406205,1.5594589,-7.8467464,True,-1502326.3218502752,1202,0.29583333333333334,1021753.282793954,3648423.3994065393,,
557423,139,1,2019-03-20 01:40:52,2019-03-20 01:58:36,0 days 00:00:00,134.5696085723107,32.84947304872853,10886.437000945709,230.39933308184533,False,0.0,0.0,0.0,671.468728626574,147.39662960969594,0.0,221.82228,9.478178e-05,23039.933308184533,1.0520348381232247,0.36184162493111377,9.009376790733235e-05,18305530591365.875,1.3042974033112469e-06,57.14222,-14.917791,0.15603274,0.036000043,223.12169,55.668037,-14.833569,0.004791897903002678,0.01728930715690276,-0.0,1093.1180654012896,956.32324,136.79482321378964,-243.29338,243.29338,77732.60569632328,28126.892355287167,8.050435437210643e-07,0.0005274077634135948,37.5623448859654,0.8795928441551292,235493592.7772677,0.12016058868924881,1.1051516965982809e-19,1.4894445271010755e-05,-10.895341,1.7824087,-9.112932,True,0.0,1202,0.0,1021511.3894399458,3648375.5001946404,,
557424,144,1,2019-03-20 01:40:57,2019-03-20 01:58:36,0 days 00:17:39,134.55652720529196,32.84819396874278,10886.845299413608,230.38454966154836,True,237.33939238932072,-0.12601564460304704,-0.9920282542928295,759.8476822678792,147.87932820158585,5827.397408337874,221.81728,9.487181e-05,23038.454966154837,1.0536266668723209,0.3618265761656524,9.004309680343223e-05,18598151283554.355,1.5036977862008797e-06,57.128517,-14.875069,0.15430644,0.03548447,223.11798,55.654972,-14.794356,0.0047821628147553955,0.017257365448310545,0.003107763345705178,1093.0535508958217,956.0888,136.96474474347792,-243.21675,243.21675,80297.95447641656,29053.933941307227,8.48814118534862e-07,0.0005638021768505,37.73891707880149,0.8797174333764265,231614259.72583917,0.10880893403006166,1.2714149543245081e-19,1.4413845983634293e-05,-9.850405,1.6946492,-8.155756,True,-1470852.6790213287,1202,0.2941666666666667,1020292.4207160724,3648168.628579796,,
557425,145,1,2019-03-20 01:40:58,2019-03-20 01:58:36,0 days 00:17:38,134.55400688857662,32.84792497998104,10887.14992138141,230.37352059663434,True,237.47951221218614,-0.12596239301107556,-0.9920350172987461,757.7630126928991,147.71962909743817,5786.820333382274,221.81483,9.486399e-05,23037.352059663433,1.0538114922658124,0.361813227891763,9.001988901963504e-05,18554310716338.965,1.5297372421456602e-06,57.12762,-14.866903,0.1539926,0.035330087,223.11577,55.65423,-14.786879,0.004780492992454128,0.017262476029942006,0.0030999670892986543,1093.0413960812068,956.0445,136.99690145230056,-243.20255,243.20255,80043.54488163354,28960.813345523038,8.534438269638329e-07,0.0005676869825884981,37.668602271430515,0.8800594887711288,231802711.18397656,0.10888634292854826,1.2982919501747727e-19,1.4447394753008452e-05,-9.856224,1.7041904,-8.152034,True,-1467019.1839237958,1202,0.29388888888888887,1020057.6978634268,3648126.2844368,,
557426,146,1,2019-03-20 01:40:59,2019-03-20 01:58:36,0 days 00:17:37,134.55148507413935,32.84765594609961,10887.436815613464,230.36313376851743,True,237.47965002487626,-0.12600477540785568,-0.9920296349275136,755.9333661577145,147.56084274751987,5749.736438197885,221.81252,9.485825e-05,23036.313376851744,1.0540041159837732,0.3618006882318195,8.999799091134404e-05,18521299800145.9,1.55655144107997e-06,57.126583,-14.8587265,0.15367655,0.03518018,223.11366,55.653343,-14.779387,0.00477893491788933,0.017267561163601543,0.003093817783494176,1093.0292303664276,956.0001,137.02910829611506,-243.18834,243.18834,79812.61120722967,28876.25766435432,8.580744946453221e-07,0.0005715776830532899,37.59873702172809,0.8803903377145247,232059815.10937187,0.1089826780291259,1.3252371140245291e-19,1.4477377036902652e-05,-9.863766,1.7140266,-8.149739,True,-1463062.8799698271,1202,0.2936111111111111,1019822.8338107805,3648083.933697764,,
557427,147,1,2019-03-20 01:41:00,2019-03-20 01:58:36,0 days 00:17:36,134.548963279568,32.84738682154951,10887.7236643866,230.35274896533468,True,236.11858532014028,-0.1269705481530963,-0.9919064874783823,756.4679776420177,147.4014778927324,5744.058949404714,221.8102,9.4852556e-05,23035.27489653347,1.0541988062617655,0.36178817368666677,8.997596583548238e-05,18595645850982.777,1.5854920304737299e-06,57.12554,-14.850549,0.15336019,0.03503057,223.11156,55.652454,-14.771897,0.004777377678759365,0.017272685053623556,0.0031034650953815626,1093.0170636620094,955.9558,137.06125311513438,-243.17413,243.17413,79792.83323038404,28868.103407705417,8.621265795877573e-07,0.0005749876783698164,37.52870081647919,0.8806809773238379,233049073.4336001,0.10936050396416408,1.3460976970671548e-19,1.447354954507521e-05,-9.897023,1.7272239,-8.1698,True,-1459287.0327468934,1202,0.29333333333333333,1019587.9711097062,3648041.578811653,,
557428,148,1,2019-03-20 01:41:01,2019-03-20 01:58:36,0 days 00:17:35,134.5464562598778,32.84711718918016,10888.181060497136,230.33619061091446,True,248.92683623016362,-0.11853411489641433,-0.9929499804147859,743.8577425658983,147.04835801584414,5395.450851762471,221.80675,9.482738e-05,23033.619061091445,1.0542988964009443,0.36176778269216203,8.994354569314421e-05,18390164413306.17,1.6027635491083829e-06,57.125805,-14.842485,0.15306161,0.03484128,223.10829,55.652897,-14.764519,0.004776086169682685,0.017286460626350367,0.0029534883338158072,1093.0049920541067,955.9118,137.0931878548879,-243.16006,243.16006,78937.62145162882,28557.088283549,8.653263754734908e-07,0.000577688881247961,37.378893414658975,0.8811249500239566,232970845.5248458,0.10999609714365216,1.3772402772569148e-19,1.4579698294423026e-05,-9.953854,1.742999,-8.210855,True,-1520412.4719740958,1202,0.29305555555555557,1019354.4956026571,3647999.2463117368,,
557429,149,1,2019-03-20 01:41:02,2019-03-20 01:58:36,0 days 00:17:34,134.54381047162178,32.846851814373046,10888.503554331714,230.3245164796739,True,248.92702623051198,-0.11857333315550074,-0.9929452979214891,741.858227843689,146.8582468244096,5356.002334294332,221.80415,9.481853e-05,23032.451647967388,1.0544879781843004,0.36175368631638377,8.991902739515054e-05,18344914066971.977,1.629807270904862e-06,57.124832,-14.833938,0.15273263,0.034681026,223.10593,55.652092,-14.756684,0.004774420558670727,0.017292855200631535,0.0029471258857220587,1092.9920102551155,955.86456,137.12744726683422,-243.14478,243.14478,78672.09842386346,28459.921615077972,8.698922091735968e-07,0.0005815400602193385,37.29609682733598,0.8814579120135205,233181959.4811704,0.11003176661622907,1.4058197653878903e-19,1.461469153616578e-05,-9.955817,1.7518299,-8.203987,True,-1515049.6832456517,1202,0.2927777777777778,1019107.9834579977,3647956.7074837442,,
557430,150,1,2019-03-20 01:41:03,2019-03-20 01:58:36,0 days 00:00:00,134.54116470176052,32.84658635157333,10888.82773154827,230.31278189363442,False,0.0,0.0,0.0,665.2494090400645,146.72604195916796,0.0,221.80154,9.480955e-05,23031.278189363442,1.0546792640963687,0.3617395168511473,8.989419894567541e-05,18292155524994.62,1.635912661946079e-06,57.12387,-14.82539,0.15240347,0.034520708,223.10353,55.651295,-14.748849,0.004772870663971389,0.017296627120929286,-0.0,1092.9790272071875,955.81744,137.16158335953128,-243.1295,243.1295,76662.25346812271,27731.766530278903,8.643141166933831e-07,0.0005768532236344832,37.23709798968157,0.8839996244390754,238607067.98295158,0.12233477642980531,1.4127548768887962e-19,1.5070767367972445e-05,-11.07731,1.9344988,-9.142811,True,0.0,1202,0.0,1018861.4725018328,3647914.1653780164,,
557431,156,1,2019-03-20 01:41:09,2019-03-20 01:58:36,0 days 00:17:27,134.5253293106469,32.844989430410706,10888.667431975015,230.3185843665514,True,235.81173892415526,-0.12763682585025382,-0.9918209720946981,749.7294705586298,148.32867068882445,5595.306339690061,221.79988,9.4994284e-05,23031.85843665514,1.056980877463557,0.3617513382196522,8.987322872135579e-05,4714026572228.161,1.5664838857605941e-06,57.102287,-14.773444,0.15022615,0.03405466,223.10356,55.630306,-14.701148,0.00476001146724343,0.01721345587701843,0.0030319377588889636,1092.9013708772052,955.5353,137.36609255689268,-243.03836,243.03836,79953.30548378827,28923.215253845065,1.3576073380495308e-06,0.0010189524908731545,37.87200342902722,0.9062359561787253,58959745.86296499,0.07092911765721481,5.903447768350659e-19,1.4706179274821098e-05,-6.3618035,1.6845611,-4.6772423,True,-826673.7288323295,1202,0.29083333333333333,1017386.0868211549,3647658.7798959524,,
557432,157,1,2019-03-20 01:41:10,2019-03-20 01:58:36,0 days 00:17:26,134.52282582861358,32.84471873513863,10888.862667344016,230.31151731453298,True,235.93634870880865,-0.1275982072070823,-0.991825941139643,748.5002919785965,148.2981355789475,5567.474278437156,221.79819,9.499902e-05,23031.151731453298,1.057223503051179,0.3617429904021766,8.985708369953789e-05,4707647787419.907,1.5944173135436918e-06,57.100563,-14.765296,0.1499002,0.03392861,223.1021,55.628708,-14.69368,0.004758318434051603,0.017212991648632953,0.003023457820943302,1092.8893134761925,955.4914,137.3979194332237,-243.02443,243.02443,79854.07216185817,28886.65085962178,1.3656699774592798e-06,0.0010265918806187748,37.855391339363244,0.9068171674603919,58953133.63453601,0.07249244111033003,6.026041816482494e-19,1.4724112637615618e-05,-6.50165,1.7301552,-4.771495,True,-842496.3588198012,1202,0.29055555555555557,1017152.9397601339,3647616.4009811166,,
557433,158,1,2019-03-20 01:41:11,2019-03-20 01:58:36,0 days 00:17:25,134.52032101862835,32.844447978735005,10889.04244618127,230.30500990717272,True,235.104220843303,-0.128222807969756,-0.9917453864356268,749.3727113966006,148.26341107192218,5561.484781980382,221.79659,9.5005526e-05,23030.50099071727,1.0574779977599902,0.3617353883154824,8.984160966955494e-05,4746163367551.24,1.628244012173645e-06,57.098717,-14.757138,0.1495723,0.03380628,223.10072,55.626984,-14.686202,0.00475662279361444,0.017212767647113984,0.0030263476229341816,1092.8772464341607,955.4474,137.42985873884822,-243.01048,243.01048,79959.14468381029,28924.052251571953,1.3721218064155275e-06,0.0010327146249516483,37.837173079572466,0.9073042596640888,59357355.38842274,0.07424258115602404,6.111353142823539e-19,1.4707032395477197e-05,-6.6584387,1.7787203,-4.8797183,True,-859557.6732513054,1202,0.2902777777777778,1016919.6674993933,3647574.0144907385,,
557434,159,1,2019-03-20 01:41:12,2019-03-20 01:58:36,0 days 00:17:24,134.51782525708916,32.844176857204076,10889.492396026451,230.2887238433994,True,234.14975024236438,-0.12886462952399852,-0.9916621941254202,748.1568682910661,147.52193368752353,5533.202408820259,221.79318,9.498155e-05,23028.87238433994,1.0575874050377871,0.3617153563586857,8.980964672623263e-05,18848600860571.97,1.970571172776932e-06,57.09891,-14.749107,0.1492709,0.033622153,223.09752,55.62735,-14.678851,0.004755214026460521,0.017244337932838413,0.003035153830056918,1092.865237553211,955.4036,137.4616120649298,-242.99663,242.99663,79406.79197665992,28722.656057137567,9.21212636630465e-07,0.0006251253808560306,37.528371386366835,0.8855108251870858,237367615.43158862,0.11219775576457995,1.6790712069956905e-19,1.456537192588751e-05,-10.139714,1.8797727,-8.259941,True,-1447021.016628611,1202,0.29,1016687.244691836,3647531.6376430527,,
557435,160,1,2019-03-20 01:41:13,2019-03-20 01:58:36,0 days 00:17:23,134.51533984307684,32.8439054849111,10889.89854069349,230.27402412142104,True,243.84501681806842,-0.12228131333233919,-0.992495481304433,738.7641950365435,147.2215907434456,5255.7281305096285,221.79008,9.496251e-05,23027.402412142103,1.0577173380854261,0.3616973272634834,8.978061210509423e-05,18726344907701.45,1.9906728965723785e-06,57.09879,-14.741091,0.14896633,0.0334488,223.0946,55.62739,-14.671512,0.004753912023714406,0.01725586731562422,0.0029166789706964466,1092.853293442877,955.36017,137.49312498584572,-242.98286,242.98286,78780.29029426447,28494.620440476803,9.238836304494638e-07,0.0006274205787923146,37.40070638261934,0.8859084538597143,237703426.0441765,0.11290941533532237,1.7085023734598753e-19,1.4643301789472436e-05,-10.2034445,1.8964816,-8.306963,True,-1496489.6209278689,1202,0.2897222222222222,1016455.7924737835,3647489.289458008,,
557436,161,1,2019-03-20 01:41:14,2019-03-20 01:58:36,0 days 00:17:22,134.51274934924675,32.84363731124849,10890.264413682024,230.26078261552186,True,243.85088097975597,-0.12231313135245303,-0.9924915606184053,736.4423415492296,146.97266486879542,5211.939612368981,221.78722,9.494875e-05,23026.078261552186,1.0578823205558912,0.36168118870109434,8.975360431559041e-05,18663051280879.0,2.0155303295993e-06,57.098198,-14.732735,0.14864449,0.03328265,223.09193,55.626965,-14.663855,0.004752484998986688,0.017265051179845965,0.002910798603405693,1092.840658816672,955.31415,137.52651086745323,-242.96817,242.96817,78448.29938454801,28373.274172982652,9.27440519320178e-07,0.0006304752868744808,37.294175276875905,0.886164671135186,237902560.37793815,0.11291757979006585,1.7373868352026291e-19,1.4685967040799703e-05,-10.203007,1.9031239,-8.299883,True,-1490549.3412899252,1202,0.28944444444444445,1016214.4683634257,3647446.786476162,,
557437,162,1,2019-03-20 01:41:15,2019-03-20 01:58:36,0 days 00:17:21,134.51015881116388,32.84336906136023,10890.629191047376,230.24758137570905,True,244.57254789120478,-0.12188697340981951,-0.9925439867900033,732.6013964708704,146.72552103414552,5153.738099459918,221.78435,9.4935174e-05,23024.758137570905,1.0580489186445663,0.3616651351624836,8.972663985739194e-05,18544616941137.508,2.0376178550805688e-06,57.097595,-14.724378,0.14832222,0.03311713,223.0893,55.626522,-14.656196,0.004750827511087153,0.01727422781025944,0.0028970577614264854,1092.8280225053816,955.26825,137.55977299366282,-242.9535,242.9535,77966.26313717857,28197.67909562145,9.308651323487969e-07,0.0006334197674746498,37.18861149873329,0.8864401776845731,237854376.94389668,0.1128294109312742,1.7692869699916443e-19,1.4755632579138007e-05,-10.193825,1.9079006,-8.285924,True,-1484665.6762114894,1202,0.2891666666666667,1015973.1394912556,3647404.280952451,,
557438,163,1,2019-03-20 01:41:16,2019-03-20 01:58:36,0 days 00:00:00,134.5075604745494,32.843100954550074,10890.758830017821,230.2428899078246,False,0.0,0.0,0.0,662.6885537127639,147.190627238947,0.0,221.78305,9.494809e-05,23024.28899078246,1.058342529505464,0.36165989627483897,8.97139503066705e-05,5324269288764.319,1.7386754015509738e-06,57.09521,-14.715915,0.14797632,0.03300538,223.08824,55.62426,-14.648431,0.004749006089858199,0.017250929519856923,-0.0,1092.8153339091505,955.22217,137.59316594040047,-242.93877,242.93877,76608.94942227172,27706.384701783176,1.3305365341821262e-06,0.0009935063669927128,37.37427810084139,0.9103244758425617,69499312.14193691,0.08404098983175837,5.770116951131345e-19,1.532218636827127e-05,-7.5430355,1.9576708,-5.585365,True,0.0,1202,0.0,1015731.0775423297,3647361.759224203,,
557439,168,1,2019-03-20 01:41:21,2019-03-20 01:58:36,0 days 00:17:15,134.49451245472142,32.84175989165913,10891.510335559378,230.21569541209686,True,239.3610105416168,-0.12560620313763263,-0.9920801790850111,732.706219916389,147.05956072037455,5149.324453726711,221.77724,9.4982155e-05,23021.569541209687,1.0593683939957508,0.3616266544611151,8.965923060511822e-05,8838335079573.684,1.9630524570121716e-06,57.08342,-14.673234,0.14590226,0.032331817,223.08359,55.612766,-14.609681,0.004740380180351167,0.017251441418948295,0.00290377788223146,1092.7515138916074,955.0712,137.68028586426362,-242.91322,242.91322,78198.92574900361,28278.815901065325,1.1781165023686573e-06,0.0008523297796459255,37.30885462550401,0.8991600072681758,113023740.3508871,0.07865923727754308,3.802097188206785e-19,1.4843442029746624e-05,-7.068798,1.6472789,-5.4215193,True,-950096.9463414159,1202,0.2875,1014515.4728366075,3647148.9089495586,,
557440,169,1,2019-03-20 01:41:22,2019-03-20 01:58:36,0 days 00:17:14,134.49197072197592,32.841489492860724,10891.842305109203,230.20368336218635,True,240.42431215312953,-0.12499530336580414,-0.9921573333582182,729.9088870455225,147.0125233710562,5101.496441771398,221.77525,9.4963245e-05,23020.368336218635,1.0593639554846976,0.3616110252482186,8.96417557228954e-05,8649981907801.146,1.973792228565142e-06,57.082386,-14.664902,0.14542198,0.032134537,223.08177,55.61174,-14.602235,0.004739178395213912,0.017253077472785597,0.002883356204695141,1092.739189270107,955.0639,137.67528546151334,-242.92159,242.92159,77944.21475384304,28185.487409304507,1.1874571495740047e-06,0.0008608642061315688,37.2885277422477,0.8997520651650025,110976573.88837391,0.07949893651135836,3.914051336993064e-19,1.4889310678388319e-05,-7.1439943,1.6766256,-5.4673686,True,-958755.4863202586,1202,0.2872222222222222,1014278.7250190381,3647106.446591953,,
557441,170,1,2019-03-20 01:41:23,2019-03-20 01:58:36,0 days 00:17:13,134.48941750584873,32.84121921342734,10892.039954781883,230.19653180952943,True,240.04898698978093,-0.12527929147100597,-0.9921215142957654,729.6257526648182,146.95672558071203,5082.841334459453,221.77417,9.495939e-05,23019.653180952944,1.0594320957179637,0.36160154422762636,8.963235024261862e-05,8689322716772.5205,1.9980296836995666e-06,57.08033,-14.656488,0.14492655,0.031967286,223.08089,55.609665,-14.594709,0.004737716947169872,0.017255437839118072,0.0028783582014844074,1092.7267899295578,955.0565,137.67027137487025,-242.92998,242.92998,77922.43208833369,28176.871773113806,1.1903744953562515e-06,0.0008635363119371214,37.26532531780339,0.9000331197726067,111512468.02618036,0.08060956296341865,3.94661890126697e-19,1.489113781159369e-05,-7.2442093,1.7037474,-5.540462,True,-969629.1203929109,1202,0.28694444444444445,1014040.8987629048,3647063.947289761,,
557442,171,1,2019-03-20 01:41:24,2019-03-20 01:58:36,0 days 00:17:12,134.48686837679412,32.84094874306844,10892.3639061856,230.18481067389308,True,239.88726653639625,-0.12540377276655684,-0.9921057875931949,727.9588960613974,146.56630369629855,5049.394279635975,221.77223,9.494155e-05,23018.481067389308,1.0594352210254576,0.3615863049950376,8.961524605694851e-05,18681245038274.234,2.273095176389607e-06,57.079224,-14.648126,0.14444338,0.03177255,223.07913,55.608562,-14.5872345,0.004736398206983949,0.01727302721251119,0.002873166679427352,1092.7144159285917,955.04926,137.66516055749798,-242.93842,242.93842,77559.3843279313,28044.411196826706,9.613172340468088e-07,0.0006596852730121286,37.10536670333408,0.8891852131304477,240863761.36364707,0.1151217343512395,1.9754941685716318e-19,1.483517900804315e-05,-10.396616,2.0042517,-8.3923645,True,-1465555.3565213277,1202,0.2866666666666667,1013803.455759044,3647021.452711965,,
557443,172,1,2019-03-20 01:41:25,2019-03-20 01:58:36,0 days 00:17:11,134.48432101245743,32.84067818632076,10892.628571916783,230.17523495760827,True,243.73384095364534,-0.13407307659135853,-0.9909714476882409,735.4218504486196,146.42338101339283,5307.799705360223,221.7707,9.493035e-05,23017.523495760826,1.0594682480059137,0.3615737478681992,8.960188329711596e-05,18751426658808.508,2.296567833336808e-06,57.07768,-14.639748,0.14395462,0.031591564,223.07779,55.60701,-14.579743,0.004735066537439252,0.01727932296756512,0.0030128274916569214,1092.7020516201037,955.04193,137.66012046775995,-242.94691,242.94691,77720.94558610256,28101.853583427477,9.640672457110057e-07,0.0006620706385444605,37.046534100335165,0.889149323947733,241266064.345999,0.1144884520479727,1.989851963644541e-19,1.4810819971430477e-05,-10.338858,1.9987078,-8.34015,True,-1494951.2802089646,1202,0.2863888888888889,1013566.1776564666,3646978.9631028003,,
557444,173,1,2019-03-20 01:41:26,2019-03-20 01:58:36,0 days 00:17:10,134.4817357712758,32.84038428910227,10893.040593524347,230.16032848633984,True,244.80235409821086,-0.1334398551812374,-0.9910569131231619,732.0302347252288,146.27875252132375,5251.021034364318,221.76822,9.490375e-05,23016.032848633982,1.059432593531274,0.3615543696311431,8.957979015678339e-05,18640631335001.77,2.3103420686356883e-06,57.07723,-14.631261,0.1434696,0.031375628,223.07547,55.60657,-14.5721655,0.004733880305749949,0.017285477825210692,0.0029925267056974503,1092.689742287178,955.03534,137.65440293170923,-242.95604,242.95604,77358.89143353657,27969.445227616354,9.66378350608064e-07,0.0006640816699996281,36.98655526487344,0.8893640781726102,240963010.0635167,0.11443517220433329,2.0148628953196452e-19,1.4865914467001791e-05,-10.333909,2.002399,-8.331511,True,-1493026.9931540794,1202,0.2861111111111111,1013325.4820386698,3646933.7022357974,,
557445,174,1,2019-03-20 01:41:27,2019-03-20 01:58:36,0 days 00:17:09,134.47913897913833,32.840090497123725,10893.31460999266,230.1504153162305,True,245.0163977794234,-0.13333811457177536,-0.9910706065676874,729.9060397921489,146.13545410882895,5212.015108256678,221.76665,9.4892566e-05,23015.04153162305,1.0594705259542552,0.3615413706959793,8.956602750365941e-05,18596311602653.77,2.330428128265112e-06,57.07572,-14.622693,0.14296915,0.031190213,223.07408,55.60505,-14.564508,0.0047325510769533705,0.017291899769861525,0.0029813522398474813,1092.6773578645518,955.02875,137.64861030595807,-242.96524,242.96524,77108.69356756627,27877.98276499415,9.688817295889412e-07,0.0006662569384980933,36.927839235395616,0.889589472798071,241170103.42496344,0.1146058469316495,2.0385426039521556e-19,1.490245869587642e-05,-10.349314,2.0102985,-8.339015,True,-1491332.6707794713,1202,0.28583333333333333,1013083.7015805257,3646888.402843874,,
557446,175,1,2019-03-20 01:41:28,2019-03-20 01:58:36,0 days 00:00:00,134.47653988841114,32.839796672332255,10893.513926027179,230.14320482172923,False,0.0,0.0,0.0,656.7524881094878,146.2673533412502,0.0,221.76558,9.48897e-05,23014.320482172923,1.0595457669557973,0.36153177419356686,8.955696157634124e-05,11294578872733.049,2.1438491364402624e-06,57.07365,-14.614093,0.14246094,0.031021511,223.07321,55.60295,-14.55682,0.004731089948438125,0.017285653606608782,-0.0,1092.6649572508675,955.02216,137.64280148914872,-242.9745,242.9745,75446.48501789717,27276.301585188725,1.1046310304181453e-06,0.0007859547347311651,36.981166997536796,0.8996753241562606,149703181.9315875,0.09210606120525777,3.1947204434417375e-19,1.539115691412071e-05,-8.292632,1.8209293,-6.4717026,True,0.0,1202,0.0,1012841.7045897825,3646843.0947811287,,
557447,180,1,2019-03-20 01:41:33,2019-03-20 01:58:36,0 days 00:17:03,134.46349059610316,32.83842544845239,10893.98687323873,230.1260961260793,True,240.48119195770914,-0.12542512604795145,-0.992103088270496,719.7901557205086,146.9587074335139,4837.4426953439615,221.7636,9.493078e-05,23012.60961260793,1.060189464977481,0.3615081369212683,8.95413345748926e-05,5387898606471.621,2.1573438063846067e-06,57.05908,-14.570887,0.13986708,0.030299455,223.07234,55.588158,-14.518142,0.004722753706845424,0.017254219604106853,0.0027761513158370424,1092.6013631724402,954.98553,137.61582850447144,-243.01903,243.01903,77319.3816693976,27951.58561520839,1.428289194907339e-06,0.0010864742396658599,37.2636994367912,0.9136441060319188,69683674.26306137,0.10022617647280589,7.204489662533629e-19,1.5110343856001159e-05,-8.995294,2.4814386,-6.513855,True,-1126856.63896403,1202,0.2841666666666667,1011626.0895668538,3646627.2588597066,,
557448,181,1,2019-03-20 01:41:34,2019-03-20 01:58:36,0 days 00:17:02,134.460937003575,32.83815417551561,10894.165673476424,230.11962835992384,True,240.47282459412807,-0.1254719375897462,-0.9920971690703864,718.8491431937614,146.92068906730736,4813.188520693722,221.76263,9.4929506e-05,23011.962835992384,1.0602715615541076,0.36149955161362646,8.953320049874608e-05,5406955371770.44,2.1799185863373194e-06,57.05688,-14.562449,0.13936624,0.030140173,223.07158,55.585934,-14.5105915,0.004721288940684758,0.017255919043089957,0.0027669608845575073,1092.5889482427147,954.97864,137.61031054740215,-243.02795,243.02795,77239.43926171324,27922.02265999727,1.4310631755714867e-06,0.001089141017851073,37.24808997337976,0.9139376011879186,70002519.741888,0.10130743089647114,7.25775785775739e-19,1.512437437116093e-05,-9.0928335,2.512374,-6.5804596,True,-1136853.5143873226,1202,0.2838888888888889,1011388.2217734484,3646584.71394486,,
557449,182,1,2019-03-20 01:41:35,2019-03-20 01:58:36,0 days 00:17:01,134.4583835229373,32.83788281078694,10894.344445661794,230.11316175566844,True,239.68851081181276,-0.1259960264782145,-0.9920307461524068,719.5541162241844,146.88218584371415,4804.065334206996,221.76169,9.492828e-05,23011.316175566844,1.0603540487388203,0.36149092369113495,8.952507587424496e-05,5443601758004.482,2.2059625909072076e-06,57.054684,-14.55401,0.13886508,0.029981228,223.07083,55.583702,-14.50304,0.004719823380202968,0.01725773765729653,0.0027659681308495076,1092.5765328508016,954.97174,137.6047921281454,-243.03693,243.03693,77325.82947751023,27952.58552300836,1.4340312403461502e-06,0.0010919952593699286,37.23249300713067,0.9142334298118487,70398232.96803719,0.10253100005634738,7.298830032022212e-19,1.5107627481631461e-05,-9.203218,2.5471866,-6.6560316,True,-1147333.4893285355,1202,0.2836111111111111,1011150.3639324179,3646542.1653462215,,
557450,183,1,2019-03-20 01:41:36,2019-03-20 01:58:36,0 days 00:17:00,134.45583855234815,32.83761120192561,10894.783079275796,230.0972959847283,True,239.60177934600605,-0.12605609258879097,-0.9920231154167962,717.0003692989022,146.15567982605927,4760.663286707622,221.75899,9.489871e-05,23009.72959847283,1.0603098474820447,0.36147041382330836,8.950092032109388e-05,18814838899215.652,2.5432284250157384e-06,57.054447,-14.545663,0.13838872,0.029768055,223.06828,55.58349,-14.49558,0.0047187589362692964,0.017290815631874713,0.002762033233652488,1092.5641708822388,954.9649,137.5992660970826,-243.04594,243.04594,76676.84254862224,27716.410006715138,9.917174743589438e-07,0.0006861406503401178,36.935745977448775,0.8923466435834182,245378373.36331117,0.1194424845741162,2.2118960853983754e-19,1.4987373422208127e-05,-10.788168,2.1408293,-8.647339,True,-1485479.9898702826,1202,0.2833333333333333,1010913.304350634,3646499.6369269,,
557451,184,1,2019-03-20 01:41:37,2019-03-20 01:58:36,0 days 00:16:59,134.45329452761155,32.83733956167482,10895.072806736305,230.08681676859203,True,244.29474902188227,-0.12294650752311702,-0.9924132991288801,712.5628858841276,145.98655568808775,4621.068522574807,221.7573,9.488547e-05,23008.681676859203,1.0603366157834808,0.36145670196265145,8.94861790075511e-05,18770024817798.23,2.5619254590067425e-06,57.0531,-14.537278,0.13789868,0.029587025,223.06677,55.582127,-14.48808,0.004717431779608603,0.017298525773708533,0.002699460562313742,1092.5518128754886,954.9582,137.59362195751987,-243.055,243.055,76367.37832516816,27603.500706949355,9.935794953296309e-07,0.0006877719433807994,36.866746902044326,0.8926361970642295,245785900.07210255,0.12004689897640292,2.2345067666340403e-19,1.5032370918051347e-05,-10.843116,2.1554646,-8.687651,True,-1512219.1361862072,1202,0.28305555555555556,1010676.3325678436,3646457.115539908,,
557452,185,1,2019-03-20 01:41:38,2019-03-20 01:58:36,0 days 00:16:58,134.45069966181705,32.837069431880714,10895.360695736075,230.0764044309268,True,244.42394590553744,-0.12291248141040591,-0.9924175139091089,710.7982797517168,145.84123014244645,4586.335768742281,221.7556,9.487269e-05,23007.64044309268,1.0603707239797364,0.3614431171377005,8.947124454234401e-05,18731520838981.406,2.581770423512307e-06,57.05165,-14.52873,0.13739853,0.02940493,223.06526,55.58067,-14.4804325,0.0047161050845315345,0.017305048902955103,0.0026894390953415056,1092.5391189425468,954.9511,137.58800810270304,-243.06412,243.06412,76146.99614356406,27522.807646802252,9.958481566372026e-07,0.0006897588927613282,36.807258275518414,0.8928501317089569,245991592.41509482,0.12028416900618641,2.2577229088694027e-19,1.5064939450372953e-05,-10.864611,2.1643932,-8.700217,True,-1511448.423636947,1202,0.2827777777777778,1010434.5840454865,3646414.5211722124,,
557453,186,1,2019-03-20 01:41:39,2019-03-20 01:58:36,0 days 00:16:57,134.44810342036857,32.83679923398195,10895.630802818569,230.0666355746181,True,245.14252417124524,-0.12253249275272952,-0.9924645022467061,707.7685904966274,145.696429021087,4541.070431604437,221.75404,9.486191e-05,23006.66355746181,1.060411724764379,0.3614302990251893,8.945762333831687e-05,18647905552609.72,2.599776523386357e-06,57.050068,-14.520171,0.13689613,0.029227013,223.06389,55.57907,-14.472774,0.0047147739045342975,0.017311652746822344,0.002673455292882127,1092.5264149684735,954.94403,137.5823842067548,-243.07326,243.07326,75797.38107954117,27395.470108904792,9.98103525742082e-07,0.0006917348647949523,36.74822332241779,0.8930667454786099,246023085.32323503,0.12045271008512996,2.284948964411236e-19,1.5122689601607993e-05,-10.879856,2.172079,-8.707777,True,-1510748.554586054,1202,0.2825,1010192.7058578277,3646371.918728727,,
557454,187,1,2019-03-20 01:41:40,2019-03-20 01:58:36,0 days 00:00:00,134.44549942933338,32.83652907918782,10895.6588286813,230.06562199352788,False,0.0,0.0,0.0,652.8408918880382,146.27513489068215,0.0,221.75409,9.487749e-05,23006.56219935279,1.0605746770358206,0.3614286401698472,8.94585666970005e-05,5771096490502.076,2.2953963598471694e-06,57.046654,-14.511527,0.13637026,0.029099574,223.06416,55.575596,-14.465031,0.004713046808329295,0.017285039032782754,-0.0,1092.5136600850524,954.93695,137.57670940145863,-243.08249,243.08249,75001.11814618445,27107.5521427935,1.410621730884198e-06,0.0010696361722668574,36.983786994538214,0.9176262270627711,76946806.03632668,0.113830617661753,7.132295737358967e-19,1.5630105842866384e-05,-10.228364,2.786377,-7.441987,True,0.0,1202,0.0,1009950.099726847,3646329.289676611,,
557455,192,1,2019-03-20 01:41:45,2019-03-20 01:58:36,0 days 00:16:51,134.43248111362306,32.83517663808881,10896.601581153618,230.0315285902033,True,242.4820178131728,-0.12452408695824395,-0.9922165851099325,705.6530261579256,145.9167102505478,4471.324911328479,221.74896,9.486889e-05,23003.15285902033,1.0610029182406127,0.3613834407511624,8.941435378723865e-05,9147680889609.826,2.484482430953935e-06,57.035618,-14.468485,0.1338082,0.028300213,223.06004,55.5644,-14.426497,0.004705614891426251,0.017302027921772677,0.002643385989811904,1092.4498808061032,954.9021,137.54778119672824,-243.12926,243.12926,75832.94165834544,27404.769378775036,1.24670693939347e-06,0.0009154977783186023,36.838935138920846,0.9060601098519546,120629382.02797677,0.10482763237595058,4.715937110662112e-19,1.5243729963751211e-05,-9.433,2.3081365,-7.124863,True,-1218173.1349607243,1202,0.2808333333333333,1008737.2162281595,3646116.0602104743,,
557456,193,1,2019-03-20 01:41:46,2019-03-20 01:58:36,0 days 00:16:50,134.4299060748947,32.83490507276068,10896.811085380543,230.02395270097475,True,242.60578222429635,-0.12449645908721213,-0.9922200520422605,704.4449964457175,145.8590682602907,4443.939599728925,221.7478,9.486496e-05,23002.395270097473,1.061076796288606,0.3613734239208317,8.940442540592927e-05,9146036478258.127,2.505815591733978e-06,57.033615,-14.459967,0.13330203,0.028138243,223.05908,55.56237,-14.418873,0.0047041556194426445,0.017304736908138937,0.0026329355571160216,1092.437308663319,954.8955,137.54180085081907,-243.13873,243.13873,75714.94367053028,27361.36843619243,1.2496796057887093e-06,0.000918256325744201,36.81559899264576,0.9063507268167222,120795658.49057008,0.10598788964781676,4.760138068786963e-19,1.5264488632317732e-05,-9.537955,2.3385715,-7.1993837,True,-1229491.9707831694,1202,0.28055555555555556,1008497.3263933496,3646073.4516241928,,
557457,194,1,2019-03-20 01:41:47,2019-03-20 01:58:36,0 days 00:16:49,134.427329720579,32.83463342907099,10897.003542796912,230.01699342006808,True,242.479078811064,-0.1246090865945026,-0.9922059138798175,703.6765373162453,145.800086841997,4420.97976276857,221.74677,9.486291e-05,23001.699342006807,1.0611601463804805,0.3613641761108883,8.939546946544173e-05,9174563513374.879,2.5290674614383748e-06,57.031483,-14.451438,0.13279378,0.027980039,223.05824,55.560204,-14.411239,0.004702692799210695,0.01730760646836409,0.002624909679024948,1092.4247270042126,954.8889,137.53581098858763,-243.14828,243.14828,75639.4940977694,27333.403466084837,1.2518056954798059e-06,0.0009202318562172379,36.79193058489908,0.9065965470590702,121293295.55689658,0.10715767100884005,4.79139917755618e-19,1.5276566472105952e-05,-9.643881,2.3679097,-7.2759714,True,-1240571.101609873,1202,0.2802777777777778,1008257.3125767212,3646030.8340454944,,
557458,195,1,2019-03-20 01:41:48,2019-03-20 01:58:36,0 days 00:16:48,134.42475475674564,32.83436168171104,10897.236873861393,230.00855637229205,True,242.31078669890903,-0.12474114177967553,-0.9921893204159693,702.74429740744,145.63145319231415,4395.815957631736,221.74544,9.4856536e-05,23000.855637229204,1.061225762034437,0.36135309445132996,8.93839361221159e-05,11225019723958.416,2.606723804462582e-06,57.02966,-14.442921,0.13228905,0.027814036,223.05711,55.558353,-14.403615,0.0047012389485095694,0.017315524046857423,0.0026179923198805977,1092.4121529201288,954.8824,137.5297676662226,-243.15787,243.15787,75484.622864096,27276.602055432704,1.181444729686672e-06,0.00085555017989147,36.723664080978324,0.9032213490868898,148706044.99366927,0.10521032187762339,3.9760668319033796e-19,1.5264584443820943e-05,-9.475436,2.2101655,-7.2652707,True,-1236370.7646946623,1202,0.28,1008017.4286532563,3645988.2177377846,,
557459,196,1,2019-03-20 01:41:49,2019-03-20 01:58:36,0 days 00:16:47,134.4221816313726,32.83408983526052,10897.506394186861,229.9988110643104,True,244.4852867205554,-0.1345250233185932,-0.990910196789362,709.6682039685057,145.37445791667582,4684.659821355989,221.74388,9.484633e-05,22999.88110643104,1.061273360764882,0.36134031211706175,8.937030840757128e-05,16104539985978.283,2.7442618191836425e-06,57.028114,-14.434415,0.13178745,0.027641293,223.05573,55.556786,-14.396002,0.004700022920949607,0.01732756287516071,0.0027783153369167067,1092.3995891356149,954.87585,137.52373464342736,-243.1675,243.1675,75492.30463029031,27278.412917545407,1.0656455878070207e-06,0.000751278917880938,36.61960875967755,0.8973447259579738,213326908.81338578,0.1124825683969102,2.8402983415982776e-19,1.520099231480303e-05,-10.148917,2.154853,-7.9940643,True,-1386623.4736705234,1202,0.2797222222222222,1007777.7166004782,3645945.605361703,,
557460,197,1,2019-03-20 01:41:50,2019-03-20 01:58:36,0 days 00:16:46,134.41958877062223,32.83379403799062,10897.79633179467,229.9883278821327,True,244.99752400767747,-0.13427095678858073,-0.9909446554490715,707.6434911931051,145.28396993362594,4647.018753608957,221.74222,9.483479e-05,22998.83278821327,1.0613167181821608,0.36132654775236467,8.935578443535267e-05,15958121934864.428,2.760935970334366e-06,57.026737,-14.425817,0.13128076,0.027462779,223.05424,55.555386,-14.388311,0.004698695643662063,0.017331805857558745,0.002764052259867341,1092.3871994589506,954.8702,137.51702123629434,-243.17784,243.17784,75282.27573072162,27201.48479672327,1.07004754223108e-06,0.0007551995996128087,36.582991218344084,0.8976795768284384,211977145.74869242,0.11263424284407639,2.88678885091817e-19,1.5237178744466395e-05,-10.162382,2.1659863,-7.996396,True,-1385928.2599258542,1202,0.27944444444444444,1007536.2898381168,3645900.2438070206,,
557461,198,1,2019-03-20 01:41:51,2019-03-20 01:58:36,0 days 00:16:45,134.41699039494608,32.83349818060094,10898.018922664873,229.98027999713884,True,245.16987775899196,-0.13420621662862564,-0.9909534254536033,706.0301013516325,145.18919131863257,4615.439658285117,221.741,9.4830524e-05,22998.027999713882,1.061393051596479,0.36131589965104705,8.934534104375493e-05,15987639703894.19,2.7839029013610486e-06,57.02485,-14.417185,0.1307668,0.027297927,223.05322,55.553455,-14.38059,0.004697239392827441,0.017336486057895093,0.0027530804144323077,1092.3747739396058,954.86456,137.51021095132455,-243.18823,243.18823,75105.30465162282,27136.74071876707,1.0714941980910789e-06,0.0007564925840987718,36.54514145689921,0.8978803401711493,212869647.19806567,0.11339139735518863,2.9063878554237135e-19,1.526591255717389e-05,-10.231218,2.183314,-8.047904,True,-1392674.0052546065,1202,0.2791666666666667,1007294.3450993011,3645854.8551454735,,
557462,199,1,2019-03-20 01:41:52,2019-03-20 01:58:36,0 days 00:00:00,134.4143901764852,32.83320225773991,10898.181359485387,229.97440715602676,False,0.0,0.0,0.0,646.9885725960813,145.3216816841216,0.0,221.74019,9.483274e-05,22997.440715602675,1.0614980640716185,0.3613079812225539,8.933859283706918e-05,11521527387722.244,2.6888948200543965e-06,57.022503,-14.408535,0.13024694,0.027145285,223.05261,55.55106,-14.37285,0.004695770140639582,0.017330580428157622,-0.0,1092.3623354118392,954.859,137.50332662277674,-243.19868,243.19868,73844.28781594953,26680.53055559796,1.1747174628415859e-06,0.0008494469209083138,36.599397664167235,0.9062553706068522,156024625.98648998,0.11494805633464839,3.9895696322200513e-19,1.5700215193318472e-05,-10.360358,2.401627,-7.958731,True,0.0,1202,0.0,1007052.226727673,3645809.4565164954,,
557463,204,1,2019-03-20 01:41:57,2019-03-20 01:58:36,0 days 00:16:39,134.40134591108404,32.83181997499025,10898.533965819941,229.961659226788,True,240.31773087178885,-0.1264946905445047,-0.9919672843718436,697.7434707667874,146.0023796679699,4259.142407058074,221.73907,9.4890274e-05,22996.1659226788,1.0622320577515914,0.36128977135871426,8.933102107757838e-05,5818419943636.861,2.6976418087299733e-06,57.007057,-14.365182,0.1276066,0.026479382,223.0526,55.5353,-14.33402,0.004687522320282085,0.017301189645818425,0.002551321353802806,1092.2986245268023,954.82745,137.47117091352106,-243.24907,243.24907,75402.18234360956,27242.03721887078,1.487031902393645e-06,0.0011432700847094678,36.88041805455967,0.9203125328961409,77165139.82476239,0.124707448989023,8.426463722495321e-19,1.5455973443506473e-05,-11.207065,3.1961477,-8.010917,True,-1342728.38745721,1202,0.2775,1005837.0142725362,3645593.1584969345,,
557464,205,1,2019-03-20 01:41:58,2019-03-20 01:58:36,0 days 00:16:38,134.39879459342774,32.831546574979164,10898.70518223644,229.95546937205046,True,240.3103317975036,-0.12653828707763282,-0.9919617240112939,696.8694256020123,145.96116295492357,4235.9073788036585,221.73819,9.4890835e-05,22995.546937205047,1.062327482648254,0.36128148774212737,8.932352418528396e-05,5835275873126.175,2.7202340430896107e-06,57.00481,-14.356713,0.1270977,0.026329758,223.0519,55.53301,-14.326437,0.00468617066899526,0.017303432314367553,0.002542095050771968,1092.286194278384,954.82153,137.46466107525907,-243.25912,243.25912,75323.62406232771,27213.03096336646,1.4892054483484276e-06,0.0011453832746671788,36.86437611713189,0.9205651755635018,77469398.8209819,0.1256666392685201,8.475566241711435e-19,1.5470521387189102e-05,-11.293864,3.224767,-8.0690975,True,-1350750.8995620955,1202,0.2772222222222222,1005599.3458683076,3645550.5334608248,,
557465,206,1,2019-03-20 01:41:59,2019-03-20 01:58:36,0 days 00:16:37,134.3962433764758,32.83127308917071,10898.875671180847,229.9493059511028,True,239.60540653884172,-0.12697400457712152,-0.9919060450272744,697.4545633576485,145.92109840953003,4224.711886318206,221.73729,9.489152e-05,22994.93059511028,1.0624246820327696,0.3612732677612954,8.931599588544954e-05,5856923380779.821,2.7455990623196226e-06,57.00256,-14.348244,0.12658843,0.026180588,223.05121,55.53071,-14.318853,0.004684587569646795,0.017305675722614336,0.0025396321131863613,1092.2737634284272,954.8156,137.45815063545842,-243.26926,243.26926,75396.29175465785,27238.664699289257,1.492445501471055e-06,0.0011485314438685415,36.848918140016394,0.9208896955315689,77681849.39172411,0.1266796162717947,8.527657033136943e-19,1.5455419695435164e-05,-11.385402,3.256795,-8.128607,True,-1357899.505724603,1202,0.27694444444444444,1005361.6863129012,3645507.905333723,,
557466,207,1,2019-03-20 01:42:00,2019-03-20 01:58:36,0 days 00:16:36,134.39369979718407,32.83099946717946,10899.298152411475,229.9340332224367,True,239.52088892843088,-0.12702755763625645,-0.9918991882247749,694.973254745705,145.1845138010696,4184.378049201332,221.73471,9.48657e-05,22993.40332224367,1.0624084581784743,0.3612534851811284,8.929306115848641e-05,19000947836303.023,3.0928225152775302e-06,57.002213,-14.339833,0.12610145,0.025984053,223.04878,55.530365,-14.311327,0.004683518894165957,0.017339945471053362,0.002535289489737496,1092.2613794187844,954.8098,137.45156496565937,-243.2794,243.2794,74757.78659606971,27006.510952257227,1.04599615773957e-06,0.0007339151118421869,36.55007870555535,0.8983848777433856,254166805.91372636,0.1314546391968269,2.699537930101243e-19,1.53314987790556e-05,-11.879809,2.475957,-9.403852,True,-1565082.7986327135,1202,0.27666666666666667,1005124.7425980675,3645465.304695865,,
557467,208,1,2019-03-20 01:42:01,2019-03-20 01:58:36,0 days 00:16:35,134.3911571382161,32.83072582611431,10899.571060993087,229.92416799309598,True,244.26886720002867,-0.12387228821988217,-0.9922981690052494,690.8211293788122,145.01261662239955,4048.6455163042474,221.73314,9.4855706e-05,22992.416799309598,1.0624597977438177,0.361240535289998,8.927933693782327e-05,18950752337958.414,3.112368549786155e-06,57.000744,-14.331402,0.1256017,0.025816645,223.04738,55.528866,-14.303779,0.004682303131008325,0.017348199338767963,0.00247159721986583,1092.2489990802458,954.8041,137.44492193180827,-243.28961,243.28961,74453.6314587018,26895.669682425672,1.0476824279629122e-06,0.000735413883604639,36.48093678063754,0.8986550561190273,254530933.7727883,0.13221009628213728,2.7248658037519e-19,1.5380889364780394e-05,-11.948626,2.4939458,-9.4546795,True,-1595138.2515636752,1202,0.2763888888888889,1004887.8842050226,3645422.7122731996,,
557468,209,1,2019-03-20 01:42:02,2019-03-20 01:58:36,0 days 00:16:34,134.3885630413257,32.830453691277484,10899.833856118781,229.91466867369436,True,244.2687509945383,-0.12390770702257767,-0.9922937469017967,689.335874359318,144.8640916547447,4018.2367837120228,221.73163,9.484702e-05,22991.466867369436,1.0625191364091968,0.3612280714337445,8.926617462421222e-05,18921502538142.49,3.1331201059224393e-06,56.99911,-14.3228035,0.12509097,0.025649711,223.04605,55.527206,-14.296079,0.0046809701127182276,0.01735532384911961,0.0024627381411414747,1092.236278092393,954.7979,137.43836549473667,-243.29988,243.29988,74255.08352891292,26823.020617300823,1.0495997547610642e-06,0.0007371174671393457,36.421197182903164,0.8988507411856677,254817604.92229423,0.1326563603537747,2.748513107591795e-19,1.541099948637266e-05,-11.989251,2.5066915,-9.482559,True,-1596394.6304132428,1202,0.2761111111111111,1004646.1930620758,3645380.0463862126,,
557469,210,1,2019-03-20 01:42:03,2019-03-20 01:58:36,0 days 00:16:33,134.38596896516663,32.83018147876525,10900.095333744472,229.90521729369672,True,245.16962809128705,-0.12347672089753599,-0.9923474690834818,686.2062228673963,144.71693217412738,3973.9174820855424,221.73012,9.483855e-05,22990.521729369673,1.062581172710341,0.3612156827276888,8.925299261203883e-05,18822342064324.516,3.1518321023997443e-06,56.99747,-14.314203,0.12457978,0.025483498,223.04474,55.525536,-14.288378,0.004679521202917271,0.017362445213901803,0.002445779023892179,1092.2235558305742,954.7919,137.43168571338674,-243.3102,243.3102,73889.75122888536,26690.136936720908,1.05178609094944e-06,0.0007390600272658414,36.36215244404005,0.8990752980588052,254735491.06992242,0.13299023041641664,2.7809310145230353e-19,1.5476385708080067e-05,-12.019607,2.5179372,-9.501669,True,-1598219.4385120827,1202,0.2758333333333333,1004404.5032177946,3645337.3781245155,,
557470,211,1,2019-03-20 01:42:04,2019-03-20 01:58:36,0 days 00:00:00,134.38336518743984,32.829909212291085,10900.08654967462,229.90553479790594,False,0.0,0.0,0.0,643.1267329620802,145.29164017323376,0.0,221.73042,9.4858435e-05,22990.553479790593,1.0627661687628656,0.36121569385846053,8.925616710229782e-05,6138539280716.391,2.8443756302374336e-06,56.993786,-14.305536,0.12404395,0.025367899,223.04527,55.52177,-14.28061,0.0046777862626100845,0.01733611951143885,-0.0,1092.2107715781417,954.78577,137.4250049765792,-243.32056,243.32056,73388.34099026505,26509.020511919887,1.4732819971929257e-06,0.0011300327003005831,36.595960081442854,0.9239195919317454,83644611.63566387,0.13946949867759093,8.39992802028738e-19,1.5943235408116682e-05,-12.548407,3.543439,-9.004968,True,0.0,1202,0.0,1004161.9029161106,3645294.663546095,,
557471,216,1,2019-03-20 01:42:09,2019-03-20 01:58:36,0 days 00:16:27,134.37032622586617,32.82854618972999,10900.50551298482,229.89039157345493,True,240.54844915844023,-0.13824516072464735,-0.9903980389400094,695.7730102567328,145.46403233321297,4342.179783415925,221.72888,9.49097e-05,22989.039157345494,1.0634753666786487,0.36119440654311996,8.924485147552616e-05,6040667049360.203,2.9787186546927866e-06,56.978806,-14.262184,0.12139513,0.024704661,223.0448,55.50646,-14.241768,0.004669781819669652,0.01733111327333074,0.002633703139151281,1092.1467107269189,954.75574,137.39097342223135,-243.37315,243.37315,74661.43777135469,26967.293707480538,1.5127761497977597e-06,0.0011683506189670856,36.67226255207107,0.9228721489890963,80907456.7765399,0.1350042721450184,9.00048767284041e-19,1.55899869148778e-05,-12.139323,3.5117838,-8.62754,True,-1443500.3843776092,1202,0.27416666666666667,1002947.0124554078,3645080.899984963,,
557472,217,1,2019-03-20 01:42:10,2019-03-20 01:58:36,0 days 00:16:26,134.36777659344375,32.828247108375365,10900.672667129606,229.88435009384372,True,240.54494060029148,-0.1382858166082393,-0.9903923631192804,694.8845160179086,145.42108850796166,4318.821841070032,221.72804,9.491185e-05,22988.43500938437,1.0635814699303359,0.3611862887852192,8.923796647268555e-05,6056885595440.1455,3.001726533140135e-06,56.976585,-14.253673,0.120879374,0.024558134,223.04416,55.504177,-14.23415,0.00466831383701134,0.017333704128670677,0.002624394408395642,1092.134583343478,954.75134,137.38324057004047,-243.38452,243.38452,74581.95976860358,26937.981259150452,1.5147569424741866e-06,0.0011702856239328467,36.65609196868694,0.923126166356867,81211134.89417697,0.13591533090891864,9.048651082203766e-19,1.5604818366561734e-05,-12.221902,3.5394888,-8.682413,True,-1450810.1086002977,1202,0.2738888888888889,1002709.6343328953,3645035.5032316535,,
557473,218,1,2019-03-20 01:42:11,2019-03-20 01:58:36,0 days 00:16:25,134.36522702139956,32.82794794343629,10900.838501902806,229.87835642753942,True,239.85049213060387,-0.13872647117512057,-0.9903307357621989,695.4409802229887,145.37997291449352,4307.665817430776,221.72723,9.491417e-05,22987.83564275394,1.0636874230284918,0.3611781795877167,8.92312596071275e-05,6077932382362.154,3.027098093123329e-06,56.974358,-14.245158,0.120363176,0.024412159,223.04353,55.501884,-14.226531,0.00466696049801584,0.017336261683426467,0.002621976283618335,1092.1224550698457,954.74695,137.37550682765823,-243.3959,243.3959,74651.14384505482,26962.36423809768,1.517714973742634e-06,0.00117317311623568,36.6407724758074,0.9234154701888089,81417806.470286,0.13683417680408977,9.098000015563767e-19,1.5589987193038706e-05,-12.305056,3.5693948,-8.735661,True,-1456692.838916095,1202,0.27361111111111114,1002472.2611197666,3644990.1034382046,,
557474,219,1,2019-03-20 01:42:12,2019-03-20 01:58:36,0 days 00:16:24,134.3626849798962,32.82764869216812,10901.254634572695,229.8633169522871,True,239.54686793534236,-0.13890074614674905,-0.9903063075230191,693.3121107823299,144.649130054284,4270.860800066812,221.72473,9.4890645e-05,22986.33169522871,1.0636875478355143,0.36115862849094943,8.920913439968068e-05,19117914486401.617,3.378171594238229e-06,56.97402,-14.2366905,0.11986826,0.02422173,223.04118,55.50153,-14.218956,0.0046658897804019266,0.017370763203913803,0.002619806072620504,1092.1103724177433,954.7426,137.36775767164954,-243.40735,243.40735,74053.11404220384,26744.921102966207,1.0715395100121242e-06,0.0007566233359303399,36.34549200367644,0.9009587798546066,258164896.01647362,0.1380911574080705,2.948442370665045e-19,1.5458488442464802e-05,-12.484005,2.6599004,-9.824104,True,-1631184.2086677463,1202,0.2733333333333333,1002235.5932858796,3644944.735945515,,
557475,220,1,2019-03-20 01:42:13,2019-03-20 01:58:36,0 days 00:16:23,134.36014622565278,32.82734944410752,10901.5522036786,229.85256297833513,True,243.635349719419,-0.12461419261764242,-0.9922052726115967,681.168445551612,144.44905790998757,3778.155937414308,221.72302,9.487946e-05,22985.25629783351,1.0637402482527136,0.3611445247700955,8.919420170771952e-05,19067547155505.383,3.3963097157141138e-06,56.972797,-14.228219,0.11936399,0.02405341,223.03964,55.500267,-14.211376,0.004664679547799153,0.0173806117559334,0.0023629666922093382,1092.0983078858762,954.7384,137.35990456556374,-243.41884,243.41884,73542.13271875263,26559.33857129321,1.0719073681563836e-06,0.0007569592372796447,36.26556817662052,0.9015275624185726,259273785.66005763,0.14027505932669754,2.9722863360730504e-19,1.5550219853447874e-05,-12.683285,2.7026844,-9.9806,True,-1655905.63485745,1202,0.27305555555555555,1001999.2324475189,3644899.3904067613,,
557476,221,1,2019-03-20 01:42:14,2019-03-20 01:58:36,0 days 00:16:22,134.35755919811925,32.82707638972954,10901.883403982294,229.8405940715714,True,243.63823627476694,-0.12464488678933142,-0.9922014171514142,679.2248303058475,144.21223140485756,3743.314195649857,221.72105,9.486436e-05,22984.05940715714,1.0637764217543233,0.36112891087341475,8.917696936995453e-05,19007005540830.234,3.4150355434641344e-06,56.971695,-14.219627,0.11885588,0.023879241,223.03786,55.49914,-14.20368,0.004663359568993997,0.017392008369850852,0.002354568615297721,1092.0856139766177,954.73285,137.3527648555239,-243.42967,243.42967,73248.23933031342,26452.056892751305,1.0735633495132839e-06,0.0007584426927422126,36.170451447746395,0.9016851007977764,259487541.4700143,0.14064968093537905,2.999306125283538e-19,1.5593512661577864e-05,-12.7174635,2.7139392,-10.003525,True,-1654985.2832668875,1202,0.2727777777777778,1001758.1960313402,3644856.729662331,,
557477,222,1,2019-03-20 01:42:15,2019-03-20 01:58:36,0 days 00:16:21,134.3549721579193,32.82680326486283,10902.212929985153,229.82868617149296,True,243.8945035644277,-0.12455697591697666,-0.992212456961924,676.9506150437061,143.9774219141617,3705.188378769176,221.7191,9.484952e-05,22982.868617149295,1.063815684904423,0.3611133925561832,8.915973231792632e-05,18926208021691.508,3.4337596651494765e-06,56.970577,-14.211034,0.118347205,0.023705961,223.03607,55.498,-14.195982,0.0046621558010406265,0.01740334340020346,0.002344087215564592,1092.0729185080168,954.7273,137.34562358614176,-243.44055,243.44055,72923.38452497683,26333.610782493455,1.0754401618717411e-06,0.0007601233131378171,36.07625725741457,0.901844735061356,259535513.12760493,0.14100625372091866,3.029909085227047e-19,1.5644036286140994e-05,-12.749966,2.7253687,-10.024597,True,-1654654.829197422,1202,0.2725,1001517.1577338595,3644814.0671470826,,
557478,223,1,2019-03-20 01:42:16,2019-03-20 01:58:36,0 days 00:00:00,134.35238237525243,32.82653004545118,10902.50760671285,229.81803802363214,False,0.0,0.0,0.0,635.3827660983746,143.78330378873636,0.0,221.71738,9.4838375e-05,22981.803802363214,1.0638713693500907,0.361099476568441,8.914458802717923e-05,18819750387165.926,3.448628068238705e-06,56.969196,-14.202425,0.117834814,0.023539316,223.03452,55.496586,-14.18827,0.004660944738826913,0.017412903565278085,-0.0,1092.060204786279,954.72174,137.33846406362272,-243.45149,243.45149,71751.96031085636,25909.595311009783,1.073194392478762e-06,0.0007581324854359173,35.99880726454849,0.9038242824914119,262289006.5390788,0.14877370841109952,3.0584964779893396e-19,1.600437507572753e-05,-13.458942,2.868656,-10.590286,True,0.0,1202,0.0,1001275.8617231925,3644771.3871887377,,
557479,231,1,2019-03-20 01:42:24,2019-03-20 01:58:36,0 days 00:16:12,134.33160544044176,32.82418863411967,10902.752051468278,229.80920531196054,True,234.15191675339307,-0.15489909660779042,-0.9879302960584266,698.4701257140932,144.539945722897,4516.0702254777525,221.71803,9.497055e-05,22980.920531196054,1.0652257321199012,0.3610845123068102,8.915532841254562e-05,19458450938022.91,3.6772444515638484e-06,56.94251,-14.133005,0.11352734,0.022572951,223.03693,55.469166,-14.126094,0.0046477022399955105,0.017384947029086523,0.002773448528560772,1091.9599849694766,954.6851,137.2748653405704,-243.54532,243.54532,74040.21995885624,26734.77671493256,1.0956645692319535e-06,0.0007781916937560115,36.32027652305002,0.9034946748514481,262809199.4977307,0.14628766420269157,3.1711295625034946e-19,1.5485359595017993e-05,-13.231339,2.8762815,-10.355058,True,-1692972.0478935367,1202,0.27,999340.8270409987,3644412.603330926,,
557480,232,1,2019-03-20 01:42:25,2019-03-20 01:58:36,0 days 00:16:11,134.3291299160835,32.82386243879504,10903.179020857238,229.79377795573356,True,243.09320491762924,-0.12522898504117524,-0.9921278654012079,673.4351576305421,144.17088892636247,3527.946234159403,221.7155,9.494736e-05,22979.377795573357,1.0652301947046168,0.36106441636483116,8.913318640019979e-05,19277945725109.445,3.6898112680996395e-06,56.942417,-14.124684,0.11303759,0.022388414,223.03453,55.46904,-14.118656,0.004646749576317007,0.01740283362891565,0.0022499617131211663,1091.9486225697635,954.6829,137.26570020648228,-243.5581,243.5581,72961.11686346312,26343.66307763255,1.0949321450187306e-06,0.0007775490421888899,36.17221643922821,0.9044614156004194,264222185.10149068,0.15008364011267533,3.21107603220972e-19,1.5681432444647987e-05,-13.578059,2.9487085,-10.629351,True,-1739546.8412539721,1202,0.2697222222222222,999110.5321053752,3644364.6371610085,,
557481,233,1,2019-03-20 01:42:26,2019-03-20 01:58:36,0 days 00:16:10,134.32654894883592,32.823588648176816,10903.562340719125,229.77992846866957,True,243.0964653086227,-0.12524932747977088,-0.9921252975133056,671.120475545928,143.85983748566986,3489.9859099087166,221.7132,9.492771e-05,22977.992846866957,1.0652526676108345,0.3610464003390716,8.911285747363316e-05,19192107698367.145,3.707108825254469e-06,56.94172,-14.116091,0.1125302,0.022210827,223.03238,55.468323,-14.110954,0.004645671315477955,0.017417841370744848,0.0022418024722237846,1091.9359472738468,954.67786,137.25809082853425,-243.56953,243.56953,72588.20322824888,26207.709482640235,1.096380395779189e-06,0.0007788566577891949,36.04735982555683,0.904564396668576,264397062.39895222,0.15039594327868386,3.2415585670273583e-19,1.573565671476826e-05,-13.606632,2.9586995,-10.647933,True,-1736607.842276796,1202,0.26944444444444443,998870.0543979658,3644321.996752051,,
557482,234,1,2019-03-20 01:42:27,2019-03-20 01:58:36,0 days 00:16:09,134.32396796157002,32.823314809411,10903.943309711465,229.7661645890735,True,243.35566508236195,-0.12515645676402223,-0.992137017417592,668.481874709429,143.5514565073741,3449.0468629600605,221.71089,9.49084e-05,22976.61645890735,1.0652789190614378,0.3610285184534292,8.909253440809912e-05,19085546050794.234,3.724491458571654e-06,56.941,-14.107493,0.11202218,0.022034312,223.03024,55.467583,-14.1032505,0.004644476923600962,0.017432823686482034,0.002231626436570844,1091.9232701042913,954.67285,137.2504185417913,-243.581,243.581,72185.22398999523,26060.92447133691,1.0980735278260751e-06,0.0007803839816299584,35.92385579634097,0.904692149542189,264396852.9271235,0.15070168055550162,3.2761421792696134e-19,1.579763247709692e-05,-13.634571,2.969167,-10.665404,True,-1734463.359914796,1202,0.26916666666666667,998629.5739877569,3644279.3569891173,,
557483,235,1,2019-03-20 01:42:28,2019-03-20 01:58:36,0 days 00:00:00,134.3213841992076,32.82304088182071,10904.28775717715,229.75372075609127,False,0.0,0.0,0.0,630.8109034029806,143.28171864146623,0.0,221.70883,9.4892894e-05,22975.372075609128,1.0653231501256752,0.36101233369407404,8.907428105156029e-05,18909019691530.44,3.7393749596026864e-06,56.94001,-14.098883,0.11151038,0.021864435,223.02835,55.46656,-14.095533,0.004643275917784706,0.017446093695316845,-0.0,1091.910574387871,954.66785,137.24272770818357,-243.59251,243.59251,70987.16871549495,25627.243440315793,1.0967929501285094e-06,0.0007792477822159907,35.81622130786306,0.9065175686826741,266372360.43762675,0.15778633690757232,3.318829029936462e-19,1.6159188064245003e-05,-14.281751,3.1040974,-11.177653,True,0.0,1202,0.0,998388.8327603654,3644236.7003112417,,
557484,240,1,2019-03-20 01:42:33,2019-03-20 01:58:36,0 days 00:16:03,134.30810261247302,32.82177301561081,10903.11461000929,229.79610520960148,True,240.31814306026612,-0.12779155202986303,-0.9918010482096693,671.7771344976786,147.26860008489922,3486.797546452412,221.71793,9.510438e-05,22979.61052096015,1.0666786358240241,0.36106410624002583,8.915935266254991e-05,693530801010.3688,3.3941356751035864e-06,56.912468,-14.054777,0.108671784,0.021484764,223.03879,55.43836,-14.055965,0.004632865830365631,0.017266217274674818,0.0021926717083146636,1091.8435280046328,954.6369,137.2066261491641,-243.64818,243.64818,74548.23158560428,26916.690609230674,3.248945210040771e-06,0.0030612067204072385,37.44704207602611,1.0334891699121005,9303115.39602361,0.06654376943382319,1.0893813778900101e-17,1.669019174533664e-05,-5.84707,3.2055342,-2.641536,True,-426303.2865468166,1202,0.2675,997150.5235654409,3644033.097411781,,
557485,241,1,2019-03-20 01:42:34,2019-03-20 01:58:36,0 days 00:16:02,134.30555200621956,32.82149681238728,10903.219620330216,229.792311049895,True,240.44845638432673,-0.12776101860859057,-0.9918049819012281,671.0410197851721,147.28362775799823,3465.9268638048666,221.7175,9.511274e-05,22979.2311049895,1.066812886368929,0.3610588538527332,8.915596911101455e-05,692351144894.3347,3.4164093861461267e-06,56.909733,-14.046268,0.10814669,0.02135579,223.03856,55.435543,-14.048341,0.004631385069609735,0.017266473416820166,0.0021819066863448576,1091.8310531742602,954.63245,137.1986068851977,-243.66,243.66,74506.19425500593,26901.121102641537,3.2572566200981477e-06,0.0030710887749804358,37.45524048966914,1.034267474018539,9292531.336719254,0.06697588223620585,1.0991166852821099e-17,1.6707610881986046e-05,-5.884831,3.2323194,-2.6525116,True,-427854.35186360823,1202,0.26722222222222225,996912.8977563404,3643990.381944852,,
557486,242,1,2019-03-20 01:42:35,2019-03-20 01:58:36,0 days 00:16:01,134.30300001453497,32.821220525382316,10903.276709645113,229.7902483598548,True,236.4568597812323,-0.12970616065154086,-0.9915524756103615,678.7305154516265,147.42404039967505,3506.240778327595,221.71739,9.512588e-05,22979.024835985478,1.0669650987249693,0.3610557679943127,8.915556585446686e-05,664449880663.0413,3.452331295786506e-06,56.90663,-14.037755,0.10761748,0.021234633,223.03867,55.432354,-14.040711,0.004629777718205048,0.017261048936904163,0.0022045384953227986,1091.8185684431141,954.628,137.1905777204579,-243.67186,243.67186,75436.84707757336,27236.908756662775,3.3274895696229945e-06,0.0031547625145623933,37.51490085257334,1.0392421579428273,8808028.256798338,0.06671506256639312,1.163741196328609e-17,1.655633685169424e-05,-5.8575325,3.2693903,-2.5881422,True,-415309.9699463258,1202,0.26694444444444443,996675.1414008562,3643947.656584008,,
557487,243,1,2019-03-20 01:42:36,2019-03-20 01:58:36,0 days 00:16:00,134.3004910859372,32.82094469482443,10904.795506462935,229.73537832316214,True,240.0909372601113,-0.12797231866523306,-0.9917777400483658,663.321565583574,143.4470266357713,3349.5922877824632,221.70743,9.4993746e-05,22973.537832316215,1.0665568625774209,0.3609857943683191,8.906580517794248e-05,19944951490469.9,3.947857296640817e-06,56.914597,-14.02935,0.10720423,0.020882387,223.02866,55.440502,-14.033178,0.004630432521276191,0.01744580422193944,0.0021876405103227557,1091.8063445651885,954.6239,137.182443198001,-243.6837,243.6837,71707.0844314478,25885.238835322314,1.1007978288296642e-06,0.0007828477998934988,35.89831761810962,0.9061887529151367,278144783.7212979,0.1596633658197191,3.3248362350911535e-19,1.5913095099332612e-05,-14.45529,3.153471,-11.301819,True,-1799309.6157957425,1202,0.26666666666666666,996441.4194302538,3643905.1909275977,,
557488,244,1,2019-03-20 01:42:37,2019-03-20 01:58:36,0 days 00:15:59,134.29794297487797,32.82066836247651,10904.921421276496,229.73082983649834,True,244.61242212590008,-0.14725846404613507,-0.989098046083791,676.0205626858907,143.34511142071364,3922.270201653397,221.70686,9.50003e-05,22973.082983649834,1.0666842960259377,0.36097955570412954,8.906131057264434e-05,19217265845259.94,3.9770521337017536e-06,56.91202,-14.020841,0.106679894,0.020751946,223.02829,55.43785,-14.025552,0.004628954897762299,0.017451628912418606,0.002514723346616016,1091.7938800678696,954.6195,137.17437323193212,-243.69565,243.69565,72007.96295134725,25993.402473336748,1.1188150268568923e-06,0.0007990302810342682,35.85929464961337,0.9065691699832784,266876954.40356007,0.15742056421807568,3.490914033963428e-19,1.5836845378980898e-05,-14.247811,3.1552238,-11.092587,True,-1833605.7701169085,1202,0.2663888888888889,996204.0250157425,3643862.490626891,,
557489,245,1,2019-03-20 01:42:38,2019-03-20 01:58:36,0 days 00:15:58,134.29535390157878,32.820344400752504,10905.162661525323,229.72211559250974,True,244.60550351209537,-0.14728687607826,-0.9890938156388945,674.5602532826462,143.1896149483945,3892.458052071273,221.70557,9.499697e-05,22972.211559250973,1.0667805773639019,0.36096796770291517,8.905014864208174e-05,19186428004114.69,3.999156008073552e-06,56.91035,-14.012134,0.10614937,0.020599483,223.02718,55.436104,-14.017759,0.004627616366009022,0.017460042415188656,0.0025057160461324918,1091.7817511491646,954.617,137.16474675463337,-243.70915,243.70915,71811.13993676224,25921.521241402712,1.120449411261591e-06,0.0008005084622920141,35.79878910254414,0.9067505121456502,267178992.29855552,0.15814166616888314,3.5172113960026244e-19,1.5868346135721815e-05,-14.313772,3.174059,-11.139713,True,-1837292.7536690582,1202,0.26611111111111113,995963.05417379,3643814.313891704,,
557490,246,1,2019-03-20 01:42:39,2019-03-20 01:58:36,0 days 00:15:57,134.29276492201086,32.82002038569273,10905.40253479478,229.7134509928698,True,245.070539764262,-0.14708053006657534,-0.9891245208139039,672.4738024262618,143.03498336352638,3855.8220810837606,221.7043,9.499384e-05,22971.34509928698,1.0668733178996694,0.3609564354188059,8.903947519090595e-05,19118267552922.76,4.020733670722948e-06,56.90867,-14.003426,0.10561834,0.020447684,223.02608,55.434345,-14.009965,0.004626394259873053,0.017468436064977135,0.0024926038610165796,1091.7696210891688,954.61456,137.15505810088757,-243.72273,243.72273,71555.25292489573,25828.329031261448,1.1224449379741354e-06,0.0008023125351080645,35.73868464008557,0.906942713188136,267181887.72233483,0.15885233981000058,3.550356856876321e-19,1.591320169312964e-05,-14.378728,3.1936352,-11.185093,True,-1842628.4117358178,1202,0.2658333333333333,995722.0910379486,3643766.137818059,,
557491,247,1,2019-03-20 01:42:40,2019-03-20 01:58:36,0 days 00:00:00,134.2901709487528,32.81969620926988,10905.582838499842,229.706938313771,False,0.0,0.0,0.0,627.0823762028236,142.89965683232313,0.0,221.70343,9.4996656e-05,22970.6938313771,1.066991232926869,0.36094759759568706,8.903227429149351e-05,19859549720562.586,4.03809152934765e-06,56.90653,-13.994701,0.10508159,0.020305425,223.02539,55.432117,-14.002156,0.004625042844676273,0.017476051231591953,0.0,1091.7574594558723,954.6122,137.14527683868482,-243.73636,243.73636,70379.4166113654,25403.281346058335,1.1037724369285657e-06,0.0007855370946395338,35.68664173278659,0.9084669832555995,282178379.37229383,0.16928682693325672,3.4175901934092904e-19,1.628739354518361e-05,-15.335746,3.350665,-11.985081,True,0.0,1202,0.0,995480.6591573881,3643717.92646646,,
557492,252,1,2019-03-20 01:42:45,2019-03-20 01:58:36,0 days 00:15:51,134.27714598509306,32.818270561233795,10905.742500097142,229.7011713649323,True,239.096513668034,-0.12865308248965934,-0.9916896613184535,658.3829807192913,143.15565322116205,3172.7202066584036,221.7038,9.5078794e-05,22970.11713649323,1.067837195007031,0.3609379597429751,8.90386613677044e-05,19318616126865.43,4.177138200605972e-06,56.88976,-13.95118,0.10235532,0.019719943,223.02686,55.41484,-13.963155,0.004616753109350782,0.017470077379175285,0.0021068552339146853,1091.693837798912,954.5918,137.102040923912,-243.79932,243.79932,71290.0314069423,25731.27848603437,1.1314501312285838e-06,0.0008104397491838398,35.80237479024378,0.9090422536931074,270986219.8908242,0.1677503202501019,3.657654007622244e-19,1.6012764377562715e-05,-15.1924,3.3961968,-11.796204,True,-1856139.7144596793,1202,0.26416666666666666,994267.2270338304,3643498.3846915965,,
557493,253,1,2019-03-20 01:42:46,2019-03-20 01:58:36,0 days 00:15:50,134.27460873070243,32.81799390988205,10905.989285153637,229.69225776270792,True,239.0875242771778,-0.12868120296810354,-0.9916860128098419,656.9378598604078,142.98009730484355,3145.038047229263,221.70242,9.50737e-05,22969.225776270792,1.0679236761353028,0.36092616884717554,8.902668173422429e-05,19281189210718.92,4.197636854919753e-06,56.88811,-13.94269,0.1018389,0.019573687,223.02563,55.41313,-13.955543,0.004615646167747798,0.01747934736409656,0.0020981386819752235,1091.6814241071388,954.5879,137.0935334821388,-243.8117,243.8117,71075.81510690878,25653.121644226787,1.1328813860354668e-06,0.0008117392944540018,35.73356857413554,0.9091827972223392,271276371.31867003,0.16841985860074485,3.683862931465819e-19,1.6047001655819407e-05,-15.253722,3.4138498,-11.839872,True,-1858850.2581651632,1202,0.2638888888888889,994030.8419392469,3643455.7542961896,,
557494,254,1,2019-03-20 01:42:47,2019-03-20 01:58:36,0 days 00:15:49,134.2720715889314,32.817717208470434,10906.235089993503,229.6833798432391,True,239.07997471280703,-0.128708582081302,-0.9916824597110814,655.496907346715,142.80473566156402,3117.498969479701,221.70105,9.506876e-05,22968.33798432391,1.0680095832479506,0.36091445603028105,8.90148949482311e-05,19243510260162.94,4.218035141564862e-06,56.88646,-13.934197,0.10132207,0.019428017,223.02444,55.41142,-13.94793,0.004614308655599757,0.017488630966556555,0.0020893780287655752,1091.6690094693954,954.5841,137.0849030240829,-243.82411,243.82411,70862.18179886769,25575.185797057216,1.1343025718708632e-06,0.0008130301726101873,35.66490183410983,0.9093443219635033,271562486.10553557,0.16908832513669372,3.7101360597438e-19,1.6081506845261393e-05,-15.314957,3.4314866,-11.883471,True,-1861575.59367091,1202,0.26361111111111113,993794.4665801867,3643413.124752957,,
557495,255,1,2019-03-20 01:42:48,2019-03-20 01:58:36,0 days 00:15:48,134.2695345442561,32.817440456930505,10906.47984733992,229.6745400329694,True,238.43909188478457,-0.12899747470224507,-0.991644922096838,654.8962002419269,142.62929779187556,3097.7921766524023,221.69968,9.5064e-05,22967.454003296938,1.0680983678911737,0.36090280295166505,8.900304057942964e-05,19256855514723.84,4.238828622018801e-06,56.8848,-13.925704,0.10080481,0.01928294,223.02324,55.409695,-13.940315,0.004613086512443942,0.017497984371779716,0.0020852201979444577,1091.6565937897192,954.58026,137.07633255925043,-243.83658,243.83658,70732.83544025327,25527.678571106277,1.13519713938084e-06,0.0008138457358267096,35.59635361406771,0.909465093838222,272247753.03953075,0.16975990466258037,3.726520033410052e-19,1.6095970506212867e-05,-15.376574,3.447807,-11.928766,True,-1861905.3609255732,1202,0.2633333333333333,993558.0995008182,3643370.4959806358,,
557496,256,1,2019-03-20 01:42:49,2019-03-20 01:58:36,0 days 00:15:47,134.26700440519926,32.817163827988736,10906.810659669623,229.66259264460246,True,248.78218480605125,-0.13333754542672083,-0.9910706831399955,654.6183700521427,142.34847870277957,3196.6615741441824,221.69772,9.5050906e-05,22966.259264460245,1.0681574134070915,0.36088721908830385,8.898585963407042e-05,19124481154152.37,4.257250669727309e-06,56.883797,-13.917224,0.10029457,0.019125814,223.02145,55.40865,-13.932712,0.004611882017487119,0.017512204333820933,0.002152695640465497,1091.644217499372,954.57654,137.06767941343446,-243.84908,243.84908,70376.45844873198,25397.96437884645,1.1375229702367622e-06,0.0008159575847883403,35.48513618145713,0.9094913773629927,271745432.71574575,0.16970672818413673,3.7705125081624654e-19,1.6149769022038308e-05,-15.371686,3.4535193,-11.918167,True,-1940075.8609442173,1202,0.26305555555555554,993322.3781924421,3643327.9190586475,,
557497,257,1,2019-03-20 01:42:50,2019-03-20 01:58:36,0 days 00:15:46,134.26436604906723,32.81686548815743,10907.042483829755,229.65422054412582,True,248.77653709878422,-0.13336250778544365,-0.9910673244120086,653.2689012997895,142.1931844109634,3169.3817813403834,221.69647,9.504859e-05,22965.422054412582,1.0682585996104568,0.3608761012569651,8.89752649186944e-05,19092785540255.57,4.279102642216684e-06,56.88192,-13.908375,0.09975282,0.018978726,223.02039,55.4067,-13.924781,0.004610541598131021,0.01752072892495578,0.0021433667069245647,1091.6314325555543,954.5731,137.05831243836678,-243.86249,243.86249,70185.53232228813,25328.28126911205,1.139052465240641e-06,0.000817347416370602,35.424989572216035,0.9096652959577155,272033065.9113981,0.17046997066175978,3.7974005795145386e-19,1.6181712778287513e-05,-15.441605,3.4734528,-11.968152,True,-1944190.044364827,1202,0.2627777777777778,993076.6284140724,3643282.4302125843,,
557498,258,1,2019-03-20 01:42:51,2019-03-20 01:58:36,0 days 00:00:00,134.26172777061845,32.81656709925227,10907.273011702999,229.645895502831,False,0.0,0.0,0.0,621.0778569144517,142.0718316316089,0.0,221.69522,9.504646e-05,22964.5895502831,1.0683624567680252,0.3608650572487521,8.896462005410067e-05,18994188838927.883,4.298987750573288e-06,56.880035,-13.899524,0.099210605,0.018832263,223.01932,55.40474,-13.916848,0.004609200882160564,0.01752766643355165,0.0,1091.6186462444316,954.5697,137.0489440959941,-243.87592,243.87592,69301.70295333084,25008.563003689746,1.1379558593621106e-06,0.0008163631410705001,35.378552401451,0.9114324985077494,274079683.8963532,0.17785783823045065,3.833806362064319e-19,1.6491958889344478e-05,-16.117807,3.6190584,-12.498749,True,0.0,1202,0.0,992830.8849381432,3643236.9426453807,,
557499,264,1,2019-03-20 01:42:57,2019-03-20 01:58:36,0 days 00:15:39,134.24599926131918,32.81486504072109,10907.226626626272,229.64757058509582,True,240.31208926583946,-0.15124737187639603,-0.9884959446049757,662.8641743606004,142.85391911882135,3599.5847837214424,221.69829,9.516218e-05,22964.757058509582,1.0692609355452722,0.36086268340311756,8.899808616668549e-05,10130654831707.977,4.173332772601401e-06,56.85949,-13.845466,0.095812134,0.018178497,223.02357,55.3832,-13.868453,0.004600175102266064,0.017502404499421486,0.002377508796966615,1091.5414102346706,954.602,136.93942048857684,-243.9941,243.9941,70849.12804929467,25566.806464639558,1.3996561135223378e-06,0.0010596179549892451,35.71758078352005,0.9233682705320778,142989125.06953332,0.1918344534698154,7.363721409861667e-19,1.6211594959335302e-05,-17.349081,4.6707277,-12.678353,True,-2018144.8223158813,1202,0.2608333333333333,991365.3961981849,3642974.4258160577,,
557500,265,1,2019-03-20 01:42:58,2019-03-20 01:58:36,0 days 00:15:38,134.2434574181304,32.814538154276136,10907.372374661123,229.64230728877104,True,240.30755676323437,-0.1512918904995852,-0.9884891318922335,661.9624720582138,142.78426641474903,3576.9785193619414,221.69829,9.516443e-05,22964.230728877104,1.069261772324157,0.360854412785534,8.900012596198872e-05,10148914580039.303,4.189925537989345e-06,56.85817,-13.835924,0.09523215,0.018051572,223.02368,55.38158,-13.85995,0.004599395902856713,0.017509542597977584,0.0023671161680545887,1091.529565756643,954.6357,136.89388460429927,-244.03375,244.03375,70750.18103461046,25530.51503171458,1.4000045471001034e-06,0.0010599546574285958,35.697311612669296,0.9234604624812798,143447188.8499413,0.19260119615118812,7.380036065300984e-19,1.6230524591268552e-05,-17.421003,4.691663,-12.729341,True,-2023514.2149951935,1202,0.26055555555555554,991128.8446680987,3642926.26764872,,
557501,266,1,2019-03-20 01:42:59,2019-03-20 01:58:36,0 days 00:15:37,134.2409156497407,32.81421117778856,10907.515971875748,229.63712175903262,True,240.3103026538211,-0.15134256899050288,-0.9884813740336006,661.2647024896692,142.71818438884583,3554.5636872360233,221.69829,9.516695e-05,22963.712175903263,1.069265913060478,0.3608462643684987,8.900213571022264e-05,10109670408180.215,4.20562535868273e-06,56.85683,-13.82638,0.09465292,0.01792528,223.02379,55.379944,-13.851443,0.004598616248480596,0.017516474131242892,0.002356809399886661,1091.5177205590246,954.66943,136.8482869652746,-244.07347,244.07347,70676.71805028353,25503.429686270454,1.4030659210388935e-06,0.0010628801756695978,35.67839557321462,0.9236939726272693,143041028.0368085,0.19345106625062702,7.440531242541906e-19,1.624518930369825e-05,-17.49999,4.7224073,-12.777583,True,-2029040.1978673034,1202,0.2602777777777778,990892.2992671812,3642878.105752252,,
557502,267,1,2019-03-20 01:43:00,2019-03-20 01:58:36,0 days 00:15:36,134.2383738822631,32.81388408812846,10907.740015591218,229.6290313642493,True,239.77308080347282,-0.1516304037501346,-0.9884372618727864,660.2670964073297,142.29260234131118,3531.7875482065087,221.69775,9.516186e-05,22962.90313642493,1.0692438611726156,0.3608344372639958,8.899920793543953e-05,19390343025391.43,4.503891155964581e-06,56.856106,-13.816822,0.09407984,0.017788148,223.02335,55.378933,-13.842923,0.004597969031928812,0.01754074044491475,0.0023529874142349883,1091.5058744672533,954.70325,136.8026273969408,-244.11325,244.11325,70373.20105810121,25393.074402265986,1.1536832259443792e-06,0.0008306119005057737,35.51506112307717,0.9112219131835381,275535896.24809676,0.17832452856911674,3.9482428637131567e-19,1.6167916769924315e-05,-16.167852,3.680178,-12.487675,True,-1975685.3717696609,1202,0.26,990655.7531935435,3642829.9372132206,,
557503,268,1,2019-03-20 01:43:01,2019-03-20 01:58:36,0 days 00:15:35,134.2358379194239,32.81355710909392,10907.955632148829,229.6212454987107,True,244.0327741927429,-0.13704920523264724,-0.9905642408976307,649.5217894644774,142.0836412145556,3060.4472773406064,221.69728,9.515764e-05,22962.12454987107,1.0692224356795639,0.36082295574512374,8.899704449083922e-05,19319115744001.855,4.518063876801404e-06,56.855324,-13.807282,0.09350827,0.017652852,223.02296,55.377865,-13.834418,0.004597318771213566,0.01755453924985435,0.002086109380401829,1091.494061054062,954.73706,136.75700050718706,-244.15305,244.15305,69884.27611871442,25215.851069262902,1.1536133398005125e-06,0.0008305541956960043,35.43868446104406,0.9117030633841162,276444385.16017425,0.1805731624934915,3.975107738191225e-19,1.6275778632387474e-05,-16.375525,3.7269804,-12.648544,True,-2003548.0764461157,1202,0.25972222222222224,990419.7494511604,3642781.8139112974,,
557504,269,1,2019-03-20 01:43:02,2019-03-20 01:58:36,0 days 00:15:34,134.2332513586391,32.813256319839454,10908.173176491788,229.61339023791493,True,244.02865721719604,-0.13708976522254748,-0.9905586283866427,648.199025604259,141.92673713517462,3034.2655702929333,221.69676,9.515273e-05,22961.339023791494,1.0691993647971412,0.36081145372128476,8.89943782387104e-05,19287357417296.016,4.53271815512489e-06,56.854443,-13.797591,0.092930265,0.0175173,223.02254,55.376705,-13.82577,0.004596669419666739,0.01756573942176227,0.002075904764201546,1091.4816020339356,954.7702,136.71139939721684,-244.19261,244.19261,69693.51348939579,25146.21791705286,1.1544281430060752e-06,0.0008312992503467805,35.38301797280369,0.9117765460410107,276745373.44469917,0.18106011745485467,3.9952016131091104e-19,1.6308436612515484e-05,-16.421812,3.7405436,-12.681269,True,-2004607.3793743637,1202,0.2594444444444444,990178.8551843755,3642736.369335469,,
557505,270,1,2019-03-20 01:43:03,2019-03-20 01:58:36,0 days 00:15:33,134.23066486488972,32.81295544664908,10908.389213285196,229.60558962823654,True,246.03598797713548,-0.13628828470022955,-0.9906692199990212,643.4620605199362,141.77105664754956,2984.5539830857197,221.69626,9.5148054e-05,22960.558962823656,1.0691793332807602,0.3608000153752481,8.899166985452237e-05,19097641505951.125,4.545047959276461e-06,56.85355,-13.787897,0.092352904,0.017382398,223.02213,55.375534,-13.81712,0.004596019864858363,0.017576903247861063,0.0020508473668906274,1091.4691421060254,954.8034,136.66573634430665,-244.23222,244.23222,69149.78451572145,24949.24331646739,1.1562526001150267e-06,0.0008329607748829232,35.327874968019024,0.9119080894050213,276177888.90736467,0.1815351942249435,4.0474269931246036e-19,1.6428556499108886e-05,-16.46683,3.7567704,-12.710059,True,-2010883.1748781335,1202,0.25916666666666666,989937.9664126318,3642690.9218692994,,
557506,271,1,2019-03-20 01:43:04,2019-03-20 01:58:36,0 days 00:15:32,134.22805681574408,32.81265387197802,10907.963751874093,229.620952301429,True,244.8019976875303,-0.13687329134735338,-0.9905885634892735,647.7573004018999,143.22140558486464,3004.248731993993,221.7001,9.520412e-05,22962.095230142902,1.069366873772934,0.3608179104292653,8.902849443622281e-05,2710176356308.3184,4.124409624724063e-06,56.847797,-13.77822,0.09173077,0.017334046,223.02617,55.36938,-13.8084955,0.004594432752837463,0.01751143378020166,0.0020411915524413235,1091.4565534392866,954.83685,136.61970041194286,-244.27219,244.27219,70375.98467940651,25392.915736425446,2.1587695752436887e-06,0.0018292365756377314,35.92010267514565,0.9666691846913181,38509960.01909403,0.10621547998749002,3.044372772501447e-18,1.6750199541390546e-05,-9.484772,3.7511516,-5.73362,True,-908418.2862866699,1202,0.2588888888888889,989695.058901024,3642645.3023940413,,
557507,272,1,2019-03-20 01:43:05,2019-03-20 01:58:36,0 days 00:15:31,134.2254620640935,32.81235252173977,10908.139213387183,229.61461658984933,True,245.14071729641543,-0.14790554073716594,-0.9890014919196263,652.9211304688436,142.8655066320417,3309.2382961225394,221.69987,9.520334e-05,22961.461658984932,1.0693578498616088,0.3608083312228436,8.902851087769457e-05,3579632563010.175,4.166486279294284e-06,56.846596,-13.768498,0.09115086,0.017204653,223.02605,55.36789,-13.799819,0.0045936595836593595,0.017532324106885877,0.0022253598456940787,1091.4440429219617,954.8702,136.57386469930543,-244.31204,244.31204,70249.34826165497,25346.5501157801,1.9730169024943955e-06,0.0016331914745068938,35.78444301378186,0.9552353765343136,50956096.41355331,0.10467862288045,2.274554126663045e-18,1.6645846910999715e-05,-9.367373,3.440931,-5.926442,True,-948260.966821252,1202,0.2586111111111111,989453.3958582727,3642599.7758612405,,
557508,273,1,2019-03-20 01:43:06,2019-03-20 01:58:36,0 days 00:15:30,134.22286789423873,32.81202643367892,10908.24245123668,229.61088885707903,True,245.13879073423143,-0.1479488473209518,-0.988995014434553,652.2968384389569,142.84090193050275,3289.592662115058,221.70016,9.5210096e-05,22961.088885707904,1.0693787454428947,0.3608019863707134,8.903309210035179e-05,3581329250363.4634,4.183445864620896e-06,56.844902,-13.758755,0.090564266,0.017084084,223.02646,55.365883,-13.791131,0.004592755546117076,0.01753749128251395,0.0022144437052706756,1091.4318418101266,954.9048,136.52705665387657,-244.3528,244.3528,70199.60672120773,25328.157547454633,1.974900345822964e-06,0.0016351598854181316,35.782661138057385,0.9554510563005554,51016371.99459583,0.10502348567590612,2.283262145867473e-18,1.6659268817090103e-05,-9.399335,3.4559982,-5.9433365,True,-950041.8189278127,1202,0.25833333333333336,989211.9221900797,3642551.5111017083,,
557509,274,1,2019-03-20 01:43:07,2019-03-20 01:58:36,0 days 00:00:00,134.22027377127432,32.811700252710864,10908.34354563409,229.6072385679911,False,0.0,0.0,0.0,618.8963469496325,142.89170405360113,0.0,221.70049,9.521709e-05,22960.723856799108,1.0693962522741411,0.3607957410815669,8.903817301206897e-05,3551455364036.6147,4.1941274861287034e-06,56.843197,-13.749009,0.08997849,0.016964065,223.02689,55.36386,-13.78244,0.004591967812045255,0.017539061302470082,0.0,1091.4196397481091,954.93945,136.48018662310915,-244.39362,244.39362,69456.80725505308,25059.72024674643,1.9750791908840106e-06,0.001635350138415019,35.811323922912045,0.9593059524433498,51131854.52068475,0.10978756593088707,2.3083668156094456e-18,1.69660557048653e-05,-9.82971,3.6118345,-6.2178755,True,0.0,1202,0.0,988970.4520313671,3642503.242406203,,
557510,276,1,2019-03-20 01:43:09,2019-03-20 01:58:36,0 days 00:15:27,134.215074184831,32.81104713814566,10908.677042103876,229.5951971010846,True,239.7063807617522,-0.20962452916861476,-0.9777819576832233,697.1600942979583,141.78972822002254,5065.681401061939,221.70023,9.521896e-05,22959.51971010846,1.0693965882823402,0.3607772403506548,8.903989361186408e-05,19512039869784.023,4.6649966534931416e-06,56.84077,-13.729445,0.08881529,0.016707148,223.02682,55.36083,-13.764989,0.004590533226866853,0.017600534239571707,0.003275242771142596,1091.3951666642822,955.00903,136.38613346115721,-244.47559,244.47559,70812.42370942354,25547.5108084271,1.1672031102018963e-06,0.000842913642285877,35.38468962323196,0.9104908749027139,275545431.8277685,0.1766875971320351,4.0757389093807716e-19,1.6105460360727006e-05,-16.032183,3.6961658,-12.336017,True,-2060106.896424724,1202,0.2575,988486.448187841,3642406.587328794,,
557511,277,1,2019-03-20 01:43:10,2019-03-20 01:58:36,0 days 00:15:26,134.21256634089053,32.81059523540568,10908.882688405156,229.5877721405412,True,239.82885520717474,-0.20957934757420796,-0.9777916429742941,695.5069742443147,141.65266923662097,5032.741817030072,221.69998,9.521952e-05,22958.77721405412,1.069399725788522,0.3607659716448495,8.904015626904725e-05,19478703420198.895,4.681645346460059e-06,56.840237,-13.719814,0.08824211,0.016571188,223.02666,55.35995,-13.756431,0.004589997366411751,0.017611649069536075,0.0032640728215459066,1091.3850645240875,955.0489,136.33617536393126,-244.51984,244.51984,70621.44488359905,25477.8141823948,1.1681920030733056e-06,0.0008438187163663706,35.33861693094006,0.9105770286403512,275818534.33195025,0.17731874826835256,4.098084157900823e-19,1.613718720194028e-05,-16.091766,3.7133882,-12.378378,True,-2063290.104546615,1202,0.25722222222222224,988253.7548626378,3642344.776058072,,
557512,278,1,2019-03-20 01:43:11,2019-03-20 01:58:36,0 days 00:15:25,134.21005720334904,32.810143199175855,10909.069276436587,229.5810354564161,True,239.82128463265053,-0.2096246924695317,-0.9777819226734837,694.0729189263976,141.5164161525075,5002.685657900433,221.69987,9.522192e-05,22958.10354564161,1.0694101543615357,0.36075556301106965,8.904153320027972e-05,19455620702181.188,4.698875290854351e-06,56.83956,-13.710178,0.087668695,0.016438125,223.02664,55.35893,-13.747867,0.0045893421369095225,0.017622791684981917,0.003254511398363992,1091.374953603016,955.08887,136.2860864155159,-244.56421,244.56421,70449.74190099625,25415.136303478444,1.16912543449732e-06,0.0008446729617611256,35.29298170211586,0.9106698962691201,276163122.4926611,0.17796249339266082,4.1188053039971596e-19,1.616537748160812e-05,-16.152534,3.7307372,-12.421797,True,-2066186.8295556419,1202,0.2569444444444444,988020.9389094809,3642282.9497795943,,
557513,279,1,2019-03-20 01:43:12,2019-03-20 01:58:36,0 days 00:15:24,134.20754818271507,32.80969107942149,10909.255330827846,229.57431819852718,True,239.6657329138675,-0.20977190344907864,-0.9777503508172986,692.8769680788217,141.37955324706823,4975.710401394516,221.69978,9.522445e-05,22957.431819852718,1.0694195236693813,0.3607451406066536,8.904312076781198e-05,19444571527270.617,4.71598136721057e-06,56.838882,-13.700539,0.087096475,0.016305577,223.02663,55.357903,-13.739299,0.004588801650799041,0.017633988489526593,0.0032467557027766733,1091.3648421259343,955.12897,136.23587484077802,-244.60864,244.60864,70298.19003098825,25359.730447122107,1.1699127219931107e-06,0.00084539421629414,35.247130212479796,0.910742656604427,276601311.0536591,0.17858237171653266,4.1367751499879537e-19,1.6189432585433512e-05,-16.211166,3.7472117,-12.463955,True,-2068331.957033949,1202,0.25666666666666665,987788.1323244135,3642221.120582962,,
557514,280,1,2019-03-20 01:43:13,2019-03-20 01:58:36,0 days 00:15:23,134.2050408833685,32.809238935687716,10909.462344582582,229.56684441644285,True,244.45506047325532,-0.21613311225137438,-0.9763639064347549,697.1704401209457,141.20979769439344,5130.817395485429,221.69954,9.52251e-05,22956.684441644284,1.069425034093643,0.3607337951266833,8.904326747735183e-05,19516707983645.703,4.733095214308914e-06,56.83837,-13.690897,0.08652707,0.016170852,223.02646,55.357044,-13.730728,0.004588266042161991,0.017646829782637725,0.0033495662161997066,1091.3547394200425,955.16907,136.18567203723,-244.65315,244.65315,70279.10179704646,25352.04710934308,1.169763111482697e-06,0.0008452632927319811,35.188143814000796,0.9105145872695406,277702865.92458856,0.1780624153970257,4.1361998078980303e-19,1.6199755557414348e-05,-16.165539,3.7375486,-12.42799,True,-2116571.7673274977,1202,0.2563888888888889,987555.485233977,3642159.302506084,,
557515,281,1,2019-03-20 01:43:14,2019-03-20 01:58:36,0 days 00:15:22,134.202487120186,32.80876377203084,10909.714149529022,229.5577538112177,True,244.94329656085776,-0.21583113426659384,-0.9764307049049591,694.9602002489124,141.0773530988075,5090.617110873868,221.69904,9.522244e-05,22955.77538112177,1.0694197184420675,0.36072032968629075,8.904122674301106e-05,19486678864050.51,4.749091971581167e-06,56.838192,-13.681044,0.0859491,0.016028216,223.02603,55.356514,-13.7219715,0.004587739377950868,0.01765790721122244,0.0033335924230999663,1091.3446294438336,955.21075,136.13387504930233,-244.6991,244.6991,70045.61931863434,25266.8788936982,1.170367181909616e-06,0.0008458200693136388,35.14421409856652,0.910589897040271,278199822.5386015,0.17867215936359335,4.1570106437214777e-19,1.6240255842617298e-05,-16.223347,3.7534,-12.469947,True,-2121209.634977553,1202,0.2561111111111111,987318.6049632566,3642094.718983094,,
557516,282,1,2019-03-20 01:43:15,2019-03-20 01:58:36,0 days 00:00:00,134.1999280944883,32.80828832436167,10909.89581262772,229.55119563212082,False,0.0,0.0,0.0,612.7341029384992,141.03214948267401,0.0,221.69902,9.522639e-05,22955.119563212083,1.0694356997867251,0.3607100686377444,8.904358365936804e-05,19272085114282.992,4.763821047172587e-06,56.837482,-13.671182,0.085367166,0.015894804,223.0261,55.35544,-13.713208,0.004587199448932325,0.017664872234545763,0.0,1091.3344875458404,955.2525,136.08198510443412,-244.7452,244.7452,67870.34533767107,24481.516925218748,1.1635964054809548e-06,0.0008396635314885557,35.13554956073099,0.9145222856844658,283954428.3795787,0.19648240500013278,4.2098811355193646e-19,1.6812231794879295e-05,-17.860518,4.1015444,-13.758973,True,0.0,1202,0.0,987081.230531184,3642030.08561564,,
557517,284,1,2019-03-20 01:43:17,2019-03-20 01:58:36,0 days 00:15:19,134.19477927699745,32.80733601442401,10909.586553242085,229.5623602270798,True,241.68851422812932,-0.24232175466250622,-0.9701959426926522,718.9726798255563,142.02273086104702,5843.161785655996,221.70354,9.5296506e-05,22956.23602270798,1.069670830499767,0.3607202613414755,8.908956184331764e-05,4219602665734.1104,4.40988166460274e-06,56.830944,-13.6514845,0.08416235,0.015711844,223.03088,55.348038,-13.695722,0.004585058204099823,0.017627111429613828,0.003759591388182464,1091.314020878987,955.33673,135.97728992195584,-244.8381,244.8381,71300.2439257696,25719.44262261456,1.912727029475437e-06,0.0015706152677489077,35.554687692996254,0.9461031603281732,59180760.58936239,0.10710803386486262,2.0254645621703696e-18,1.6498293699058977e-05,-9.60693,3.4474578,-6.159472,True,-1070216.5892522077,1202,0.25527777777777777,986603.5975672312,3641900.5378294755,,
557518,285,1,2019-03-20 01:43:18,2019-03-20 01:58:36,0 days 00:15:18,134.1922704198663,32.80680930829544,10909.74087561581,229.55678896918826,True,242.15277083975576,-0.2419912030797397,-0.9702784433511961,717.3167601184741,142.0092219471972,5811.039050030539,221.70377,9.530429e-05,22955.678896918827,1.0697008305401776,0.36071113061711446,8.90943412957082e-05,4143882629360.0776,4.425408013564096e-06,56.830208,-13.641731,0.08358832,0.015581842,223.03119,55.346912,-13.687068,0.004584511897392645,0.01763278963041279,0.003742306704665004,1091.3048250188458,955.38074,135.9240877141583,-244.88568,244.88568,71187.73850100522,25678.209640773082,1.9255326587453756e-06,0.0015838822252179099,35.559375246520666,0.9468732804351613,58210623.2985834,0.10620348605633566,2.073286531254961e-18,1.6524845787204524e-05,-9.525118,3.4388788,-6.086239,True,-1057037.6039597543,1202,0.255,986371.2014591427,3641830.4623013213,,
557519,286,1,2019-03-20 01:43:19,2019-03-20 01:58:36,0 days 00:15:17,134.18975654431637,32.806282310127074,10909.830764651873,229.5535438971843,True,242.5898457749607,-0.24167785780739195,-0.9703565391368422,715.4780724376883,141.97915909920363,5779.088143739824,221.70442,9.5318064e-05,22955.35438971843,1.0697530066960246,0.3607049687849817,8.910287110349561e-05,4140399712928.645,4.444054945087502e-06,56.82898,-13.63197,0.083011076,0.01545997,223.03195,55.34528,-13.67841,0.004583721766137217,0.01763947055884239,0.0037255034143852664,1091.2955988945032,955.425,135.87061110153445,-244.93343,244.93343,71041.15376069026,25624.897149698863,1.9274381258192677e-06,0.0015858595107368183,35.55778872325722,0.9470890424481151,58281707.0634301,0.10651365424974378,2.0842770922592683e-18,1.655257862550174e-05,-9.554158,3.4529586,-6.1011996,True,-1058818.0769708706,1202,0.25472222222222224,986138.3338621822,3641760.3370238915,,
557520,287,1,2019-03-20 01:43:20,2019-03-20 01:58:36,0 days 00:15:16,134.18723794349972,32.80575504427567,10909.761851453202,229.5560317199805,True,241.7684022342308,-0.24239188450684765,-0.9701784239639732,717.1604623360136,142.3498751790773,5791.627430349839,221.70618,9.534642e-05,22955.60317199805,1.0698473804679498,0.3607060218961931,8.912151435406688e-05,2875384359384.9673,4.431587172961727e-06,56.82655,-13.622229,0.08242559,0.015357553,223.0338,55.34241,-13.669771,0.004583015275178184,0.0176269416730809,0.0037228993725768986,1091.2863440307065,955.46936,135.81698367914396,-244.98132,244.98132,71445.98463186294,25770.99689701583,2.1786069667528842e-06,0.0018505147045698664,35.718330279883006,0.9606038961023416,40245569.77135738,0.10556822210458854,3.0896718104353675e-18,1.662357639912539e-05,-9.44319,3.7790015,-5.6641884,True,-981277.8137385682,1202,0.2544444444444444,985905.0221263587,3641690.1660886095,,
557521,288,1,2019-03-20 01:43:21,2019-03-20 01:58:36,0 days 00:15:15,134.1847283477219,32.805228011707776,10909.996438709572,229.54756301762677,True,242.20255093520794,-0.25327080560792714,-0.9673954202014353,726.3712275482379,141.9153704441785,6077.631702491653,221.70586,9.534701e-05,22954.756301762678,1.0698580378302927,0.3606932240559173,8.912117744235381e-05,4149761879423.0605,4.486121020413306e-06,56.826427,-13.612442,0.081860356,0.015218812,223.03355,55.34191,-13.661083,0.004582484675997875,0.017653135872340187,0.003909367781650344,1091.2771404409036,955.51373,135.76340753074737,-245.02924,245.02924,71389.83261090856,25749.828889240875,1.9351801632939643e-06,0.0015938931925455787,35.55336686829254,0.9468069945815835,58128191.755823866,0.10569257079954107,2.1013844733090855e-18,1.6540307255369745e-05,-9.481679,3.440755,-6.040924,True,-1062586.9082098228,1202,0.25416666666666665,985672.5511341491,3641620.0684601553,,
557522,289,1,2019-03-20 01:43:22,2019-03-20 01:58:36,0 days 00:15:14,134.1822214721949,32.80467633732011,10910.161634179683,229.54159954084912,True,242.77982805082553,-0.2528304517473645,-0.9675106008045719,724.4947637121556,141.90718695754813,6042.538940463322,221.70605,9.535468e-05,22954.159954084913,1.0698896079869287,0.3606835435698927,8.912571556456536e-05,4055067707325.413,4.501116485834789e-06,56.825844,-13.602644,0.08129088,0.015087884,223.03381,55.340923,-13.652392,0.004582056860808165,0.017658775725361724,0.0038901032782955387,1091.2682583818541,955.5594,135.7088711748229,-245.07808,245.07808,71265.17383719605,25704.175432724278,1.9511438588412696e-06,0.0016104847262177837,35.56062398683971,0.9477329097965601,56901112.96983768,0.1047949759524671,2.1622091648462617e-18,1.656977699843397e-05,-9.400179,3.4363384,-5.9638405,True,-1048755.0507163925,1202,0.2538888888888889,985440.4672398209,3641547.252858537,,
557523,290,1,2019-03-20 01:43:23,2019-03-20 01:58:36,0 days 00:15:13,134.17970833764844,32.80412430930636,10910.245857755295,229.53855915868542,True,252.26713831564243,-0.24514271857691589,-0.969487002248467,703.1220393859753,141.88279125055715,5797.64606680947,221.70679,9.536979e-05,22953.855915868542,1.0699468622141324,0.3606775706857251,8.913507055250869e-05,3905967036471.2725,4.499652181877959e-06,56.824642,-13.592841,0.08071724,0.01496681,223.03465,55.339302,-13.643699,0.004581265256005054,0.01766540648848915,0.0037419514064958377,1091.259338996492,955.60516,135.65417542227328,-245.1271,245.1271,69369.05786807441,25019.863272614562,1.957758504768711e-06,0.0016173687924899466,35.56174657016952,0.9483867795300186,56307050.38404318,0.10458693982951792,2.2459566063208504e-18,1.6936699570260724e-05,-9.381944,3.440504,-5.9414396,True,-1053639.406212164,1202,0.2536111111111111,985207.795700867,3641474.375000353,,
557524,291,1,2019-03-20 01:43:24,2019-03-20 01:58:36,0 days 00:15:12,134.17709194319127,32.80356820511015,10906.648200985077,229.668459826747,True,232.5222514731655,-0.262040197379121,-0.9650569594368569,763.1552925282984,151.32880882386598,6613.918779945846,221.73251,9.571928e-05,22966.845982674702,1.071023647601361,0.36083980346131284,8.93717730820438e-05,153237866580.67532,4.3810056144090545e-06,56.795403,-13.583634,0.079927504,0.015277404,223.06108,55.30894,-13.635665,0.004575228244800372,0.017236472044836585,0.003931994887363012,1091.2498189269108,955.6521,135.59771931753585,-245.1776,245.1776,80623.80613009601,29092.278358286832,6.004946843924385e-06,0.00880797936599137,39.47222488580764,1.3344171057628142,1900652.8460515493,0.042895478943291605,9.900820485584447e-17,1.873357735408313e-05,-4.151217,3.0883756,-1.0628414,True,-188595.32365861064,1202,0.25333333333333335,984965.4599469267,3641400.5750169978,,
557525,292,1,2019-03-20 01:43:25,2019-03-20 01:58:36,0 days 00:15:11,134.17469150316253,32.803020330268,10910.782145392746,229.5192005060037,True,239.49279342365818,-0.25657009221509214,-0.9665256270688012,724.8466408677199,140.82867752722376,6049.8579417676165,221.70578,9.536679e-05,22951.92005060037,1.0699585267714937,0.3606487902257877,8.913129712056776e-05,16483606803193.57,4.860679858265893e-06,56.825047,-13.573157,0.07959622,0.014682747,223.03375,55.338936,-13.626228,0.004580565363211235,0.017727620450816228,0.0039339840227582065,1091.241551358386,955.697,135.544529874011,-245.22539,245.22539,70588.51720188103,25457.663332690598,1.250264178799946e-06,0.0009192255848994197,35.15868690972489,0.913436906703019,233516830.45063764,0.18598812793351116,5.116011134944789e-19,1.632345492275361e-05,-16.9025,4.1550326,-12.747467,True,-2211077.112469121,1202,0.25305555555555553,984743.329178656,3641328.688848973,,
557526,293,1,2019-03-20 01:43:26,2019-03-20 01:58:36,0 days 00:15:10,134.17221496533512,32.802467722668524,10911.011241150929,229.5109311207489,True,240.08571484083345,-0.25610669113776907,-0.9666485207946389,722.444741259454,140.72796689641143,6006.442879353658,221.70555,9.5368894e-05,22951.09311207489,1.0699747426799517,0.36063617265906067,8.91319115339454e-05,16299898565900.443,4.874093342905028e-06,56.825,-13.563433,0.079042375,0.014547237,223.03357,55.338497,-13.617599,0.004580265587615884,0.01773778564583507,0.003915386532099008,1091.2328620677752,955.74286,135.4900031810564,-245.27432,245.27432,70368.64230823382,25377.47783725589,1.2547768111518149e-06,0.000923414327199115,35.12855043604608,0.9136822854120225,231635825.72053117,0.1871960392765795,5.192664513201372e-19,1.6360996284091795e-05,-17.014675,4.1964693,-12.818206,True,-2221460.4196153795,1202,0.25277777777777777,984514.0850956435,3641255.9325209437,,
557527,294,1,2019-03-20 01:43:27,2019-03-20 01:58:36,0 days 00:15:09,134.16973199532634,32.80191474724882,10911.154172111088,229.50577204148195,True,240.00717227758497,-0.256214943579903,-0.9666198335883384,721.2817326992592,140.62180463485666,5979.573759953517,221.70589,9.5378884e-05,22950.577204148194,1.0700167512569962,0.36062751268915944,8.913774843792298e-05,16340253494792.709,4.8946715162809874e-06,56.824295,-13.553703,0.07848417,0.014421998,223.03398,55.337383,-13.608968,0.004579716826866615,0.0177484232452683,0.003907072644718337,1091.2241345685334,955.7889,135.43525517400212,-245.32346,245.32346,70245.01873742574,25332.286386081243,1.2547592384896157e-06,0.000923401079907123,35.0966052389326,0.9137305140223426,232617967.62945142,0.1879515783669828,5.201582715975532e-19,1.6379922915030014e-05,-17.086279,4.21483,-12.8714485,True,-2226378.229008941,1202,0.2525,984284.2372119826,3641183.111482949,,
557528,295,1,2019-03-20 01:43:28,2019-03-20 01:58:36,0 days 00:15:08,134.16724992690138,32.80136171913682,10911.325431184187,229.4995905853676,True,256.4417398356488,-0.243093833060723,-0.9700027774846036,684.7812105551104,140.44270655385776,5572.138755354146,221.70604,9.538637e-05,22949.95905853676,1.0700513459697767,0.36061755614912955,8.914186344193326e-05,18308331869139.18,5.011341406053056e-06,56.82381,-13.543965,0.07792915,0.014293936,223.03421,55.336494,-13.600327,0.004579174212440762,0.017762678070146233,0.003662451299204715,1091.2154110414272,955.835,135.3803890687709,-245.37271,245.37271,66929.73171175337,24136.036283609395,1.1981312799787666e-06,0.0008712078992288686,35.03537945848287,0.9113964352224653,273545573.8562911,0.18535984686579027,4.696252001939293e-19,1.7011957246311396e-05,-16.86183,3.995303,-12.866527,True,-2257933.4274888407,1202,0.25222222222222224,984054.4715832403,3641110.294466363,,
557529,296,1,2019-03-20 01:43:29,2019-03-20 01:58:36,0 days 00:15:07,134.16458945108474,32.80080125182101,10904.966106444428,229.72921566833784,True,249.9744343895949,-0.24652817318642,-0.9691356250934987,729.4906432749449,157.3610609377962,6208.575507266154,221.75052,9.5980766e-05,22972.921566833786,1.0718187922625364,0.3609059549905242,8.954943359507753e-05,70498189244.95905,4.387100586045485e-06,56.77353,-13.535488,0.07700808,0.014903134,223.07986,55.284557,-13.59306,0.004569002300571583,0.017005796513414988,0.003552514860191496,1091.2056556328866,955.88306,135.32259899226165,-245.42447,245.42447,81282.29521935072,29335.264379961493,7.803879660675762e-06,0.013786128360689603,42.110609567469304,1.637798825895326,867325.2773523511,0.034448731660063306,2.596015890342673e-16,2.1105121260347875e-05,-3.2746143,2.7924771,-0.4821372,True,-87964.70507564965,1202,0.25194444444444447,983808.0121890625,3641035.8378339764,,
557530,297,1,2019-03-20 01:43:30,2019-03-20 01:58:36,0 days 00:15:06,134.16199768344518,32.80024704750476,10903.063274665788,229.79796004090454,True,245.15843504407138,-0.25043082480465056,-0.9681344958153605,748.3908103296457,162.6725484366287,6496.066821649053,221.76477,9.617329e-05,22979.796004090455,1.0723758715563203,0.36099075854074686,8.968244265190982e-05,47825997150.23995,4.395848409326084e-06,56.75714,-13.526005,0.07633329,0.015000681,223.09454,55.267365,-13.584728,0.004565387587726093,0.016796750137656618,0.0035626670161173317,1091.1962518048945,955.93036,135.26589291817572,-245.47528,245.47528,86467.10125843213,31213.824472100983,9.073104317907122e-06,0.017836913371293006,44.448161562894114,1.9005004548843631,553112.067528412,0.02884433482550296,4.2679612857551206e-16,2.2173063542954098e-05,-2.708002,2.472214,-0.2357881,True,-43300.282820990644,1202,0.25166666666666665,983567.9596862583,3640962.398578009,,
557531,298,1,2019-03-20 01:43:31,2019-03-20 01:58:36,0 days 00:15:05,134.159458416841,32.799694901206834,10903.154587109757,229.79466077889802,True,244.1650671751446,-0.2512809526366956,-0.9679141918796288,749.8609253680412,162.54873648787148,6498.95324258426,221.76549,9.61866e-05,22979.466077889803,1.0724127912091728,0.36098440169700075,8.969177111000569e-05,48695833654.55323,4.41766695377111e-06,56.75597,-13.516122,0.07577193,0.014873492,223.09534,55.265766,-13.575963,0.004564828703026649,0.016807037252562437,0.0035671590359447783,1091.1871501256633,955.97723,135.20991623894452,-245.5255,245.5255,86585.60056077877,31256.051214008214,9.03772474815773e-06,0.01771816480779822,44.40770800606571,1.8930902510562446,562401.0613678332,0.029137370906802615,4.200791667923855e-16,2.2096098104176855e-05,-2.7368464,2.4949515,-0.24189496,True,-44334.83124925502,1202,0.2513888888888889,983332.817083531,3640889.4349241676,,
557532,299,1,2019-03-20 01:43:32,2019-03-20 01:58:36,0 days 00:15:04,134.15693003543197,32.79914312672537,10903.651450126063,229.7767090099716,True,225.81871725407328,-0.2675771236041887,-0.9635364460796014,792.3954508679413,161.30349532505136,6956.082699946878,221.76344,9.616372e-05,22977.67090099716,1.0723474268482238,0.36095952371444123,8.96758991631259e-05,57396179622.998795,4.496692160401442e-06,56.7579,-13.506149,0.07523431,0.01470193,223.0933,55.267345,-13.567101,0.004564813029816435,0.016861894198008102,0.003844275739677011,1091.178109860846,956.0241,135.15400097412726,-245.5757,245.5757,90372.66539675754,32620.874258418167,8.730034113926208e-06,0.01669946393924751,43.87265495972485,1.8224356901318286,635105.530759947,0.03207345058669659,3.539461398587249e-16,2.0998078441739108e-05,-3.0223496,2.7131195,-0.3092301,True,-55379.604176080196,1202,0.2511111111111111,983098.6906962993,3640816.568454173,,
557533,300,1,2019-03-20 01:43:33,2019-03-20 01:58:36,0 days 00:15:03,134.15460363937314,32.798600050669585,10911.53592101987,229.49199331165207,True,237.03524548571616,-0.24846587628513897,-0.9686406497364531,709.0914512480285,140.70726587602832,5634.508348339527,221.71123,9.5482865e-05,22949.199331165208,1.0704042785017762,0.36059716344998133,8.920261869825436e-05,12014352970164.72,4.896388145195864e-06,56.816242,-13.49457,0.07509748,0.0137239015,223.03986,55.326748,-13.556498,0.004575752209847508,0.01777806330608028,0.003698078775684571,1091.170230046864,956.06903,135.10119928514519,-245.62326,245.62326,69909.53865721975,25209.181337890255,1.3881149003083536e-06,0.0010487230773344501,35.197960273634884,0.9208570629175571,171855703.82710522,0.20681230577101273,7.264656439665627e-19,1.6474033198334044e-05,-18.804617,5.0627275,-13.74189,True,-2308094.138223755,1202,0.25083333333333335,982883.4576889714,3640745.599481295,,
557534,301,1,2019-03-20 01:43:34,2019-03-20 01:58:36,0 days 00:15:02,134.15214727160492,32.79807038885124,10911.687273579495,229.4865306235068,True,237.2683198072861,-0.24831942609468902,-0.9686782038551318,707.5455817851173,140.62521947656523,5603.845119592123,221.71149,9.5491654e-05,22948.65306235068,1.070442048102354,0.3605881595005,8.92076822227383e-05,11982752591101.076,4.913770108154098e-06,56.815605,-13.484941,0.07455819,0.01360205,223.04018,55.32571,-13.547946,0.004575321063653917,0.017787472861115657,0.0036850360934448643,1091.1613631296311,956.11444,135.04692221166238,-245.672,245.672,69764.4244502836,25156.225411139443,1.3900014652031576e-06,0.0010505232360284596,35.175532204228745,0.9209956335407534,171760215.69045377,0.20768052103492796,7.312098328506119e-19,1.6499619833734648e-05,-18.886429,5.0915546,-13.794874,True,-2314270.6638087234,1202,0.25055555555555553,982655.9600788455,3640675.529737154,,
557535,302,1,2019-03-20 01:43:35,2019-03-20 01:58:36,0 days 00:15:01,134.14968840763652,32.79754051863747,10911.803626778807,229.48233122040693,True,237.00068119194276,-0.24857921955311144,-0.968611569002955,706.9978644421034,140.54100943680493,5584.8796934609245,221.71198,9.550362e-05,22948.233122040692,1.0704917982921096,0.36058078643883146,8.92147171679561e-05,12016054751584.299,4.933974074241123e-06,56.814705,-13.47531,0.07401818,0.013484304,223.04074,55.324398,-13.539392,0.00457476799753806,0.01779714341327997,0.0036793558441361837,1091.1524808013057,956.16,134.99250765677448,-245.72089,245.72089,69704.38172904607,25134.060782091947,1.390208352762489e-06,0.0010507228157274635,35.152517827747175,0.9210567572537167,172385931.17851534,0.20852477264046437,7.321966375351215e-19,1.650817649911088e-05,-18.966442,5.1145735,-13.851869,True,-2319372.759510546,1202,0.25027777777777777,982428.2270535188,3640605.4310241314,,
557536,303,1,2019-03-20 01:43:36,2019-03-20 01:58:36,0 days 00:15:00,134.14723250157363,32.79701069260001,10912.019133230991,229.47455335658287,True,236.5144107811435,-0.24900392937175503,-0.96850247452313,706.1216930233461,140.2005871198175,5562.248518682443,221.71179,9.550686e-05,22947.455335658287,1.0705168648813266,0.36056885294746543,8.921565269032273e-05,19721674263954.45,5.191870936692772e-06,56.814564,-13.465653,0.07348492,0.013356314,223.04062,55.323868,-13.530812,0.0045743491841543004,0.017819411915810133,0.0036792308199020103,1091.1436142498633,956.2057,134.93792577330078,-245.76984,245.76984,69456.3209606659,25043.785978738302,1.1973121282427759e-06,0.0008704655147202205,35.02620069809993,0.912114779556228,283943548.8545832,0.19314227160286365,4.5153811755478705e-19,1.645204990819602e-05,-17.595825,4.1714864,-13.424339,True,-2240264.014832445,1202,0.25,982200.7687597566,3640535.3563640867,,
557537,304,1,2019-03-20 01:43:37,2019-03-20 01:58:36,0 days 00:14:59,134.14478192517407,32.79648105037841,10912.242136712437,229.46650514149326,True,244.3923801197792,-0.2623185027168201,-0.9649813485930211,717.2946013045354,139.97421012419352,5909.157041941525,221.71156,9.5509495e-05,22946.650514149325,1.0705378895143252,0.36055658316032724,8.921636090467762e-05,19700243161463.52,5.208818356894696e-06,56.814487,-13.45601,0.07295449,0.013228211,223.04044,55.323402,-13.522242,0.004574048073908443,0.017836009928733826,0.00391035471442475,1091.1347766792592,956.2514,134.88337287066543,-245.81882,245.81882,69568.50376906691,25083.382014551113,1.1996795556065209e-06,0.0008726404854354017,34.94570096915641,0.9116540024341968,283177617.6595461,0.19133115817313223,4.537253771552746e-19,1.6483712231888543e-05,-17.431047,4.142007,-13.289041,True,-2327841.3122237287,1202,0.24972222222222223,981973.8068845365,3640465.3320911,,
557538,305,1,2019-03-20 01:43:38,2019-03-20 01:58:36,0 days 00:14:58,134.14225894620893,32.79590450323723,10912.494906082762,229.4573829492436,True,244.6303318167102,-0.2621579233121168,-0.9650249858136722,714.9467012225822,139.7684623768826,5865.092648253685,221.71121,9.551111e-05,22945.73829492436,1.0705616859065588,0.3605428249903121,8.921588660699438e-05,19633268268590.242,5.226450416583988e-06,56.81466,-13.446025,0.07240856,0.013093029,223.04013,55.323166,-13.513372,0.004573752997466727,0.017851859659204654,0.0038981370121000322,1091.126064619447,956.30005,134.8260157913221,-245.87048,245.87048,69292.63860902148,24982.963675129373,1.2007891316171127e-06,0.00087366434834187,34.874006074969195,0.9117065293996115,283338442.043887,0.1919698639526431,4.569102187592766e-19,1.6528402068091533e-05,-17.491995,4.160849,-13.331146,True,-2329827.354715907,1202,0.24944444444444444,981740.3060369217,3640389.773969687,,
557539,306,1,2019-03-20 01:43:39,2019-03-20 01:58:36,0 days 00:14:57,134.13973341257156,32.79532774789796,10912.711332400062,229.4495725745638,True,244.63163258280454,-0.2621934100835667,-0.9650153448048121,713.0214910237319,139.56345745219866,5826.955232367165,221.71112,9.551603e-05,22944.95725745638,1.0705928432832386,0.3605306854423467,8.921788439203074e-05,19585047512927.453,5.244654442915027e-06,56.81456,-13.436037,0.071861975,0.012962176,223.04008,55.322643,-13.504502,0.004573449837907617,0.017867893854291137,0.003889465387231275,1091.1173366191063,956.3488,134.7685207011375,-245.92233,245.92233,69050.61120089648,24894.86418647219,1.2017515434919967e-06,0.0008745521273261785,34.80300977638877,0.9117484181775689,283633224.5625826,0.19259320490054166,4.597136617905211e-19,1.6567367615882477e-05,-17.551586,4.1789355,-13.37265,True,-2330842.285281419,1202,0.24916666666666668,981506.5639686489,3640314.186975971,,
557540,307,1,2019-03-20 01:43:40,2019-03-20 01:58:36,0 days 00:14:56,134.13720790709544,32.79475091141842,10912.925117603392,229.4418577235303,True,256.66586188655106,-0.25268864537926206,-0.9675476466285232,685.8745721176288,139.3639363592598,5521.008855748341,221.71103,9.552126e-05,22944.18577235303,1.0706277006669063,0.360518718108416,8.921986595060335e-05,18617640348148.332,5.254186929721608e-06,56.81444,-13.426045,0.071316846,0.012832131,223.04007,55.322105,-13.495627,0.0045729157172485204,0.0178836445693046,0.0037081789167929024,1091.1086073601878,956.39777,134.7108412469065,-245.97427,245.97427,66577.95431601127,24002.598744289066,1.2081672742754846e-06,0.0008804444260458344,34.734163076798815,0.9121888289623045,279636713.6752202,0.19419291490214882,4.851382270990743e-19,1.7064432501841173e-05,-17.699938,4.23458,-13.465358,True,-2368730.8534031515,1202,0.24888888888888888,981272.8222262592,3640238.597032116,,
557541,308,1,2019-03-20 01:43:41,2019-03-20 01:58:36,0 days 00:14:55,134.1345516457581,32.79416772733455,10908.367891630909,229.60635949636048,True,245.76809179874016,-0.21641884972364844,-0.9763006102037901,688.1752574422363,151.93148802016597,4784.9430583455305,221.74336,9.5944284e-05,22960.63594963605,1.071795747110654,0.36072459114213906,8.9517321160155e-05,116394230540.20851,4.628327688363081e-06,56.777824,-13.417291,0.07053577,0.013191268,223.07326,55.284153,-13.488082,0.004565532371204028,0.017301920503343376,0.0029405855088025326,1091.0991308525145,956.4482,134.6509497001707,-246.02815,246.02815,76416.16239891754,27565.188938000832,6.583627109795193e-06,0.010308932000493248,39.93832943186819,1.4424941932963953,1523162.4683348043,0.040686085274062964,1.4695987052443503e-16,2.013199934531909e-05,-3.9226584,3.082606,-0.84005237,True,-142010.27057096266,1202,0.24861111111111112,981026.8486392575,3640161.711315231,,
557542,309,1,2019-03-20 01:43:42,2019-03-20 01:58:36,0 days 00:14:54,134.1319847660264,32.79368937954953,10908.382585618383,229.60582893540166,True,246.34980330439677,-0.21609848035293303,-0.9763715720918716,687.6050667256903,152.07726480846634,4767.211395041767,221.74449,9.596356e-05,22960.582893540166,1.0718582617716874,0.3607219202059671,8.9530082051421e-05,116915056133.25233,4.645807935265599e-06,56.775917,-13.407378,0.06998608,0.013081562,223.0745,55.281826,-13.479265,0.004564726983734033,0.017300869750647034,0.0029225618481586333,1091.0889102909998,956.4929,134.59599036912482,-246.07722,246.07722,76471.37916135212,27584.902731881513,6.583670800329741e-06,0.010309032738236358,40.0125769512383,1.4434676011702097,1528873.3826359452,0.040903072048175136,1.4685714116884278e-16,2.0133326679501784e-05,-3.9441478,3.1001108,-0.84403706,True,-142901.91393737987,1202,0.24833333333333332,980788.6888766531,3640096.8810943654,,
557543,310,1,2019-03-20 01:43:43,2019-03-20 01:58:36,0 days 00:14:53,134.129411637643,32.793210609253656,10908.316499690513,229.60821513098352,True,246.34213962682009,-0.21614860894516016,-0.9763604758751105,687.8713888527586,152.1996559413027,4760.239592814412,221.74619,9.5989904e-05,22960.82151309835,1.0719364112619274,0.3607229240179274,8.954813304030821e-05,118031558912.56804,4.665603428620924e-06,56.77339,-13.39747,0.06943314,0.012980004,223.0763,55.278862,-13.470455,0.004563905951416132,0.017301097414058077,0.002911220409236624,1091.078653158609,956.5378,134.54087239689034,-246.12646,246.12646,76593.66624844614,27629.091250392725,6.575661440558533e-06,0.010287545828105682,40.07753414537963,1.4430460351964807,1541009.3901199377,0.04108673890462734,1.4596128358839073e-16,2.0108880543710444e-05,-3.9627519,3.11339,-0.8493619,True,-143858.83760251105,1202,0.24805555555555556,980549.94309856,3640031.9815501124,,
557544,311,1,2019-03-20 01:43:44,2019-03-20 01:58:36,0 days 00:14:52,134.12683863239283,32.79273174280034,10908.254521276653,229.6104530328783,True,235.93129708630292,-0.22312476215907315,-0.9747898955731213,710.6735610542011,152.29961714398183,4960.18770314339,221.74785,9.601586e-05,22961.04530328783,1.0720126859675534,0.3607237169785121,8.956597152633838e-05,124384125640.5565,4.713877356720295e-06,56.770897,-13.387559,0.06888199,0.012878057,223.07806,55.275932,-13.461643,0.004563084637887016,0.017302292061207338,0.003021048196617995,1091.0683955383013,956.58276,134.48563186642627,-246.17581,246.17581,79088.70214789368,28529.17060979464,6.553623796245232e-06,0.010228610396877363,40.13296642692264,1.4395288625495948,1572716.737821309,0.041390867508330376,1.3960631470622937e-16,1.9569589463488036e-05,-3.9935799,3.132645,-0.860935,True,-144283.56784668993,1202,0.2477777777777778,980311.2071405824,3639967.0780049264,,
557545,312,1,2019-03-20 01:43:45,2019-03-20 01:58:36,0 days 00:14:51,134.12437877547165,32.792258396922634,10912.673825677859,229.4509260985695,True,235.6022808868889,-0.27398829953570525,-0.9617330251777427,723.4832389050197,140.04980499972663,6103.712638620574,221.71906,9.5652904e-05,22945.09260985695,1.071069522609073,0.3605199115277487,8.930597110504246e-05,16965708134896.924,5.266918273246342e-06,56.80272,-13.376344,0.06854385,0.012332008,223.04863,55.308178,-13.451441,0.004568823291413935,0.01787845624274869,0.004029432048670537,1091.0587800322314,956.62665,134.43213208301268,-246.22365,246.22365,69728.80492422129,25138.622582215907,1.2665510722823314e-06,0.0009343663823998143,35.06671089283836,0.9148833163939067,243309894.00054446,0.20196152722884975,5.402443780316635e-19,1.6548571331090404e-05,-18.415138,4.5943727,-13.8207655,True,-2353894.101678618,1202,0.2475,980083.0513317044,3639903.3090069885,,
557546,313,1,2019-03-20 01:43:46,2019-03-20 01:58:36,0 days 00:14:50,134.12195484317954,32.79167786218358,10912.88575387882,229.44327822360955,True,236.18647465339228,-0.2735100522470214,-0.9618691445928763,721.0918212848811,139.94495878413076,6060.965716679401,221.71898,9.565831e-05,22944.327822360956,1.0711045736002378,0.36050802772559537,8.930809580300311e-05,16773743178362.582,5.280843313703432e-06,56.802734,-13.3666935,0.06802847,0.012207245,223.04858,55.307777,-13.442871,0.004568635814379433,0.01788936516652092,0.00401089928859302,1091.0507224668436,956.67554,134.37518535746858,-246.27515,246.27515,69508.43573273555,25058.349076299794,1.2711279478343781e-06,0.0009386284169705164,35.03559087855056,0.9151171274720457,241319531.96096534,0.20325004642444983,5.48371124430981e-19,1.658674620825981e-05,-18.535355,4.639655,-13.8956995,True,-2364698.547008308,1202,0.24722222222222223,979858.8405731672,3639827.8068521623,,
557547,314,1,2019-03-20 01:43:47,2019-03-20 01:58:36,0 days 00:14:49,134.1195245718759,32.79109690354419,10913.01138388081,229.43874469815145,True,236.10778905134026,-0.2736206267624551,-0.9618376955651724,719.9573491386475,139.83465665845023,6035.091892108869,221.71948,9.567128e-05,22943.874469815146,1.0711599965038585,0.36050008585108534,8.931558611114198e-05,16811495492403.498,5.301647775515366e-06,56.802094,-13.357049,0.06750978,0.01209125,223.04916,55.306698,-13.43431,0.004568083822505287,0.01790084568317414,0.004003132858341457,1091.0426279326648,956.7246,134.3180185576648,-246.32683,246.32683,69384.15577314429,25012.994112923596,1.2710737589151593e-06,0.0009385805323003129,35.0028324791351,0.9151610914571312,242295885.9277571,0.20399370206505948,5.492784986647551e-19,1.6606388448176525e-05,-18.60643,4.658158,-13.948273,True,-2369110.156547244,1202,0.24694444444444444,979634.0348766837,3639752.234250719,,
557548,315,1,2019-03-20 01:43:48,2019-03-20 01:58:36,0 days 00:14:48,134.11709520569752,32.790515903721385,10913.165836499962,229.4331711696815,True,234.12871879274704,-0.275408995171761,-0.9613271479462551,722.0649133457995,139.64869704364207,6054.702479893861,221.7198,9.5681804e-05,22943.31711696815,1.0712100183216136,0.36049079756741736,8.932123701678647e-05,19998930309718.887,5.43304207559774e-06,56.801674,-13.347392,0.066994056,0.011972837,223.04953,55.305843,-13.425735,0.0045677684794841866,0.017916135892619593,0.004026685725092325,1091.0345373354253,956.77374,134.26079465964403,-246.37863,246.37863,69460.37461219222,25039.82584328076,1.2098639976122424e-06,0.0008819949017536744,34.93961569716027,0.912390618387311,287918549.5525462,0.19920648376400896,4.671344753193548e-19,1.6560995994331122e-05,-18.181002,4.361688,-13.819313,True,-2334525.638108106,1202,0.24666666666666667,979409.3116059413,3639676.6666931952,,
557549,316,1,2019-03-20 01:43:49,2019-03-20 01:58:36,0 days 00:14:47,134.11468749994685,32.78993600939974,10913.561358419964,229.41889899034092,True,246.012745524832,-0.2385576338085571,-0.9711283413389099,681.9508511014151,139.32103803526715,4940.189093330283,221.71846,9.567159e-05,22941.889899034093,1.0712081072246482,0.3604705630803882,8.931185999389283e-05,14861093897124.291,5.286196288586205e-06,56.803123,-13.337713,0.066493936,0.011832288,223.0482,55.306908,-13.417128,0.0045677331687033985,0.01793807219342369,0.0033499415408576004,1091.0265673188626,956.8229,134.2036913423001,-246.43022,246.43022,67858.44322582788,24460.97123937273,1.3133165579144807e-06,0.000978068586851291,34.81842890041464,0.9186385346821929,219001397.4778005,0.21674274718032147,6.248044554383704e-19,1.6764674716524975e-05,-19.777151,5.08921,-14.687941,True,-2462255.093793689,1202,0.24638888888888888,979186.6112664231,3639601.3258648426,,
557550,317,1,2019-03-20 01:43:50,2019-03-20 01:58:36,0 days 00:14:46,134.11213180080546,32.789408206672306,10913.697413677968,229.41398968136193,True,246.12624313669284,-0.23851707613775533,-0.9711383034309254,680.6325486504023,139.22248753423403,4913.144901760554,221.71886,9.568279e-05,22941.398968136193,1.0712587859940317,0.36046220782054494,8.931809449078313e-05,14854767043012.95,5.305623029155181e-06,56.8023,-13.327673,0.0659583,0.011714834,223.04866,55.30566,-13.408195,0.0045672989885591165,0.017948866084038964,0.0033384760622653656,1091.0170134276057,956.87067,134.1463469236994,-246.48181,246.48181,67719.5424165986,24410.335772084174,1.3142019809904496e-06,0.0009789025491413732,34.790109500134314,0.9187192644868667,219357168.00372127,0.21764229822854564,6.274650481765657e-19,1.679052356130586e-05,-19.862642,5.115076,-14.747566,True,-2468607.101982829,1202,0.2461111111111111,978949.7473908955,3639531.102168431,,
557551,318,1,2019-03-20 01:43:51,2019-03-20 01:58:36,0 days 00:14:45,134.10957491144245,32.788880250180604,10913.81442724784,229.40976752545066,True,256.09149158479204,-0.23181778300309208,-0.9727592279097286,660.1248436395501,139.12688633325791,4700.58308826089,221.71938,9.569569e-05,22940.976752545066,1.0713123657592807,0.3604547331545656,8.93256621756304e-05,14305079459080.055,5.317072102118252e-06,56.801334,-13.317633,0.0654232,0.011599518,223.04926,55.304268,-13.399261,0.004566745320268808,0.017959571460937913,0.0032060008892945756,1091.0074514765013,956.9187,134.08875030462627,-246.53351,246.53351,65808.11528202769,23720.846633388184,1.3191216207052835e-06,0.0009835243227806414,34.76306824675627,0.9191013214065133,217375613.90071896,0.21926701931286954,6.536047330864225e-19,1.722567186374199e-05,-20.01411,5.1712646,-14.842846,True,-2507380.483331544,1202,0.24583333333333332,978712.7701993035,3639460.862042997,,
557552,319,1,2019-03-20 01:43:52,2019-03-20 01:58:36,0 days 00:14:44,134.10691036207078,32.78834640275484,10910.04262068255,229.545895858048,True,247.61890024361767,-0.23759342195151614,-0.9713646925050183,693.3317934533561,149.23290497884716,5133.30235154021,221.74632,9.604093e-05,22954.5895858048,1.0721959893721489,0.3606247968448957,8.957404393334941e-05,161991209039.80023,4.848618179116855e-06,56.770527,-13.308835,0.064718954,0.011846609,223.07693,55.27228,-13.391651,0.004560444431604935,0.017484414297563176,0.003210497657251667,1090.9972810221866,956.9679,134.0293855143741,-246.5869,246.5869,74588.67776881698,26898.52676730901,5.9401721231710525e-06,0.008646743090811673,38.93859479858728,1.3357658635299117,2171793.5467616413,0.048780657209134624,1.0280578779681272e-16,1.9641862487558458e-05,-4.7432346,3.5300965,-1.2131381,True,-208232.2806864683,1202,0.24555555555555555,978465.7244011995,3639389.4851301443,,
557553,320,1,2019-03-20 01:43:53,2019-03-20 01:58:36,0 days 00:14:43,134.1043373972488,32.78781730104544,10909.93063783243,229.5499384324855,True,240.55270352788648,-0.2456493458458366,-0.9693587565424436,700.974724906207,149.36549180965403,5371.017405036392,221.74841,9.607274e-05,22954.99384324855,1.0722902504166616,0.3606277396668484,8.959583574180588e-05,162883119515.98694,4.870668363409484e-06,56.767788,-13.298847,0.06417719,0.011749447,223.07913,55.26907,-13.382779,0.004559613541769636,0.0174845413066376,0.003340657401465789,1090.9876268387154,957.0163,133.97133045199666,-246.63907,246.63907,74988.57866329403,27042.961624173382,5.948894443265553e-06,0.00866840589570009,39.00809932878782,1.3344010556595818,2172105.704888046,0.04869189857656586,1.02815005313003e-16,1.9598774213126732e-05,-4.7348275,3.5277638,-1.2070637,True,-203503.70373643286,1202,0.2452777777777778,978227.2405071793,3639319.057269084,,
557554,321,1,2019-03-20 01:43:54,2019-03-20 01:58:36,0 days 00:14:42,134.10184303250037,32.78728587179062,10909.869567417769,229.55214309522856,True,240.54764123489738,-0.2456979213265086,-0.9693464455270019,701.1042484465394,149.47046127438546,5364.631607909382,221.75014,9.6100004e-05,22955.214309522857,1.0723728703744524,0.36062839259541,8.961435598747955e-05,164267896502.41122,4.890764222109764e-06,56.76554,-13.289118,0.06365457,0.011650035,223.08095,55.266365,-13.374137,0.004558908484502808,0.01748575290730658,0.0033296333786593238,1090.9784952128482,957.0642,133.9142862284732,-246.69044,246.69044,75086.64276851458,27078.37528699518,5.942869990923415e-06,0.00865335895361824,39.065652862315275,1.3341853996145776,2187711.295187807,0.048974035771622064,1.0229498692025484e-16,1.957953138215667e-05,-4.7632837,3.547624,-1.2156596,True,-204982.30890411814,1202,0.245,977996.1387785245,3639248.733521712,,
557555,322,1,2019-03-20 01:43:55,2019-03-20 01:58:36,0 days 00:14:41,134.09934876683116,32.78675434864251,10909.807013363461,229.5544013356428,True,240.53563996116603,-0.24575196863255325,-0.9693327446822502,701.2622750682814,149.57746531241233,5358.469435635219,221.75186,9.6127376e-05,22955.44013356428,1.072457176923178,0.36062912968412086,8.963283418493247e-05,165611998847.49747,4.9110087599400196e-06,56.76329,-13.2793865,0.06313362,0.011550804,223.08278,55.263645,-13.365494,0.004558087493533094,0.017487015984188867,0.0033187178565752136,1090.9693630220736,957.1123,133.8570583345736,-246.74194,246.74194,75188.91926068597,27115.314514870814,5.937612761130405e-06,0.008640231614425776,39.12443204477638,1.3340888381976637,2202611.7741273483,0.049252597688786225,1.0182048058669523e-16,1.956066886169005e-05,-4.7913666,3.5674477,-1.2239189,True,-206406.15304808802,1202,0.24472222222222223,977765.0443677702,3639178.405566446,,
557556,323,1,2019-03-20 01:43:56,2019-03-20 01:58:36,0 days 00:14:40,134.0968546757416,32.786222735100445,10909.752879897782,229.55635560206997,True,230.22642149535997,-0.2537698341422982,-0.9672646335307575,724.0651109517364,149.64675409810027,5588.854913526315,221.75354,9.615401e-05,22955.635560206996,1.0725382969918122,0.3606294777454084,8.965089065827136e-05,174443490898.44348,4.954661861948122e-06,56.7611,-13.269651,0.06261472,0.011450851,223.08456,55.260998,-13.356845,0.004557268755972927,0.017489884310051603,0.0034492625419317007,1090.9602306996853,957.1604,133.79983030906033,-246.79355,246.79355,77518.157274423,27955.3325736616,5.912738290325239e-06,0.008578388502536222,39.167111042340665,1.3301687177503876,2250356.5233225795,0.04967128718059124,9.723428916643098e-17,1.907605182004397e-05,-4.834111,3.5914538,-1.2426574,True,-207075.87651442573,1202,0.24444444444444444,977533.964336972,3639108.074133059,,
557557,324,1,2019-03-20 01:43:57,2019-03-20 01:58:36,0 days 00:14:39,134.09447292855077,32.78569738241346,10913.65061818835,229.41567820273858,True,237.38863099546154,-0.2605396907840302,-0.9654631373212351,698.7686858251953,139.4537033455211,5450.903460967109,221.72835,9.584667e-05,22941.567820273856,1.0718276334408465,0.3604494190158534,8.942358535499591e-05,19985690572538.043,5.620715427705024e-06,56.789295,-13.25855,0.06226086,0.010999624,223.05879,55.289494,-13.346743,0.004562439852070668,0.017980033268557568,0.00365742845539379,1090.951727512135,957.20734,133.74439108635374,-246.84358,246.84358,68442.884841017,24670.19807671354,1.2178553548982865e-06,0.0008893401641135778,34.966373705931176,0.9140566710717679,292005379.6528585,0.2109733140015895,4.843629096722834e-19,1.668876273678415e-05,-19.28841,4.6586356,-14.629774,True,-2424998.5439642407,1202,0.24416666666666667,977313.3855672695,3639038.952357805,,
557558,325,1,2019-03-20 01:43:58,2019-03-20 01:58:36,0 days 00:14:38,134.09202132502622,32.78514115579068,10913.810411662347,229.4099124172444,True,237.38413340311783,-0.26058172442879696,-0.9654517931485314,697.2414738041059,139.29263411071565,5420.255942289684,221.7286,9.585654e-05,22940.99124172444,1.0718757278513833,0.36043993971905536,8.942878437174002e-05,19955743942878.55,5.6392889234514526e-06,56.788868,-13.24881,0.061758034,0.010884351,223.0591,55.288635,-13.33808,0.004562125958512695,0.017994169173190584,0.0036487556533189615,1090.9431650318863,957.2566,133.68657323501134,-246.8958,246.8958,68253.51379973275,24601.292399589387,1.2186681668898896e-06,0.0008900916763067555,34.91307502598533,0.9141016651730813,292376799.8440644,0.2116633694402868,4.867663174568358e-19,1.672078443516161e-05,-19.354662,4.6783667,-14.676295,True,-2427344.155410392,1202,0.24388888888888888,977086.4176539265,3638966.091493616,,
557559,326,1,2019-03-20 01:43:59,2019-03-20 01:58:36,0 days 00:14:37,134.08956981208138,32.784584849974394,10913.969435955622,229.40417450238695,True,237.50207342568254,-0.26052652447399205,-0.9654666902827369,695.5117984072131,139.1317138401451,5387.026146840792,221.72887,9.586655e-05,22940.417450238696,1.0719274012345383,0.36043050423357503,8.943380649718748e-05,19915204931590.84,5.658154131242755e-06,56.788437,-13.239066,0.06125672,0.010769556,223.0594,55.287777,-13.329414,0.004561811902568706,0.018008280323282548,0.0036382870107380485,1090.9346018066126,957.3059,133.6286936034876,-246.94812,246.94812,68047.913545328,24526.543791185293,1.2196151223451839e-06,0.0008909667782161907,34.85976957955453,0.9141548462862579,292664446.1821,0.21239577791262498,4.894768517680105e-19,1.6756259609175937e-05,-19.42482,4.6995006,-14.725319,True,-2430571.1994212307,1202,0.2436111111111111,976859.4560839608,3638893.2278296663,,
557560,327,1,2019-03-20 01:44:00,2019-03-20 01:58:36,0 days 00:14:36,134.08711705852056,32.78402838562544,10914.109711082614,229.39911319144917,True,236.63056425077144,-0.26125686438642926,-0.9652693151711448,695.4750117893313,138.97073331823853,5376.215214094943,221.72925,9.587818e-05,22939.911319144918,1.0719813912081015,0.3604219327387303,8.944015523367904e-05,19958160875961.66,5.676960704848036e-06,56.78787,-13.229322,0.060756046,0.010656762,223.05984,55.28677,-13.320749,0.004561378422239954,0.018022560452961515,0.003642198655683563,1090.926030414318,957.35535,133.5706837346304,-247.00058,247.00058,67978.99600500695,24501.12112576303,1.2196665891159935e-06,0.0008910170263023674,34.806727191820684,0.9141603227635697,293593051.51390666,0.21289992859916745,4.900420758066703e-19,1.6764474092100668e-05,-19.474117,4.712697,-14.76142,True,-2427508.991375738,1202,0.24333333333333335,976632.3764201218,3638820.346536732,,
557561,328,1,2019-03-20 01:44:01,2019-03-20 01:58:36,0 days 00:14:35,134.08467382130078,32.783472409413065,10914.378686804072,229.38940844683756,True,243.11500066723886,-0.2420526494185113,-0.970263116329524,675.493185530552,138.67224356131837,4789.526371162448,221.72876,9.587907e-05,22938.940844683755,1.0720111156022312,0.3604074813634356,8.943850330342341e-05,19813527942634.184,5.694338414868397e-06,56.788296,-13.219549,0.06026312,0.010533521,223.05939,55.28679,-13.312048,0.004561201953773093,0.01804357598919832,0.0032827703873067786,1090.9175107678573,957.4048,133.51272561160727,-247.05301,247.05301,67133.58527396702,24195.446383487884,1.2187624129384554e-06,0.0008901923644555188,34.69778063038862,0.9148710583644389,295135852.8190725,0.21698596419244678,4.950191352022088e-19,1.6866679476165133e-05,-19.854729,4.8003945,-15.054335,True,-2470446.538334741,1202,0.24305555555555555,976406.1841682956,3638747.5680397265,,
557562,329,1,2019-03-20 01:44:02,2019-03-20 01:58:36,0 days 00:14:34,134.08215065945558,32.782943182884324,10914.589260195215,229.38181111215246,True,243.35165080009946,-0.24192465940094493,-0.9702950371787628,673.5545903228295,138.49203436935392,4754.563058458948,221.72864,9.5884454e-05,22938.181111215246,1.0720525030210915,0.3603957438030039,8.944007279729735e-05,19755793422411.17,5.7123003486819084e-06,56.788124,-13.209549,0.059755027,0.010414426,223.05933,55.2862,-13.303139,0.004560782431129837,0.018058653645231085,0.0032706222229911736,1090.9081511448933,957.4537,133.45447682848703,-247.1055,247.1055,66896.12744893382,24109.07960949905,1.2197750562162137e-06,0.0008911298753687078,34.63657639796003,0.9149319397018162,295320434.4674818,0.21767456648462394,4.981261964132884e-19,1.6910049405264692e-05,-19.920963,4.8209867,-15.099977,True,-2473183.475917266,1202,0.2427777777777778,976172.3496056923,3638677.4043062036,,
557563,330,1,2019-03-20 01:44:03,2019-03-20 01:58:36,0 days 00:14:33,134.07962497318192,32.782413721210666,10914.763140847563,229.37553777836374,True,243.34626505589156,-0.2419652493497873,-0.9702849159432991,672.0029208988022,138.31287810309348,4724.595307741606,221.72878,9.589299e-05,22937.553777836372,1.0720995423261266,0.3603856662047361,8.944410926895313e-05,19717605690973.22,5.730696676945396e-06,56.787674,-13.199552,0.059246674,0.01029885,223.05952,55.285324,-13.294233,0.004560355660150037,0.018073850787351676,0.0032615622120604603,1090.8987760861703,957.5027,133.3960905392953,-247.15816,247.15816,66691.75563853334,24034.752786156307,1.2206139237332707e-06,0.0008919061653203389,34.57609394458957,0.9149815472965901,295652820.9849783,0.21833604254942965,5.007760092484505e-19,1.6946443953433084e-05,-19.984758,4.840407,-15.144352,True,-2474684.8664750075,1202,0.2425,975938.2770231816,3638607.208964375,,
557564,331,1,2019-03-20 01:44:04,2019-03-20 01:58:36,0 days 00:14:32,134.0770993841723,32.78188418242762,10914.935530127948,229.36931838801644,True,251.49970307574554,-0.23653434363719275,-0.9716231287284811,654.56072777441,138.13694890914087,4544.075135830443,221.72893,9.590171e-05,22936.931838801644,1.072149190983423,0.36037565125508414,8.944810413579362e-05,19038348520041.38,5.747427476293469e-06,56.787216,-13.18955,0.058739763,0.010183829,223.05972,55.28444,-13.285324,0.004560044357607751,0.0180889114214338,0.003152140503847114,1090.8894001893402,957.5518,133.33758134168397,-247.2109,247.2109,65022.657636304066,23432.582592019447,1.2257506893413913e-06,0.0008966422145009834,34.51692912129185,0.9152923646232503,292795607.133285,0.219995448073305,5.207132366391056e-19,1.733158729791981e-05,-20.139872,4.8964753,-15.243397,True,-2507587.4045677963,1202,0.24222222222222223,975704.2114811426,3638537.0114090773,,
557565,332,1,2019-03-20 01:44:05,2019-03-20 01:58:36,0 days 00:14:31,134.0744857791418,32.78134922212522,10911.902906164563,229.47874809215304,True,246.00813229440337,-0.21725707523065696,-0.9761144211936532,662.3135069591546,146.522824015797,4182.36467291016,221.75089,9.617643e-05,22947.874809215304,1.0727827250939566,0.36051187160920983,8.965136049092093e-05,221710607280.17545,5.104410678080529e-06,56.76207,-13.180804,0.058116294,0.010333082,223.08228,55.25825,-13.277742,0.004554931443714736,0.017686034456511866,0.0027239285854986834,1090.8795329338086,957.6022,133.2773600822461,-247.2651,247.2651,71544.76182360668,25792.735988863587,5.367015731460842e-06,0.007269733372613193,37.97003764621963,1.263876806926489,3098907.615721778,0.053642571311925805,7.356076495515878e-17,1.9487124089096025e-05,-5.2580857,3.704256,-1.5538297,True,-253279.07057138407,1202,0.24194444444444443,975461.9166205587,3638465.820831575,,
557566,333,1,2019-03-20 01:44:06,2019-03-20 01:58:36,0 days 00:14:30,134.0719172527044,32.78086855272975,10911.831739548168,229.48131658767224,True,246.2397822290133,-0.21716664503050437,-0.9761345441516731,662.4014432199075,146.69708530631056,4173.805456084913,221.75262,9.620359e-05,22948.131658767223,1.0728635816202006,0.3605130748879984,8.96699204015494e-05,221846790074.97247,5.12327039715528e-06,56.75958,-13.170851,0.05759974,0.010236941,223.08412,55.255302,-13.26888,0.004554108746315535,0.017683951977818694,0.0027097100687372747,1090.8692729673646,957.64935,133.21991994002087,-247.31671,247.31671,71671.81491296427,25838.62637707625,5.375702199753269e-06,0.007289828109616239,38.05592626249826,1.265689711887222,3095314.2507187156,0.05367886473205378,7.387187961059136e-17,1.948438510863469e-05,-5.2619104,3.7114046,-1.5505059,True,-253006.3638121536,1202,0.24166666666666667,975223.557794323,3638400.8680682196,,
557567,334,1,2019-03-20 01:44:07,2019-03-20 01:58:36,0 days 00:14:29,134.0693462686836,32.780387630968434,10911.724630386809,229.4851823401551,True,246.23320119063965,-0.2172145728275933,-0.9761238801255331,662.8320728819385,146.87073825418742,4169.308544062297,221.75461,9.62337e-05,22948.518234015508,1.0729521341942447,0.3605159400105237,8.969058060589136e-05,222234833393.5802,5.143113500833625e-06,56.75681,-13.160905,0.057083216,0.010143663,223.08621,55.25207,-13.260026,0.0045532797452062825,0.01768196076337248,0.002697984436136394,1090.8589981461355,957.6967,133.16228183754174,-247.36845,247.36845,71831.20278337198,25896.293593533897,5.383497891875768e-06,0.007307867142748946,38.141781884791364,1.2673685247913276,3093848.1437348947,0.05375063440424425,7.410482039415983e-17,1.947302967299452e-05,-5.2692747,3.7206378,-1.5486369,True,-252855.85689403705,1202,0.24138888888888888,974984.9675379305,3638335.8823010405,,
557568,335,1,2019-03-20 01:44:08,2019-03-20 01:58:36,0 days 00:14:28,134.06677539535065,32.779906615931324,10911.619783729657,229.4889664860704,True,239.2432766258314,-0.221427921744591,-0.9751767406331384,677.5903526236161,147.03157202974612,4285.10157540685,221.75659,9.626359e-05,22948.896648607042,1.0730356028552268,0.3605186547576675,8.971145901957453e-05,229144943605.75156,5.177833163349382e-06,56.754063,-13.150957,0.05656843,0.010050159,223.0883,55.24886,-13.25117,0.0045524503283510855,0.017680638128670167,0.002760957813295484,1090.8487227265355,957.74426,133.10446003122297,-247.42029,247.42029,73468.94952513503,26486.926849260653,5.381092619268166e-06,0.007302237741463933,38.22250417544521,1.267351574938195,3118935.891785917,0.054210459062172735,7.233240946313812e-17,1.9105135921200274e-05,-5.3153496,3.7526288,-1.5627208,True,-253419.28813210886,1202,0.2411111111111111,974746.3859011801,3638270.892776499,,
557569,336,1,2019-03-20 01:44:09,2019-03-20 01:58:36,0 days 00:14:27,134.0642801278891,32.779430227425834,10914.560800247602,229.3828379144395,True,234.18060626728382,-0.2531586441320459,-0.967424777903287,681.1548985827342,138.75330829166342,4979.599329052595,221.73784,9.604307e-05,22938.28379144395,1.072595854666794,0.3603824053604837,8.954264494948716e-05,20198389222468.277,5.861808369319105e-06,56.7748,-13.139714,0.05615927,0.009715587,223.06914,55.269722,-13.240952,0.00455615854140234,0.01808886811313003,0.0033945907976635215,1090.8388655112135,957.7909,133.047971956526,-247.47107,247.47107,67313.8994335545,24258.744992058073,1.223794286725702e-06,0.0008948158706428337,34.825558173447206,0.9153527947519673,300062682.3351111,0.22289594069324978,5.003635107865528e-19,1.6878792127211325e-05,-20.4231,4.9629674,-15.460133,True,-2464253.1953625553,1202,0.24083333333333334,974514.8691780701,3638206.763331517,,
557570,337,1,2019-03-20 01:44:10,2019-03-20 01:58:36,0 days 00:14:26,134.06185691126836,32.77889706201233,10914.745887869485,229.376160231807,True,234.53163931843733,-0.25293373743137315,-0.9674836042378172,679.2514510204766,138.6130743407351,4945.666780974789,221.73788,9.6050666e-05,22937.6160231807,1.0726427359638162,0.3603718477325109,8.954581303546884e-05,20169752547159.13,5.879793784734275e-06,56.774586,-13.130054,0.0556817,0.0096041355,223.06924,55.26909,-13.2323475,0.004555734191010288,0.018101985509742822,0.003380837941164298,1090.8301677084257,957.83984,132.99032395842573,-247.52328,247.52328,67101.6749477478,24181.554586866212,1.2243227863344727e-06,0.0008953073334957949,34.78040260042192,0.9154054691064396,300584934.1743757,0.22357913926888034,5.026555769616407e-19,1.691841064966444e-05,-20.48908,4.9819503,-15.50713,True,-2468549.829049065,1202,0.24055555555555555,974290.4109925837,3638136.659445885,,
557571,338,1,2019-03-20 01:44:11,2019-03-20 01:58:36,0 days 00:14:25,134.059429928886,32.77836357162596,10914.876825342084,229.3714363000729,True,234.53132233012266,-0.2529729238779617,-0.9674733586950262,677.9374074996912,138.47431614977899,4919.387306413833,221.73831,9.606279e-05,22937.14363000729,1.0726998549674185,0.3603637182774731,8.95523451308499e-05,20132497087139.215,5.898586681683205e-06,56.773952,-13.120405,0.05520328,0.009497231,223.06972,55.268024,-13.223755,0.004555413879801051,0.01811518749068304,0.0033719389909348946,1090.821447884842,957.88904,132.93240979890447,-247.57565,247.57565,66939.02115220594,24122.394560263354,1.2253804040184744e-06,0.0008962844807980547,34.73611880228828,0.9154660561335147,300758761.34134,0.2243523592011101,5.052987696762732e-19,1.694785466115382e-05,-20.563307,5.0047684,-15.558538,True,-2471935.6152690575,1202,0.24027777777777778,974065.5988754444,3638066.50799255,,
557572,339,1,2019-03-20 01:44:12,2019-03-20 01:58:36,0 days 00:14:24,134.0570029900274,32.777829999310484,10915.005818270083,229.36678260019923,True,233.0740027661382,-0.2541003430199823,-0.9671778614490342,679.0310355102183,138.33821471441576,4923.753935225646,221.73874,9.6075106e-05,22936.678260019922,1.0727572432612522,0.3603557213101646,8.955903717603538e-05,20084396275561.113,5.916786403862645e-06,56.77331,-13.110753,0.054726284,0.009390821,223.0702,55.26695,-13.215159,0.004554978392948499,0.018128323128566718,0.003383058944223307,1090.8127271112187,957.93835,132.8743726190312,-247.62813,247.62813,66977.41106095178,24135.693274356676,1.2278434024247953e-06,0.000898557603600139,34.693008865849364,0.9155772451225682,299868208.6604335,0.22521494576582712,5.083272467145966e-19,1.6934845969848177e-05,-20.6455,5.0345902,-15.61091,True,-2468807.8152272375,1202,0.24,973840.7888417047,3637996.3531016773,,
557573,340,1,2019-03-20 01:44:13,2019-03-20 01:58:36,0 days 00:14:23,134.05459188496673,32.77729738006974,10915.352988558989,229.35425805823309,True,245.4931723127106,-0.25079776392059533,-0.9680395041590139,672.7255408088794,137.93978058998522,4782.684840262287,221.7377,9.6069656e-05,22935.42580582331,1.0727777696165286,0.3603377248120218,8.95522435855316e-05,19912566320048.965,5.931878415895233e-06,56.77437,-13.10104,0.054259766,0.009268528,223.06917,55.267616,-13.206492,0.00455504836908176,0.01815457656238764,0.0033150485811257045,1090.8040924426573,957.9875,132.81660464968854,-247.68045,247.68045,66397.90228981501,23925.669043402875,1.2288259776339964e-06,0.0008994741461922014,34.54340827119105,0.915648893426021,299897521.3574393,0.2260875916938701,5.141087000556023e-19,1.7032208658032095e-05,-20.728983,5.059562,-15.66942,True,-2585914.692719617,1202,0.23972222222222223,973617.4565400986,3637926.380620564,,
557574,341,1,2019-03-20 01:44:14,2019-03-20 01:58:36,0 days 00:14:22,134.05205005807653,32.77674367007357,10915.622070190244,229.34455102962147,True,245.73115851874945,-0.2506652880958566,-0.9680738160614724,670.3372510385099,137.6780655188893,4741.597985467241,221.73723,9.60717e-05,22934.455102962147,1.0728178357594222,0.3603232480996169,8.955080488005254e-05,19825419912559.926,5.949305717655327e-06,56.774723,-13.090857,0.05376686,0.009148004,223.06873,55.267544,-13.197412,0.004554871955998294,0.018174293374596133,0.0033035489631073702,1090.79489043091,958.0391,132.75576689575382,-247.73543,247.73543,66079.4073934178,23809.94670449414,1.2298386103104822e-06,0.0009004157103871059,34.449826949131115,0.9156609836282941,300024178.4028884,0.22663021362713745,5.17980047292195e-19,1.7089555282377874e-05,-20.782063,5.0775094,-15.704554,True,-2584968.793273113,1202,0.23944444444444443,973381.9719348566,3637853.484838183,,
557575,342,1,2019-03-20 01:44:15,2019-03-20 01:58:36,0 days 00:14:21,134.04950569234734,32.776189715936276,10915.85386425056,229.33618940420453,True,247.43169376165986,-0.2495248074457989,-0.9683684063770033,665.0044523283234,137.41897281925446,4673.445292864641,221.73703,9.6076874e-05,22933.618940420452,1.0728636392361108,0.3603104207260953,8.95518035788813e-05,19620974632079.8,5.967185993665245e-06,56.77479,-13.080679,0.053273946,0.009030788,223.06856,55.267178,-13.188337,0.004554687419539505,0.0181940216761568,0.0032733901442633653,1090.7856729259024,958.09076,132.69491364855867,-247.79056,247.79056,65491.316988547886,23597.20397804976,1.2316402316186813e-06,0.0009020841897206239,34.357543393816094,0.9157226967732325,299596580.6506963,0.2273939600072514,5.251349706550537e-19,1.721074175604493e-05,-20.855463,5.103155,-15.752308,True,-2590010.3668507216,1202,0.23916666666666667,973146.2478338582,3637780.5565463654,,
557576,343,1,2019-03-20 01:44:16,2019-03-20 01:58:36,0 days 00:14:20,134.04694295740887,32.775634466264556,10915.453361770999,229.35063708974042,True,252.6418802081302,-0.24608271328834458,-0.969248831941853,656.5385085948279,138.78644573970973,4590.646777541222,221.74112,9.613328e-05,22935.06370897404,1.0730117723669526,0.36032648541055745,8.959200596575102e-05,2652554226706.6553,5.491654124612649e-06,56.769978,-13.070779,0.052762795,0.008960468,223.07281,55.261803,-13.179556,0.004553337164681181,0.01813049510909347,0.0031858766682337203,1090.7763527722102,958.14276,132.63359154174145,-247.84607,247.84607,65494.245219159646,23599.311194437,2.334318414114472e-06,0.002018882773829131,34.922375008853926,0.9721310417749197,40500569.44439263,0.13709085897163148,4.22151184790891e-18,1.7870583097641874e-05,-12.359725,5.2806396,-7.0790854,True,-1173591.542399595,1202,0.2388888888888889,972908.8048789199,3637707.4080257853,,
557577,344,1,2019-03-20 01:44:17,2019-03-20 01:58:36,0 days 00:14:19,134.04432399169866,32.775075364809,10913.257216048027,229.42987372776804,True,245.119598293246,-0.24134324298349427,-0.9704398173334656,668.6297368684221,144.6479396658651,4597.235775726577,221.75745,9.633445e-05,22942.987372776803,1.0734360940268637,0.36042442881027215,8.974400115605279e-05,268228980071.04813,5.3410740389636555e-06,56.751278,-13.061679,0.052198056,0.009019658,223.08958,55.24219,-13.171621,0.004549547869813751,0.01784845398252647,0.0030376662020251658,1090.7667219680643,958.1957,132.5710432571268,-247.9026,247.9026,70254.09653050089,25321.292613587506,5.082182725661342e-06,0.0066226635017872185,37.34436747605084,1.2197115975885102,3817983.4816407645,0.061922145879633926,6.11929579997122e-17,1.940125600691938e-05,-6.100687,4.166252,-1.9344349,True,-316989.687036138,1202,0.2386111111111111,972666.1050581292,3637633.5858628363,,
557578,345,1,2019-03-20 01:44:18,2019-03-20 01:58:36,0 days 00:14:18,134.04177980146096,32.77454333798396,10913.133160742449,229.43435028761124,True,245.2398944590472,-0.24130851999220876,-0.9704484520978792,669.0302396407932,144.8569978073152,4594.738934454599,221.75963,9.636728e-05,22943.435028761123,1.0735282448726715,0.36042792243813343,8.976687818351788e-05,267950137479.36346,5.36095009476163e-06,56.748558,-13.051739,0.051702917,0.008928213,223.09187,55.23898,-13.16278,0.004548715171357003,0.01784503210135406,0.0030241397593315255,1090.7572255194232,958.2465,132.51070452332942,-247.95717,247.95717,70428.46901990852,25384.38676934407,5.094467982616947e-06,0.006650013781475222,37.44521200267044,1.221887589360994,3804571.3787079495,0.062128881323728,6.159023080424198e-17,1.9391958238473265e-05,-6.121212,4.187173,-1.9340391,True,-317286.6387951696,1202,0.23833333333333334,972430.2731394876,3637563.111276916,,
557579,346,1,2019-03-20 01:44:19,2019-03-20 01:58:36,0 days 00:14:17,134.039234355311,32.77401112664853,10912.988999954316,229.43955244655422,True,245.2375820377043,-0.2413540906191458,-0.970437119519552,669.6292293026903,145.06921154321503,4594.744986620539,221.76196,9.640168e-05,22943.955244655423,1.0736246084021162,0.36043229044778835,8.979086279991857e-05,267803059081.91583,5.381350179680075e-06,56.745686,-13.041804,0.051208865,0.008838109,223.0943,55.235603,-13.153945,0.0045479934573063475,0.017841615404243602,0.0030120806995684504,1090.747720963699,958.29755,132.45017457698032,-248.01187,248.01187,70622.68698565142,25454.69682781556,5.106561516182296e-06,0.006676975835224742,37.547815460311796,1.2240315897640066,3792025.912810794,0.062318803586703775,6.196301806277427e-17,1.937823748740906e-05,-6.140092,4.206922,-1.9331698,True,-317439.0102922479,1202,0.23805555555555555,972194.3218638953,3637492.6165733743,,
557580,347,1,2019-03-20 01:44:20,2019-03-20 01:58:36,0 days 00:14:16,134.03668897812088,32.77347881983346,10912.843384078153,229.44480721049032,True,245.18879505468993,-0.24142947210904842,-0.9704183685386145,670.3058824915595,145.28263117152127,4595.71804526528,221.7643,9.643615e-05,22944.480721049033,1.0737191326007045,0.36043676312055495,8.981506473228643e-05,267694404098.80386,5.401675459484716e-06,56.742805,-13.03187,0.050716627,0.008748015,223.09673,55.23222,-13.14511,0.004547272341548876,0.017838163805947795,0.003000568273871772,1090.7382155829198,958.3487,132.38952173526354,-248.06668,248.06668,70824.8225825718,25527.869800249762,5.118569548953983e-06,0.006703791148522717,37.65108890682764,1.2261704342401578,3779669.250660103,0.062484857064128,6.23264021376311e-17,1.936288266302101e-05,-6.1566224,4.225084,-1.9315386,True,-317442.79153957404,1202,0.23777777777777778,971958.3750355755,3637422.11757565,,
557581,348,1,2019-03-20 01:44:21,2019-03-20 01:58:36,0 days 00:14:15,134.03414417166402,32.77294645270105,10912.703292729537,229.44986270566548,True,237.7126786685462,-0.249944872640383,-0.9682600687009574,678.4073367184992,145.44058159011098,4839.576314880371,221.76659,9.6470125e-05,22944.986270566547,1.073813680839512,0.3604409669052338,8.983879286163182e-05,268583799938.90292,5.4236558161591965e-06,56.739967,-13.021934,0.05022646,0.008657459,223.09912,55.22888,-13.136272,0.004546435466140224,0.01783736908440915,0.0031425196492715773,1090.728712118969,958.3999,132.32880977521904,-248.1216,248.1216,71278.46373801949,25691.678389251392,5.13076684667561e-06,0.006731078008916849,37.73132042155791,1.2256979164614052,3768091.873108679,0.06217660519179919,6.247851696812454e-17,1.930143795024914e-05,-6.12628,4.2118244,-1.9144554,True,-308741.2071451277,1202,0.2375,971722.4795364069,3637351.6204318083,,
557582,349,1,2019-03-20 01:44:22,2019-03-20 01:58:36,0 days 00:14:14,134.03168246126938,32.77241211532047,10912.68122839589,229.45065895243727,True,237.70122516072968,-0.24999482742533727,-0.9682471720901517,678.2129430575652,145.47130795604434,4828.8740113940585,221.76807,9.649444e-05,22945.065895243726,1.0738897140552464,0.3604398290158159,8.98550752766683e-05,270396804716.53458,5.443450222340131e-06,56.738148,-13.012225,0.04975646,0.008561171,223.10068,55.22659,-13.127633,0.004545854700938037,0.017842389805356934,0.003132372783536348,1090.719757206719,958.45056,132.2691956832814,-248.17561,248.17561,71300.76832054059,25699.636742151954,5.126023349818569e-06,0.006720417921198478,37.75788944872309,1.2254077877149432,3792340.687002634,0.06252586096839706,6.224480224263786e-17,1.9295985656164066e-05,-6.1619887,4.23481,-1.9271789,True,-310683.79672294506,1202,0.23722222222222222,971494.3867932372,3637281.282024519,,
557583,350,1,2019-03-20 01:44:23,2019-03-20 01:58:36,0 days 00:14:13,134.02922091704852,32.77187769690236,10912.664232816755,229.4512722820258,True,230.45581322107685,-0.25525989380438374,-0.9668724769146005,693.4137148429696,145.4803707630694,4968.306636405258,221.76952,9.651834e-05,22945.12722820258,1.073961740253938,0.3604384259194175,8.987130453382332e-05,280792373878.1987,5.476055801537544e-06,56.73637,-13.002512,0.049288258,0.008464643,223.1022,55.22434,-13.118988,0.004545273844034341,0.01784846410144297,0.003217096092440438,1090.710802050754,958.5014,132.2093982421602,-248.22972,248.22972,72820.46152900734,26247.292528240905,5.107829292092779e-06,0.0066796601325942034,37.775450166707806,1.2229461239784332,3855954.329077518,0.06312852932570188,6.014694133784522e-17,1.8945241613706926e-05,-6.2236514,4.2685895,-1.9550619,True,-312386.5208349505,1202,0.23694444444444446,971266.3075973408,3637210.9409787636,,
557584,351,1,2019-03-20 01:44:24,2019-03-20 01:58:36,0 days 00:14:12,134.02683798815457,32.77134869772247,10915.513120865644,229.34848129948597,True,236.8010239516351,-0.25068910802652533,-0.9680676480065147,666.3006385910114,137.95495855088797,4614.031762781906,221.75145,9.6314834e-05,22934.848129948597,1.0736412629128904,0.3603063154951373,8.970858089065668e-05,20722931262109.977,6.167940490455707e-06,56.756798,-12.991371,0.048897713,0.008176472,223.08372,55.244846,-13.108843,0.004548963448425809,0.01822674569255057,0.003188722429582924,1090.7022754870202,958.5513,132.1510059557702,-248.28268,248.28268,66116.69897055846,23822.264198783054,1.226699043881467e-06,0.0008974950267034407,34.688359725146725,0.9164016140493657,313429611.35034627,0.2359534779469278,5.133774655954839e-19,1.712033553774651e-05,-21.678814,5.2931437,-16.38567,True,-2583467.6555201365,1202,0.23666666666666666,971045.5718886356,3637141.558394006,,
557585,352,1,2019-03-20 01:44:25,2019-03-20 01:58:36,0 days 00:14:11,134.02438625025184,32.77081482486781,10915.616050015104,229.3447682017603,True,238.6788164714709,-0.248246472232838,-0.9686969025572193,663.442706036801,137.83900882495124,4521.65579918651,221.75208,9.6329735e-05,22934.47682017603,1.073706373220443,0.36029946513545374,8.971701914540483e-05,20131506090050.27,6.1870366834325505e-06,56.755966,-12.981603,0.048435625,0.008074715,223.0844,55.24357,-13.100136,0.004548638043431765,0.018239158043437478,0.003133463280131987,1090.6933711715415,958.6021,132.0912593551352,-248.33685,248.33685,65965.42799209229,23767.30842298214,1.238918753937671e-06,0.0009087759868406507,34.6536567702665,0.9170863753837889,305182679.81924665,0.23935325698202484,5.314543573478615e-19,1.7149539375664966e-05,-21.994568,5.4164324,-16.578136,True,-2623225.2458188045,1202,0.2363888888888889,970818.4048156638,3637071.3327558096,,
557586,353,1,2019-03-20 01:44:26,2019-03-20 01:58:36,0 days 00:14:10,134.0219134793216,32.77028196124552,10915.777741586217,229.33893538869611,True,238.67417506732536,-0.24828603892881823,-0.9686867619994801,661.9329036710424,137.65079832653643,4493.511575011511,221.7523,9.634009e-05,22933.89353886961,1.0737632380253008,0.36028992594734244,8.972191030456624e-05,20092169354107.086,6.2055486939911205e-06,56.755566,-12.97172,0.047972284,0.007968757,223.08467,55.242725,-13.091321,0.004548324167571422,0.01825534637006578,0.0031247691890088345,1090.684318686429,958.6532,132.03112044424142,-248.39137,248.39137,65757.04019346925,23691.599141821454,1.2396428966969037e-06,0.0009094491172279955,34.58975982509132,0.9171135148387843,305551607.78210586,0.23998430482170174,5.341573405307269e-19,1.7187635147046655e-05,-22.0562,5.4356294,-16.620571,True,-2623892.3863371145,1202,0.2361111111111111,970589.2569074566,3637001.1308994666,,
557587,354,1,2019-03-20 01:44:27,2019-03-20 01:58:36,0 days 00:14:09,134.01944079716276,32.76974902306102,10915.938707978032,229.3331288548448,True,238.67530776419292,-0.24832162424126353,-0.9686776403603939,660.4199097619752,137.4628253860265,4465.450787467358,221.75255,9.6350566e-05,22933.31288548448,1.0738193557142772,0.3602804059542805,8.97269785617909e-05,20052243671823.215,6.223965542805483e-06,56.755165,-12.961834,0.04751041,0.007863241,223.08496,55.24188,-13.082502,0.004548010259807995,0.01827160198912947,0.0031160139957665555,1090.6752653687906,958.70435,131.97091966566563,-248.44598,248.44598,65548.57480271746,23615.86713964757,1.2403665698463604e-06,0.0009101217958618142,34.526070942603326,0.9171405764995748,305914258.73369116,0.24061107364693068,5.368787649381832e-19,1.7226020040981147e-05,-22.117455,5.454759,-16.662695,True,-2624548.2454313585,1202,0.23583333333333334,970360.1152492505,3636930.9268254777,,
557588,355,1,2019-03-20 01:44:28,2019-03-20 01:58:36,0 days 00:14:08,134.01696814134806,32.76921600596586,10916.097915743387,229.32738587695036,True,240.6706143055287,-0.24702121962822085,-0.9690100706666501,654.8588956574195,137.2767950145166,4401.127063074217,221.75279,9.636125e-05,22932.738587695036,1.07388014714992,0.3602709858280107,8.973184546798043e-05,19845667795808.11,6.243157610097405e-06,56.75475,-12.951944,0.047049977,0.0077582295,223.08525,55.241024,-13.07368,0.004547695987745328,0.018287698166183457,0.0030823571734188474,1090.6662108769453,958.7557,131.9105346074141,-248.50072,248.50072,64964.26617069807,23404.74021691068,1.2422094265187577e-06,0.0009118296418853804,34.46301805700228,0.9172365307162074,305485907.3396174,0.24157073441815097,5.443380208970024e-19,1.735658517723627e-05,-22.209381,5.485579,-16.723803,True,-2633804.7395795546,1202,0.23555555555555555,970130.9740072561,3636860.7197720013,,
557589,356,1,2019-03-20 01:44:29,2019-03-20 01:58:36,0 days 00:14:07,134.01447398215385,32.768681348989624,10915.449293468337,229.35078385305624,True,243.52549736054613,-0.23178992020442984,-0.9727658674581587,647.4833796820158,139.28127937323526,4010.0810610007256,221.75854,9.64353e-05,22935.078385305624,1.0740409484500255,0.36029839112962647,8.978736076213294e-05,1804955349076.4219,5.7192282401309955e-06,56.748077,-12.942477,0.046571866,0.0077044982,223.09119,55.23375,-13.0653,0.004546180230936159,0.01819128634095735,0.002772193352282367,1090.6570380648516,958.8074,131.84966501797658,-248.55591,248.55591,66195.9816447119,23850.30568583598,2.699618051512756e-06,0.0024246932585824366,35.28977623998418,0.9960973823297731,27266841.645524744,0.11168617909826088,6.7091837242071484e-18,1.7947728836889217e-05,-10.032766,4.8561363,-5.17663,True,-816418.7351846719,1202,0.23527777777777778,969899.8217451249,3636790.2405011146,,
557590,357,1,2019-03-20 01:44:30,2019-03-20 01:58:36,0 days 00:14:06,134.0119404601802,32.768173703874034,10915.45787672427,229.35047421367014,True,243.54145088515895,-0.2318147709372519,-0.9727599457087599,647.020826419536,139.28158976703105,3996.0808880414193,221.75981,9.64572e-05,22935.047421367013,1.074113789953095,0.36029584850676044,8.980166128247613e-05,1798156798482.7961,5.738208133768024e-06,56.746372,-12.932497,0.04610055,0.00760819,223.09251,55.23158,-13.056401,0.004545720514400671,0.018197876240913794,0.0027613458077041975,1090.6472775383806,958.85815,131.78912324150565,-248.61058,248.61058,66175.44953859148,23842.739741823127,2.705716667044428e-06,0.0024315921706819063,35.302717514445675,0.9965470781225509,27172566.42788904,0.11136717399989146,6.760803750254077e-18,1.795945368566135e-05,-10.004726,4.852881,-5.1518455,True,-811974.7656612135,1202,0.235,969664.8320478394,3636722.5909157684,,
557591,358,1,2019-03-20 01:44:31,2019-03-20 01:58:36,0 days 00:14:05,134.00940680210795,32.76766597107445,10915.456171746822,229.35053572039232,True,248.15735871435734,-0.22918313855846506,-0.973383320691541,638.1565801772417,139.3075640800339,3909.3486440750326,221.76112,9.6479904e-05,22935.053572039233,1.0741894245216663,0.3602938226301324,8.981647140579795e-05,1734054944698.286,5.7507016084283824e-06,56.74459,-12.922521,0.045630608,0.0075126644,223.09392,55.22933,-13.047505,0.004545027732088442,0.018203190622188326,0.0027011853508179364,1090.6375148278225,958.90894,131.72857928094754,-248.66536,248.66536,65358.64579253973,23548.31633452296,2.7293127154825067e-06,0.002458335411334845,35.32619919807081,0.9981566849412759,26531378.11640854,0.1090452801550188,7.041813983636538e-18,1.8190299262786773e-05,-9.793673,4.7868505,-5.006822,True,-793061.2917955676,1202,0.23472222222222222,969429.8276625691,3636654.936921423,,
557592,359,1,2019-03-20 01:44:32,2019-03-20 01:58:36,0 days 00:14:04,134.00682355196807,32.76715450102746,10913.647362163732,229.4157956902302,True,238.37233179408614,-0.23499694131110233,-0.9719961098556035,664.7906166439277,144.06015744403504,4167.601820628667,221.77477,9.664326e-05,22941.57956902302,1.0744804663761887,0.3603741610101232,8.994417912338154e-05,313687241900.751,5.646589282607824e-06,56.72878,-12.913519,0.04512213,0.007526757,223.10794,55.212692,-13.039632,0.004541778276824573,0.017974436462867043,0.0027611007078682174,1090.627481494712,958.9606,131.6669102056494,-248.72107,248.72107,70512.19028032174,25410.77141325711,4.919826069386133e-06,0.006264870937135432,37.302939283483,1.204818557438919,4448695.192330361,0.06584987523504598,5.40489525520538e-17,1.914994668072053e-05,-5.7641907,4.348453,-1.4157376,True,-224248.52125089822,1202,0.23444444444444446,969190.1883644538,3636586.6533082807,,
557593,360,1,2019-03-20 01:44:33,2019-03-20 01:58:36,0 days 00:14:03,134.0043457664583,32.766650748373,10915.999583556002,229.33093292371598,True,236.93160428327826,-0.2509232382789953,-0.9680069878320003,658.2761103168559,137.4710400331364,4439.244475546818,221.76006,9.6482916e-05,22933.0932923716,1.074275627003316,0.3602647523748402,8.981206829345226e-05,12357806084966.459,6.0818873208743e-06,56.745277,-12.902229,0.044705763,0.007289013,223.0929,55.22918,-13.029364,0.004544790427008821,0.0183112384667694,0.0030974575721207736,1090.6180190106413,959.0109,131.60709371767257,-248.77516,248.77516,65371.86091990877,23551.177286593425,1.445053379888619e-06,0.0011032529626564466,34.605103708333466,0.9270799967682559,189038615.5613161,0.260211920824603,8.85710705965102e-19,1.738641803717159e-05,-23.903568,6.72675,-17.176819,True,-2677623.7460331563,1202,0.23416666666666666,968960.3996363349,3636519.7016235515,,
557594,361,1,2019-03-20 01:44:34,2019-03-20 01:58:36,0 days 00:14:02,134.0018929596548,32.766116082228784,10916.07103045044,229.3283556810402,True,236.92361862385903,-0.25096358870343854,-0.9679965274447483,657.3706346454954,137.38312929150243,4419.834197999969,221.76091,9.6500546e-05,22932.83556810402,1.0743448123036392,0.36025933303702207,8.982269427707586e-05,12373987282424.133,6.101912274325324e-06,56.744232,-12.892447,0.04425683,0.0071914294,223.09381,55.22767,-13.020643,0.0045443438242168096,0.01832253480272652,0.0030880317554662423,1090.6090968614872,959.0627,131.5464137560184,-248.8303,248.8303,65268.22052880049,23513.485596218936,1.4452349451519164e-06,0.0011034281562088116,34.58217977806365,0.9271231255706259,189586711.29947448,0.26100586495578115,8.8748098607276e-19,1.740751827894613e-05,-23.980772,6.7504406,-17.230331,True,-2682173.989275272,1202,0.2338888888888889,968733.1144374947,3636449.4342259564,,
557595,362,1,2019-03-20 01:44:35,2019-03-20 01:58:36,0 days 00:14:01,133.99944027675633,32.765581348134674,10916.141606732705,229.32580986623793,True,236.8433223405867,-0.25106956514735274,-0.9679690457120615,656.6960454987997,137.29594039952843,4401.834875484976,221.76184,9.651883e-05,22932.580986623794,1.0744108459555477,0.36025380836422766,8.983419189086444e-05,12365859301258.11,6.120177946137618e-06,56.743584,-12.882305,0.043834716,0.0072563705,223.09477,55.226505,-13.01155,0.0045441272049626495,0.01833439067525838,0.0030801154521078056,1090.600174054087,959.11774,131.48243723768064,-248.88832,248.88832,65188.32544151469,23484.34250119234,1.4463944159751505e-06,0.001104544060979087,34.560647733408565,0.9271916669577543,189694384.9608845,0.26170404932891717,8.908950634263908e-19,1.7423398274884015e-05,-24.049126,6.7756934,-17.273432,True,-2685038.208305182,1202,0.2336111111111111,968505.8387549778,3636379.165408926,,
557596,363,1,2019-03-20 01:44:36,2019-03-20 01:58:36,0 days 00:14:00,133.99698850977745,32.765046569632304,10916.284697444265,229.3206483943799,True,236.02316765266463,-0.25168504205715114,-0.9678091958669799,656.46007357104,136.94777051885953,4390.7904011064975,221.76256,9.6533484e-05,22932.06483943799,1.0744532878666817,0.36024452844959437,8.984428171418983e-05,20140204058686.293,6.4018507135671045e-06,56.744846,-12.870896,0.043500487,0.007866493,223.09543,55.2271,-13.001155,0.004544619483920371,0.01836190482779286,0.0030849189649633513,1090.591255324082,959.18304,131.40821089048836,-248.95572,248.95572,64995.1271143741,23414.138918839144,1.2466770766471452e-06,0.0009159524854486474,34.43718668258654,0.9176697214374662,309872523.57003474,0.2480676776250409,5.504779855325358e-19,1.7352595940216814e-05,-22.840363,5.667514,-17.172848,True,-2658561.372087136,1202,0.23333333333333334,968278.6467644203,3636308.9013012866,,
557597,364,1,2019-03-20 01:44:37,2019-03-20 01:58:36,0 days 00:13:59,133.9945456515552,32.764512336822314,10916.491969718489,229.31317197520212,True,242.70195110156152,-0.24367599972044138,-0.9698566941359137,648.1683662911307,136.66729655385305,4138.0694748072865,221.76283,9.6543234e-05,22931.317197520213,1.0744914607371945,0.36023234148219824,8.985016372377458e-05,20057887810651.766,6.4161579515070315e-06,56.74661,-12.85948,0.043169353,0.008472207,223.09564,55.228214,-12.990747,0.004545124924585195,0.018385669574845387,0.002927668660281314,1090.5823840893738,959.24835,131.33403203859257,-249.02301,249.02301,64532.35080490687,23246.639831802222,1.2463232504976703e-06,0.0009156298316550227,34.340661606727224,0.917862834679434,310819109.4927014,0.2499321201927632,5.539157338839878e-19,1.7433702418452935e-05,-23.018549,5.710636,-17.307913,True,-2720488.5447506565,1202,0.23305555555555554,968052.2851880733,3636238.7428807667,,
557598,365,1,2019-03-20 01:44:38,2019-03-20 01:58:36,0 days 00:13:58,133.99202836812583,32.7639804664288,10916.709572693662,229.3053231346222,True,242.70969388274276,-0.24372402031499976,-0.9698446277221385,646.2458527633754,136.40052665691974,4105.878714691223,221.76305,9.655255e-05,22930.53231346222,1.0745291129034567,0.3602196800241877,8.98556825807062e-05,19988467358945.406,6.429933205792958e-06,56.748417,-12.847737,0.042828787,0.009098476,223.0958,55.22936,-12.980037,0.004545632889017952,0.018408978429001476,0.0029207077440067844,1090.5730086348033,959.3147,131.25831136917827,-249.09163,249.09163,64245.33436429513,23142.43378775334,1.2467882010422828e-06,0.0009160653996901337,34.25009521724321,0.9177727026256228,311127143.4218601,0.25017863475017393,5.570704390397902e-19,1.7487391445781263e-05,-23.046041,5.721002,-17.325039,True,-2715182.6572918138,1202,0.23277777777777778,967818.9267830855,3636168.52223481,,
557599,366,1,2019-03-20 01:44:39,2019-03-20 01:58:36,0 days 00:13:57,133.98951105073627,32.76344847425189,10916.925609815486,229.29753098885496,True,242.82224259559996,-0.2437060115958837,-0.9698491531738463,644.1891967307049,136.13518859344455,4072.2232281583756,221.76328,9.656209e-05,22929.753098885496,1.0745672502090025,0.36020706344484277,8.986137715474706e-05,19909818843022.08,6.443732348475136e-06,56.75021,-12.835992,0.042489067,0.009726576,223.09596,55.23049,-12.96932,0.004546139777317819,0.018432222451925155,0.0029125109762078182,1090.563632078716,959.3812,131.18240649277845,-249.16037,249.16037,63948.09909783643,23034.55698891146,1.247375954278908e-06,0.000916614781831246,34.1600500071125,0.9176900637906171,311343403.8525735,0.25045868169672747,5.605234840452964e-19,1.7544268317875564e-05,-23.076647,5.732619,-17.344028,True,-2710773.836270226,1202,0.2325,967585.56332758,3636098.29378154,,
557600,367,1,2019-03-20 01:44:40,2019-03-20 01:58:36,0 days 00:13:56,133.98699256919008,32.762916274666026,10917.126505724158,229.2902851570911,True,249.77475279709034,-0.23957903315051526,-0.9708768649394548,629.7921319586256,135.86102272066512,3928.384608242862,221.76361,9.65729e-05,22929.02851570911,1.0746092626526682,0.36019512828049516,8.986791860311896e-05,19745103800056.777,6.460974403767487e-06,56.75189,-12.824245,0.04214987,0.010357561,223.09624,55.231503,-12.958605,0.004546643539931665,0.018456099045172047,0.0028271758368167152,1090.554248305949,959.44794,131.10631129423018,-249.22922,249.22922,62504.923369742275,22513.96889132684,1.2424461424385526e-06,0.0009120572561217143,34.06666902796045,0.9174100012843124,315896776.37482065,0.25010161813561876,5.661126760925323e-19,1.7902708901445618e-05,-23.049412,5.7080793,-17.341331,True,-2725717.4725188813,1202,0.23222222222222222,967352.0892425121,3636028.0430070474,,
557601,368,1,2019-03-20 01:44:41,2019-03-20 01:58:36,0 days 00:13:55,133.98439936356806,32.762378130123935,10914.767168433527,229.3753924711973,True,246.90827524859276,-0.24011876767537618,-0.970743517830564,647.7156658297703,142.18936173941128,4075.956254223909,221.7814,9.677941e-05,22937.53924711973,1.0749126658012929,0.36029992753287754,9.003467382073028e-05,342744742647.5899,5.790225997948786e-06,56.73366,-12.813937,0.041770253,0.011152584,223.1144,55.2121,-12.949396,0.004543401446552764,0.018141649139971724,0.002777333357496625,1090.5444612928816,959.5161,131.02834801163158,-249.29977,249.29977,67648.42698978214,24373.72334213166,4.750393089481889e-06,0.005900572120425652,36.678449870254575,1.1805828449404199,5066558.941560597,0.06454618682650202,4.946925580397857e-17,1.956568644582041e-05,-5.668809,4.194005,-1.4748039,True,-235776.13026835673,1202,0.23194444444444445,967111.6337000045,3635956.807165805,,
557602,369,1,2019-03-20 01:44:42,2019-03-20 01:58:36,0 days 00:13:54,133.98183617145418,32.76184493963354,10914.681920432286,229.37846806279768,True,246.91538749256225,-0.2401738312029155,-0.9707298959058145,647.8469360859767,142.29349426058303,4069.737642673449,221.7837,9.6812015e-05,22937.84680627977,1.0749794439558849,0.3603010003299,9.005941030927581e-05,343205014404.06836,5.8061505067072135e-06,56.733093,-12.802202,0.041424844,0.011813085,223.11668,55.2108,-12.93871,0.004543501118040752,0.01814617759857995,0.0027675458494718177,1090.5348008902859,959.5837,130.9511216910671,-249.36966,249.36966,67735.51461653547,24405.17367419829,4.754660813706782e-06,0.005909601499613065,36.74136150985826,1.1813823278388742,5066839.992978894,0.06481720632697509,4.957020362329755e-17,1.9561010317279692e-05,-5.69365,4.2156816,-1.4779682,True,-236334.05501167293,1202,0.23166666666666666,966873.9652843003,3635886.2604182693,,
557603,370,1,2019-03-20 01:44:43,2019-03-20 01:58:36,0 days 00:13:53,133.97927295683849,32.7613116115192,10914.59422820398,229.38163187247235,True,247.09239931494332,-0.24012831843075494,-0.9707411553486429,647.754185393264,142.40138377811854,4060.8685816287016,221.78601,9.684481e-05,22938.163187247235,1.0750488308267514,0.36030223378075044,9.008410109497091e-05,343396871671.8952,5.82213204208343e-06,56.732502,-12.790468,0.041080646,0.012475151,223.11897,55.20948,-12.928024,0.004543601176003449,0.01815047736700385,0.002755878104581272,1090.5251395732123,959.6514,130.87371135055605,-249.43964,249.43964,67804.09841745524,24429.96811929897,4.759743584634014e-06,0.005920368919305557,36.80581770715697,1.1822961651448476,5064544.469829457,0.06510196282982955,4.9716414301661625e-17,1.9562280270736266e-05,-5.7196665,4.238712,-1.4809546,True,-236944.47547975875,1202,0.2313888888888889,966636.2929289002,3635815.704367712,,
557604,371,1,2019-03-20 01:44:44,2019-03-20 01:58:36,0 days 00:13:52,133.9767078904173,32.76077800220557,10914.477684797064,229.38583664592846,True,247.90848818903186,-0.23970793874499038,-0.9708450463913528,646.7750555215764,142.51434794826127,4041.6336148867977,221.78851,9.687982e-05,22938.583664592847,1.0751202877558244,0.36030477067953315,9.011067930686246e-05,342705791029.9136,5.837907659266627e-06,56.731686,-12.778745,0.04073714,0.013140685,223.12148,55.207924,-12.917349,0.0045435794803793785,0.018154664909587472,0.0027372808370044566,1090.515467499142,959.7193,130.79616818273576,-249.50975,249.50975,67793.79628877077,24426.42822532054,4.767008575847915e-06,0.005935784662618392,36.872740548265035,1.1835307428516437,5055120.229145195,0.06541827548855743,5.0005745862581756e-17,1.9586768026263445e-05,-5.748352,4.2649665,-1.4833856,True,-237751.23361891328,1202,0.2311111111111111,966398.4457686143,3635745.1149860187,,
557605,372,1,2019-03-20 01:44:45,2019-03-20 01:58:36,0 days 00:13:51,133.97413409322974,32.760243567827004,10914.22688405206,229.39488550602766,True,237.77423339133742,-0.2510431253476499,-0.967975903220573,657.2584539810546,142.75746053889745,4360.798023842176,221.79195,9.692504e-05,22939.488550602768,1.0752035689726511,0.3603134129124782,9.014575689648247e-05,342870763176.63776,5.856065141494635e-06,56.72982,-12.767077,0.040392414,0.013817083,223.12492,55.20529,-12.9067335,0.0045434158736443915,0.01815264662012071,0.0029351673834428047,1090.5057476943866,959.7874,130.71833314360538,-249.58015,249.58015,68409.65244315022,24648.915347947906,4.7856225022593844e-06,0.0059753951500951625,36.99453568965237,1.1834286857748628,5012023.171168282,0.06532183665186571,5.027660938205527e-17,1.9487723980135938e-05,-5.7399616,4.270852,-1.4691095,True,-229490.4182295763,1202,0.23083333333333333,966159.7812939237,3635674.401506441,,
557606,373,1,2019-03-20 01:44:46,2019-03-20 01:58:36,0 days 00:13:50,133.97167281942774,32.75970674375068,10914.160019162178,229.3972980318507,True,237.77306696613863,-0.25110315573857883,-0.9679603324403987,657.2592046942386,142.83165900049863,4353.66319929751,221.79408,9.695592e-05,22939.72980318507,1.0752709246232453,0.3603137314361136,9.016882767561586e-05,343624887029.4777,5.871838731895932e-06,56.729443,-12.755756,0.040066347,0.014455393,223.12703,55.204205,-12.896424,0.0045436353965004625,0.018158399370093736,0.0029261775683026626,1090.4967703926754,959.8542,130.6425833809567,-249.64867,249.64867,68468.92874548068,24670.295203717524,4.7877923173227154e-06,0.005979994465874347,37.044737761793414,1.1839191590241858,5018698.164635135,0.0655755894790496,5.031734480625802e-17,1.9484963657018317e-05,-5.7634,4.290409,-1.472991,True,-230095.01375211996,1202,0.23055555555555557,965931.683157017,3635603.925744283,,
557607,374,1,2019-03-20 01:44:47,2019-03-20 01:58:36,0 days 00:13:49,133.96921161212333,32.75916979394606,10914.09653198537,229.39958870674963,True,231.8020350009638,-0.2551287687152104,-0.9669070851813325,669.411442811432,142.8901743255652,4458.1393108522025,221.79619,9.698656e-05,22939.958870674964,1.0753384878648162,0.36031390277848757,9.019165486863826e-05,353273918881.9749,5.896202059958716e-06,56.72909,-12.7444315,0.039741497,0.015094908,223.12914,55.20314,-12.886111,0.004543624054370525,0.018164990665913427,0.0029907993345683727,1090.4877927703014,959.92096,130.5668332976452,-249.71727,249.71727,69707.64001369003,25116.63182681052,4.778828138613253e-06,0.005960828559899013,37.0885548275164,1.182803624915866,5067936.869080558,0.06573788490451432,4.908049516861792e-17,1.9184456764566882e-05,-5.779428,4.2980833,-1.4813447,True,-229755.11326888468,1202,0.23027777777777778,965703.589431395,3635533.4419272495,,
557608,375,1,2019-03-20 01:44:48,2019-03-20 01:58:36,0 days 00:13:48,133.96681495723703,32.75863796393828,10916.423470749285,229.3156427469585,True,236.8229058593044,-0.25182900870033587,-0.9677717449776089,647.877987536735,136.60784903382054,4194.342345241146,221.78201,9.68371e-05,22931.56427469585,1.0751915850201479,0.3602050788515895,9.006497415741893e-05,14945236243940.432,6.41319752192836e-06,56.747387,-12.731648,0.03944605,0.015594687,223.11452,55.2212,-12.874271,0.004547441656675631,0.018494771350537374,0.0029719281622701404,1090.4791597265,959.9866,130.49258746087503,-249.78453,249.78453,64322.39863520984,23169.254672319134,1.3730151099331113e-06,0.0010343809068698382,34.51439562156964,0.9234439495782186,232348863.86465484,0.2710326994651977,7.619189184623408e-19,1.7591241415222582e-05,-25.003454,6.751773,-18.251682,True,-2798347.283941043,1202,0.23,965481.5225478951,3635463.8169576973,,
557609,376,1,2019-03-20 01:44:49,2019-03-20 01:58:36,0 days 00:13:47,133.96436409232194,32.75810161411382,10916.5378252918,229.31151796738845,True,239.45257216805805,-0.26009033817615157,-0.9655842873552858,653.2625679474745,136.34311538250486,4391.725262331743,221.78291,9.6854725e-05,22931.151796738846,1.0752466345726839,0.36019714103739137,9.007675222991674e-05,20224609027821.273,6.6195047180989515e-06,56.748432,-12.720223,0.03912496,0.016226405,223.11537,55.221565,-12.863849,0.004547812983392987,0.018518292961462592,0.003120673436178277,1090.4702358730485,960.05347,130.41676907617352,-249.85309,249.85309,64281.366022144626,23153.964263154605,1.254211922863921e-06,0.0009229064739315121,34.42447905788787,0.9174720652327509,314626310.536929,0.25640622701200183,5.676155764958545e-19,1.7542038471719255e-05,-23.677298,5.922511,-17.754787,True,-2775022.9178903205,1202,0.22972222222222222,965254.3910502372,3635393.45643681,,
557610,377,1,2019-03-20 01:44:50,2019-03-20 01:58:36,0 days 00:13:46,133.96189162995404,32.75754151883764,10916.659699166667,229.30712203089587,True,239.45830172358555,-0.26014056410138214,-0.9655707570701458,651.9224285499099,136.17860451916852,4367.133019001841,221.7838,9.687261e-05,22930.712203089588,1.0753052863016246,0.3601887994628294,9.008847089876412e-05,20192816428609.395,6.635077568282845e-06,56.749584,-12.70866,0.03880262,0.0168647,223.1162,55.222027,-12.853301,0.004548301400028833,0.018536616516800643,0.0031134397304117293,1090.4614672773753,960.122,130.33945800003153,-249.92316,249.92316,64099.82106563222,23088.03759541225,1.2546600250307572e-06,0.000923323597520202,34.37543671914785,0.9174147158158757,315021416.48623073,0.2568952544653566,5.698874586329638e-19,1.757779649552853e-05,-23.727713,5.938464,-17.78925,True,-2774772.2301983377,1202,0.22944444444444445,965025.3547249476,3635320.3698556526,,
557611,378,1,2019-03-20 01:44:51,2019-03-20 01:58:36,0 days 00:13:45,133.9594191586193,32.75698130200105,10916.780246349797,229.30277401471193,True,239.80326723884795,-0.2599608562790619,-0.9656191553623286,650.0785340120228,136.01512558558446,4336.5390893282965,221.7847,9.689067e-05,22930.277401471194,1.0753640946924785,0.36018048902641275,9.01003375482583e-05,20132262241063.734,6.65081319525858e-06,56.750725,-12.697094,0.038481295,0.017504737,223.11703,55.222477,-12.842751,0.004548788784880742,0.018554917273825206,0.003101836439357941,1090.4526977932824,960.1907,130.26202396515737,-249.99332,249.99332,63876.73071968915,23007.15210802612,1.2554392334584038e-06,0.0009240478938654082,34.32680920267997,0.9173780375539808,315173647.9659601,0.2574884692244388,5.730375138602445e-19,1.7624279392800253e-05,-23.787794,5.958144,-17.82965,True,-2777198.307535051,1202,0.22916666666666666,964796.3155728024,3635247.2754070996,,
557612,379,1,2019-03-20 01:44:52,2019-03-20 01:58:36,0 days 00:13:44,133.95694301668425,32.75642066556965,10916.84676604179,229.30037474461554,True,244.9893544522691,-0.25664520812513314,-0.9665056839700464,638.4777618462607,135.85329078642195,4221.487017383245,221.78595,9.691287e-05,22930.037474461555,1.0754316795648624,0.36017470927761885,9.011531713940485e-05,19673275493486.73,6.670245526605261e-06,56.751446,-12.685548,0.038160183,0.018150102,223.11826,55.222492,-12.832221,0.004549035678615496,0.01857334642538071,0.0030307757597062644,1090.4439078258306,960.2596,130.18432530629934,-250.06364,250.06364,62749.1653025202,22600.66237024846,1.2588561995717876e-06,0.0009272175922829455,34.27918476040554,0.9175228161801355,313522505.01882917,0.2589854538625507,5.885262190783648e-19,1.7908215072950408e-05,-23.931608,6.009092,-17.922516,True,-2801155.436295453,1202,0.2288888888888889,964566.9316188784,3635174.123879336,,
557613,380,1,2019-03-20 01:44:53,2019-03-20 01:58:36,0 days 00:13:43,133.95441111710306,32.75585523098638,10914.680725728256,229.37851116576613,True,243.05631578995545,-0.2222590948167624,-0.9749876382658568,630.0363982383436,141.87152021836613,3402.7434377633426,221.80243,9.710165e-05,22937.851116576614,1.075675352054586,0.3602706728727093,9.02704042409633e-05,366562856392.5999,5.982847062655232e-06,56.73471,-12.675436,0.037820697,0.01892183,223.13507,55.20461,-12.823188,0.004546062655954586,0.018272276567966716,0.0023300413448416354,1090.4348203065354,960.3297,130.10510839247286,-250.13533,250.13533,66867.34692997209,24090.34407167394,4.67787020788317e-06,0.0057471384888059165,36.77757627965748,1.1772137802007154,5481941.085183009,0.06784549611949428,4.726871164667707e-17,1.9716150641530228e-05,-5.979067,4.389927,-1.5891399,True,-243329.9789341438,1202,0.2286111111111111,964332.3389363624,3635100.199943653,,
557614,381,1,2019-03-20 01:44:54,2019-03-20 01:58:36,0 days 00:13:42,133.95187706539235,32.75536939614235,10914.647771165846,229.37970011509293,True,243.0489347529668,-0.22232049615174665,-0.9749736391261258,629.8496946481896,141.89888076427283,3392.409536354365,221.80428,9.712916e-05,22937.970011509293,1.0757369640529995,0.3602695341873186,9.029080760765033e-05,366784597870.38885,5.997714599648176e-06,56.73444,-12.66384,0.0374922,0.019590123,223.1369,55.20364,-12.812601,0.004546172923176073,0.018280299921762052,0.0023211573582397576,1090.4247281412297,960.39557,130.02915929357346,-250.20364,250.20364,66880.44379529235,24094.986332371118,4.6810988808537145e-06,0.005753899034075055,36.80791833925274,1.1777152751282167,5484183.074398297,0.06802176651190892,4.7380384451277066e-17,1.97234570247669e-05,-5.9957047,4.405122,-1.5905828,True,-243467.9375345804,1202,0.22833333333333333,964097.127330076,3635035.1103207534,,
557615,382,1,2019-03-20 01:44:55,2019-03-20 01:58:36,0 days 00:13:41,133.94934314084185,32.754883441847674,10914.616967480006,229.3808114686527,True,243.50515797040836,-0.2221465714300483,-0.9750132823720272,629.0437611037598,141.91877693492532,3375.441722805993,221.80612,9.715653e-05,22938.08114686527,1.075798018026007,0.36026827364808084,9.031112697954707e-05,367205127854.27155,6.012463566205573e-06,56.734188,-12.652241,0.0371648,0.020259615,223.13872,55.20269,-12.802011,0.004546399288428802,0.01828870976622557,0.002307945504688381,1090.4146358724265,960.46155,129.95308802086402,-250.27206,250.27206,66830.41228505435,24076.877261126025,4.681970195622062e-06,0.005755706758717337,36.83517923021712,1.1779551865576754,5494581.213834463,0.06821854355194552,4.744841049128281e-17,1.9745153467835843e-05,-6.014311,4.4202886,-1.5940223,True,-244140.0637507043,1202,0.22805555555555557,963861.9260105116,3634970.0139168235,,
557616,383,1,2019-03-20 01:44:56,2019-03-20 01:58:36,0 days 00:13:40,133.9468043707364,32.75439695622618,10914.517642441053,229.38439500573065,True,238.74995606691084,-0.22459837319003667,-0.9744514204209408,638.062784276822,141.92871417643025,3431.6843454256687,221.80841,9.7189026e-05,22938.439500573066,1.075866812592899,0.3602701886387943,9.033555520015136e-05,375723722297.74817,6.035137049259588e-06,56.733395,-12.640671,0.036837567,0.020935005,223.141,55.201187,-12.791451,0.004546381177063097,0.01829776845695453,0.0023436946873463043,1090.4045169598794,960.52765,129.87686803409815,-250.34068,250.34068,67778.16501294443,24418.452294804818,4.674045148443655e-06,0.005739017595971022,36.85858546449476,1.1770259870144146,5543433.083884634,0.06853141729461343,4.6491484680772245e-17,1.9484578482788153e-05,-6.043753,4.437738,-1.6060152,True,-244630.12585587526,1202,0.22777777777777777,963626.2705808599,3634904.843153141,,
557617,384,1,2019-03-20 01:44:57,2019-03-20 01:58:36,0 days 00:13:39,133.94431671695241,32.753914724770816,10916.561801042384,229.31065316733068,True,236.80861574981637,-0.2523475989269022,-0.9676366514946751,640.8712082033103,135.91295522038817,4044.353131334176,221.79611,9.706291e-05,22931.065316733067,1.075778374516519,0.36017434588008407,9.022575091946102e-05,17452728944236.422,6.634747085277855e-06,56.74939,-12.6276655,0.03652505,0.021496927,223.12833,55.216896,-12.779397,0.004549680186227078,0.018618641952090516,0.0029004242397817916,1090.3946682547532,960.59283,129.801833782097,-250.40822,250.40822,63515.580253338936,22876.682570940335,1.3131027470620717e-06,0.000977815206805285,34.3929724296248,0.9203670240582642,274778705.8643608,0.2706843210121352,6.671351088110054e-19,1.7743960749352083e-05,-25.03468,6.5208344,-18.513845,True,-2807466.1200885614,1202,0.2275,963395.3864954432,3634840.375130069,,
557618,385,1,2019-03-20 01:44:58,2019-03-20 01:58:36,0 days 00:13:38,133.9418664718536,32.75337730290132,10916.638429860974,229.30788920038265,True,236.80912680119232,-0.2524022109397508,-0.9676224077152851,639.8615587502788,135.7957739318813,4025.0057234807373,221.79726,9.708381e-05,22930.788920038263,1.0758425350853345,0.3601681483282678,9.023979350866385e-05,17481025068380.766,6.651756262180525e-06,56.750145,-12.616245,0.036213227,0.022144016,223.12943,55.21696,-12.7689705,0.004550043970548359,0.01863451021511734,0.0028929333069158815,1090.3857407367993,960.6607,129.72503517039308,-250.47755,250.47755,63384.67439310329,22829.140808554184,1.3126038823618686e-06,0.0009773473136340692,34.362954060361474,0.92028917941635,275792614.47279483,0.2711478697741605,6.676854133629839e-19,1.7771403791606925e-05,-25.083313,6.532899,-18.550415,True,-2808574.544207027,1202,0.22722222222222221,963168.296550267,3634769.949336004,,
557619,386,1,2019-03-20 01:44:59,2019-03-20 01:58:36,0 days 00:13:37,133.9394162723206,32.752839763571,10916.714394202985,229.30514922743205,True,236.80652135126584,-0.2524582910234293,-0.9676077776111194,638.8902734764624,135.67884505360092,4005.8038809634363,221.7984,9.7104814e-05,22930.514922743205,1.0759091090064092,0.36016198852690845,9.025373341549776e-05,17492040716814.496,6.668371147923631e-06,56.750893,-12.604823,0.035902426,0.022792667,223.13052,55.217022,-12.758542,0.0045504076213990175,0.018650341162502124,0.002885453421377142,1090.3768126808316,960.7287,129.6481139503628,-250.547,250.547,63258.07542179699,22783.154234299556,1.3125375286679387e-06,0.0009772850842821865,34.332944913309234,0.9202317581090108,276518698.9989775,0.2716774948314392,6.689114269461749e-19,1.7798016070243628e-05,-25.13803,6.5483656,-18.589664,True,-2810179.29067702,1202,0.22694444444444445,962941.2090112416,3634699.5162602095,,
557620,387,1,2019-03-20 01:45:00,2019-03-20 01:58:36,0 days 00:13:36,133.93696615163844,32.752302110742086,10916.80595508697,229.30184673494287,True,235.9589801721535,-0.25305635602676707,-0.9674515391865652,638.9949903234866,135.49546650451532,3999.6795233739313,221.79945,9.7124735e-05,22930.18467349429,1.0759716673918487,0.3601550778442393,9.026700090621142e-05,20242800976793.8,6.800497764873742e-06,56.751762,-12.593386,0.035592686,0.023442129,223.13153,55.217205,-12.748096,0.004550773740427303,0.018669821402773262,0.0028888854516481927,1090.3678842496392,960.79675,129.57113131995175,-250.61653,250.61653,63186.346509325274,22756.88354575912,1.2578870508670855e-06,0.0009262948857791617,34.27596514756519,0.9176167143562238,320366694.6277119,0.26544929679048807,5.829739835366758e-19,1.7778968700239057e-05,-24.57619,6.175604,-18.400587,True,-2772122.693805537,1202,0.22666666666666666,962714.1269796931,3634629.0764881093,,
557621,388,1,2019-03-20 01:45:01,2019-03-20 01:58:36,0 days 00:13:35,133.9345252097242,32.75176511339036,10917.013026268754,229.2943780650568,True,243.13885304334795,-0.24471907112065597,-0.9695940265027644,630.5168799269693,135.21354582304298,3747.7724540365125,221.7997,9.7136195e-05,22929.43780650568,1.0760302289142867,0.3601429493774278,9.027273816161323e-05,20117430935490.562,6.815577237745445e-06,56.753544,-12.581893,0.03528528,0.02408548,223.13171,55.218323,-12.73759,0.004551278967335292,0.01869445815028555,0.0027226442785127656,1090.3590038624488,960.86475,129.49425776869884,-250.68594,250.68594,62681.39460479113,22574.26232405987,1.2580423149390987e-06,0.0009264439963548776,34.17852256222946,0.9178251719685201,320947404.9250471,0.2674843132375149,5.879100422994013e-19,1.7884269791492353e-05,-24.771717,6.2256527,-18.546064,True,-2840815.8460790194,1202,0.2263888888888889,962487.9002348352,3634558.7552755,,
557622,389,1,2019-03-20 01:45:02,2019-03-20 01:58:36,0 days 00:13:34,133.93200443812452,32.75123000470088,10917.151416824267,229.28938668660473,True,243.1441173283333,-0.244768675509648,-0.9695815053358086,629.0999830742139,135.0194374302528,3723.877747436149,221.80045,9.715309e-05,22928.938668660474,1.0760935558930516,0.36013389437382426,9.028312580286087e-05,20073960683926.16,6.830667315989414e-06,56.754745,-12.570112,0.034967903,0.024754936,223.1324,55.218834,-12.72682,0.004551770591872923,0.01871468689365505,0.0027153112812141273,1090.3495891695388,960.93396,129.41562920860133,-250.75684,250.75684,62474.570387966814,22499.21033315009,1.2584804261022378e-06,0.0009268528228270021,34.11733923712518,0.9177540006277508,321314105.23140776,0.2678797702874902,5.905277197572049e-19,1.792648140670356e-05,-24.813833,6.2397785,-18.574055,True,-2838767.5197828757,1202,0.22611111111111112,962254.1714558539,3634488.299609998,,
557623,390,1,2019-03-20 01:45:03,2019-03-20 01:58:36,0 days 00:13:33,133.92948365963656,32.75069477596049,10917.28796600081,229.28446180801788,True,248.91992130343627,-0.24159328394898935,-0.9703775992626493,617.4054051756157,134.82846241566548,3614.3333050891342,221.80121,9.7170196e-05,22928.446180801788,1.076157281103012,0.3601249217842559,9.029367487909966e-05,19564305246925.78,6.849858224311687e-06,56.75593,-12.558329,0.034651503,0.025426118,223.1331,55.219334,-12.716047,0.004552261966559286,0.018734736090924353,0.0026462856841127764,1090.3401735158254,961.00323,129.33693865254418,-250.82785,250.82785,61308.745468123016,22078.807166398656,1.262539394172507e-06,0.000930623370610685,34.05734144588928,0.9178949874476472,319111165.9118532,0.2694693766473979,6.0810876187161825e-19,1.8243191642704345e-05,-24.966776,6.2965937,-18.670181,True,-2867037.7027008245,1202,0.22583333333333333,962020.4401265646,3634417.836462788,,
557624,391,1,2019-03-20 01:45:04,2019-03-20 01:58:36,0 days 00:13:32,133.92690099093545,32.750153960058164,10915.16845324135,229.36091529955468,True,244.51945277360866,-0.24408860827387827,-0.9697529331282898,634.6012382690208,140.5624081842912,3789.5622895323086,221.81734,9.735208e-05,22936.09152995547,1.0763598278658004,0.36021881395510313,9.044566466230877e-05,393334848037.24915,6.156990913883337e-06,56.73939,-12.548096,0.034329467,0.02621391,223.14955,55.20165,-12.706892,0.004549413628558341,0.01844311872041835,0.0026407745873273255,1090.3304304124827,961.074,129.25645580310766,-250.90033,250.90033,65888.03587983793,23734.110138466498,4.590292553616724e-06,0.005564303049447208,36.43952775887697,1.1608115712892952,5969746.142601461,0.06988679503493594,4.472236934600979e-17,1.9816763207805834e-05,-6.1793995,4.4924784,-1.6869211,True,-261832.0803775972,1202,0.22555555555555556,961780.9284880692,3634346.488070219,,
557625,392,1,2019-03-20 01:45:05,2019-03-20 01:58:36,0 days 00:13:31,133.92436553596048,32.74961719903473,10915.087854462505,229.36382300626047,True,242.9749608312375,-0.2573776516564232,-0.9663108942922174,643.8946352545469,140.5594807142137,4137.955192643486,221.81961,9.738438e-05,22936.382300626046,1.0764245091931244,0.36021969005488574,9.04702347366451e-05,394261836034.83563,6.173605430438527e-06,56.738754,-12.536536,0.03399446,0.02693826,223.15181,55.200256,-12.696288,0.004549514874751992,0.01845340816012585,0.0028824170867860367,1090.3209353684206,961.14453,129.17640411842058,-250.97269,250.97269,66157.3542491428,23831.181642477495,4.59706439200632e-06,0.005578311945297899,36.458338747332725,1.15851897282798,5959455.914002851,0.06916210727480143,4.478429087915883e-17,1.9767903125620027e-05,-6.115937,4.453045,-1.6628923,True,-260222.12628015998,1202,0.22527777777777777,961545.8229986341,3634275.802513833,,
557626,393,1,2019-03-20 01:45:06,2019-03-20 01:58:36,0 days 00:13:30,133.92185505440534,32.749054791582154,10914.999047067498,229.36702688412907,True,243.0890928295689,-0.25736529906102273,-0.9663141843309714,643.9286734669296,140.66960017420888,4132.124406787866,221.82199,9.741767e-05,22936.702688412908,1.0764871008361085,0.36022085448397945,9.049590350814054e-05,394155383131.3156,6.188854684332899e-06,56.738075,-12.525097,0.033655435,0.027672729,223.15416,55.1988,-12.685777,0.004549730062021809,0.018458074355457103,0.0028729867444034244,1090.3119154607264,961.21643,129.09548479666387,-251.04613,251.04613,66235.59789443051,23859.443670789027,4.603078667067684e-06,0.005590759934166065,36.5247201655382,1.159465261854983,5950808.865038699,0.06925583863770497,4.4948586300964264e-17,1.9767171585436935e-05,-6.1252213,4.4648385,-1.6603827,True,-259959.64669397063,1202,0.225,961313.1907077779,3634202.3846274186,,
557627,394,1,2019-03-20 01:45:07,2019-03-20 01:58:36,0 days 00:13:29,133.9193434009963,32.74849214696062,10914.892025504763,229.3708879172364,True,243.08968113851913,-0.25742471901923447,-0.9662983566362245,644.1325631532852,140.77969931515563,4128.321921083158,221.82451,9.745234e-05,22937.08879172364,1.0765486568482554,0.36022282995326477,9.052293375049038e-05,394212230082.0435,6.204101400640445e-06,56.737255,-12.513665,0.033317246,0.028406393,223.15663,55.197193,-12.675271,0.004550057383546289,0.018462836273308823,0.002864962324726995,1090.3028886171567,961.2884,129.01449750387542,-251.1196,251.1196,66328.95918570546,23893.20538572942,4.608805936760122e-06,0.005602618555186963,36.59135441112548,1.1603614643543092,5943289.8529033465,0.06936158318732559,4.5092527179156697e-17,1.976220157777649e-05,-6.1355944,4.4772263,-1.6583681,True,-259721.5441161928,1202,0.2247222222222222,961080.4470278039,3634128.941128771,,
557628,395,1,2019-03-20 01:45:08,2019-03-20 01:58:36,0 days 00:13:28,133.91683179850213,32.74792937107901,10914.787955481801,229.3746425176683,True,237.51028834999673,-0.2609975015317878,-0.9653394761399557,655.03093942891,140.8757500372366,4221.691914049932,221.827,9.7486816e-05,22937.46425176683,1.0766140678528993,0.3602246824258856,9.05494542019582e-05,403547730708.90985,6.225925824934528e-06,56.736458,-12.502228,0.03298002,0.029138004,223.15909,55.19561,-12.66476,0.004550269404217886,0.018468331624293288,0.002923412762830092,1090.2938613162883,961.3603,128.9335707889445,-251.19307,251.19307,67446.32947955576,24295.83261756462,4.603918477697827e-06,0.005592421514867127,36.65220836939749,1.1597981514020097,5983242.287947377,0.06972126178907023,4.417094468030647e-17,1.9481630099741994e-05,-6.1692066,4.499372,-1.6698346,True,-259833.15404143446,1202,0.22444444444444445,960847.7061336343,3634055.489123427,,
557629,396,1,2019-03-20 01:45:09,2019-03-20 01:58:36,0 days 00:13:27,133.91438038585227,32.74737190268631,10916.860372433794,229.2998839840318,True,236.87410095174943,-0.25298492814914264,-0.9674702197635714,632.3653536647838,135.2870532677665,3860.8837156129607,221.81465,9.736387e-05,22929.98839840318,1.0765644983570504,0.3601273146843338,9.043941839718194e-05,12205091832682.725,6.656881928370487e-06,56.752804,-12.489237,0.03264466,0.0297611,223.14635,55.211617,-12.652628,0.0045536899053604425,0.018771919103598853,0.0028078845650653,1090.2851495567072,961.43097,128.85418031842596,-251.26515,251.26515,62659.49692625498,22565.396367523474,1.4742516007612063e-06,0.0011313318160949993,34.357467845596446,0.9276210091376542,194784389.1413157,0.2824993344745413,9.862480846515275e-19,1.8039665042487935e-05,-26.157042,7.5443425,-18.6127,True,-2786648.127509644,1202,0.22416666666666665,960620.582472794,3633982.894899223,,
557630,397,1,2019-03-20 01:45:10,2019-03-20 01:58:36,0 days 00:13:26,133.9119300647185,32.74683297457157,10916.921353310365,229.29768451275274,True,236.98623283229648,-0.25297209797570114,-0.9674735746498568,631.4035327728761,135.20138976217865,3843.0516983115413,221.81596,9.738586e-05,22929.768451275275,1.0766211143659667,0.3601217393393127,9.045509234294071e-05,12194069065817.65,6.671685912558377e-06,56.753292,-12.477941,0.03231584,0.03046445,223.1476,55.21138,-12.642227,0.004554166619200543,0.018786518607186095,0.0028000693146078373,1090.2762123205773,961.50055,128.77566300417107,-251.33633,251.33633,62547.69861829738,22524.786018092378,1.4749022008360446e-06,0.0011319600814460851,34.340658493541895,0.9275955062956248,194956318.70059663,0.28299345628830447,9.894323002075734e-19,1.806636814774647e-05,-26.208618,7.5638094,-18.64481,True,-2788535.4472049335,1202,0.2238888888888889,960393.4629422989,3633912.369452309,,
557631,398,1,2019-03-20 01:45:11,2019-03-20 01:58:36,0 days 00:13:25,133.90947858994252,32.74629381866184,10916.964760376655,229.2961189078239,True,236.72839122201034,-0.25318533570929036,-0.9674177927771298,631.0982917425006,135.1142381058827,3831.329274834898,221.8174,9.74092e-05,22929.61189078239,1.0766789802723609,0.36011696073290683,9.047190980334596e-05,12220632842888.229,6.687319418443869e-06,56.753643,-12.46665,0.031987682,0.031167177,223.14897,55.211,-12.631832,0.004554639817623069,0.01880130342184694,0.002796630069287823,1090.267268265189,961.5702,128.69707783550143,-251.40756,251.40756,62495.063861507915,22505.53245861515,1.4745626851656838e-06,0.0011316303673669093,34.323391305523366,0.9275174889138551,195545569.326399,0.2835801160651486,9.895214568683264e-19,1.807634808174847e-05,-26.269188,7.581411,-18.687777,True,-2790593.738325898,1202,0.22361111111111112,960166.233857948,3633841.819243291,,
557632,399,1,2019-03-20 01:45:12,2019-03-20 01:58:36,0 days 00:13:24,133.9070299388079,32.745754795521535,10917.11066069643,229.29085664235885,True,235.92646721139587,-0.2537446754818751,-0.9672712337625873,630.8667379020321,134.75554814712405,3822.4817460387635,221.81813,9.742523e-05,22929.085664235885,1.0767328100751188,0.36010750319592366,9.048227342323362e-05,20288983189373.934,6.995300117229215e-06,56.754803,-12.45528,0.031660162,0.03186335,223.14963,55.21145,-12.621354,0.004555248551388047,0.01883086360777303,0.002802064600319185,1090.2583382855917,961.6397,128.6186288129354,-251.47871,251.47871,62299.688939030464,22434.585433716962,1.26280237787868e-06,0.0009308349231936983,34.19507398570414,0.9173943617319078,325667487.8301516,0.27371569846174926,5.988215654923983e-19,1.7999064196912236e-05,-25.413391,6.423895,-18.989496,True,-2824127.5346409953,1202,0.22333333333333333,959939.2665309748,3633771.301641977,,
557633,400,1,2019-03-20 01:45:13,2019-03-20 01:58:36,0 days 00:13:23,133.9045899674844,32.74521641180398,10917.319280853593,229.28333239659904,True,243.3182905125595,-0.24528065494753565,-0.9694521134684827,622.3487886199139,134.47231144219563,3572.060405544639,221.81842,9.743681e-05,22928.333239659903,1.076785564673951,0.3600952001537725,9.048859101584583e-05,20145160626194.668,7.0099602844001885e-06,56.756462,-12.443891,0.031334117,0.032553088,223.14986,55.212414,-12.610851,0.0045557536208681885,0.018856135643285286,0.002633034359830646,1090.2494534659372,961.7091,128.54034702062472,-251.54967,251.54967,61778.34210770804,22246.08446644336,1.2631264224230186e-06,0.0009311408993385186,34.09717775918512,0.917605074829488,326087750.80225354,0.27577790166901245,6.0438357490223e-19,1.8115578454402466e-05,-25.612255,6.475859,-19.136396,True,-2895469.151080376,1202,0.22305555555555556,959713.107820112,3633700.8983848053,,
557634,401,1,2019-03-20 01:45:14,2019-03-20 01:58:36,0 days 00:13:22,133.90206789005123,32.74467967933965,10917.424936030859,229.27952183668407,True,243.31965591658877,-0.2453346642622756,-0.9694384469946076,621.145237290327,134.30796733686537,3551.674567734788,221.81946,9.74562e-05,22927.952183668407,1.076843604905017,0.3600875366675451,9.050172054389058e-05,20112420967789.043,7.024763206493791e-06,56.75727,-12.432233,0.03099839,0.03326694,223.15082,55.212494,-12.600108,0.004556354772250586,0.018875291225808992,0.0026267553086929,1090.2400219348258,961.77966,128.4603588488883,-251.6221,251.6221,61604.303519754816,22182.94190254829,1.2635027124115445e-06,0.0009314915465742189,34.04843962664204,0.917528185685029,326477531.9039122,0.27619194251161766,6.066805654394191e-19,1.8152816976973003e-05,-25.65652,6.490408,-19.166113,True,-2894373.2240093024,1202,0.22277777777777777,959479.2343477368,3633630.326572741,,
557635,402,1,2019-03-20 01:45:15,2019-03-20 01:58:36,0 days 00:13:21,133.8995458492136,32.7441428256836,10917.530011477827,229.27573223618282,True,243.3650467248273,-0.2453636370706394,-0.9694311144188985,619.8897718668579,134.14363930051107,3530.7805176155307,221.82048,9.747571e-05,22927.57322361828,1.0769032118016315,0.3600799282599597,9.051483183510654e-05,20075938141513.04,7.03966431777589e-06,56.758076,-12.420571,0.030663386,0.033979148,223.15178,55.21257,-12.589359,0.004556840015644639,0.018894473590668637,0.002620011495840375,1090.2305897304984,961.8502,128.38037000393592,-251.69452,251.69452,61425.88092503745,22118.22679679231,1.263929415207367e-06,0.0009318889304872146,33.9996906673507,0.9174650442349425,326831912.5290721,0.2766225431816358,6.091135512416973e-19,1.8191649589507794e-05,-25.702347,6.5055766,-19.19677,True,-2893676.894726769,1202,0.2225,959245.3623960803,3633559.7473460943,,
557636,403,1,2019-03-20 01:45:16,2019-03-20 01:58:36,0 days 00:13:20,133.8970233721517,32.743605808460615,10917.629142376383,229.27215707539963,True,248.98283014816323,-0.24240500983245838,-0.9701751446043779,608.8982955927785,133.97129047319922,3430.8658701484696,221.82156,9.7495744e-05,22927.215707539963,1.0769629533528775,0.3600725462523928,9.052841003183253e-05,19787533517231.15,7.032490220564645e-06,56.75884,-12.408908,0.030329077,0.034690045,223.15279,55.212597,-12.5786085,0.0045574393171111185,0.018914229728478765,0.0025556265491880666,1090.2211543607523,961.9208,128.30037799356478,-251.76694,251.76694,60333.34911294115,21724.382639031264,1.262028000493944e-06,0.0009301236102932857,33.94783956135094,0.9173217875185893,327970083.01643974,0.27590458060491596,6.171078570974153e-19,1.849957036984297e-05,-25.640963,6.4841557,-19.156807,True,-2901981.8850688776,1202,0.2222222222222222,959011.4478184121,3633489.1539438455,,
557637,404,1,2019-03-20 01:45:17,2019-03-20 01:58:36,0 days 00:13:19,133.8944407916922,32.74306303768719,10915.55009365981,229.34714752596062,True,243.13467561154835,-0.22358573450768143,-0.9746842664805155,613.0234122866588,139.611158662295,3036.4075058184617,221.83748,9.767122e-05,22934.71475259606,1.0771090005676236,0.360164489570131,9.067904738381382e-05,418492100647.8145,6.353900129458964e-06,56.742374,-12.398871,0.030003684,0.035498198,223.169,55.19496,-12.569551,0.004554714473205763,0.018622817646295843,0.002148664830195763,1090.2114042814467,961.99255,128.21885057050918,-251.84076,251.84076,64453.92560402372,23214.0152159644,4.5104009130664e-06,0.005399589606213626,36.298247162135134,1.1553509850559323,6492887.69808753,0.0760679074513986,4.28332996876426e-17,2.0110261820514517e-05,-6.7529464,4.8618164,-1.89113,True,-282004.50062661484,1202,0.22194444444444444,958771.9208838395,3633417.666435587,,
557638,405,1,2019-03-20 01:45:18,2019-03-20 01:58:36,0 days 00:13:18,133.89190707577302,32.74257414556707,10915.490153319333,229.349309844443,True,243.13524279839118,-0.22364291218391666,-0.9746711485572439,612.9530376804466,139.64954348001226,3028.6107751301497,221.83955,9.770114e-05,22934.9309844443,1.0771705112347032,0.36016450491725266,9.07016445573912e-05,419013152673.72754,6.368294790544301e-06,56.741764,-12.387365,0.029671663,0.036209647,223.17105,55.193615,-12.558954,0.004554934910317172,0.01863073948179939,0.0021408902108536977,1090.201295048523,962.0605,128.14080920867923,-251.91116,251.91116,64479.62715480333,23223.272991458784,4.512532352285083e-06,0.005403924345673649,36.33365881118458,1.1557065897613283,6498380.514325192,0.07618187119152402,4.2891107421084885e-17,2.0114390971545958e-05,-6.764394,4.87277,-1.891624,True,-282045.40249084827,1202,0.22166666666666668,958536.699314213,3633352.379174828,,
557639,406,1,2019-03-20 01:45:19,2019-03-20 01:58:36,0 days 00:13:17,133.88937340195145,32.74208512728965,10915.429313031593,229.3515046449644,True,243.19329033999387,-0.22367301612260962,-0.9746642405765253,612.8154167151376,139.688586830041,3020.1659434054336,221.84164,9.773114e-05,22935.15046449644,1.077230025495612,0.36016457127260115,9.07244883393871e-05,419432828199.82074,6.382441201317757e-06,56.74115,-12.375856,0.029340472,0.036919467,223.17311,55.192265,-12.548355,0.004555156169399482,0.018638634150183797,0.002132589435649228,1090.191185252232,962.1284,128.0627672834819,-251.98155,251.98155,64499.11680267726,23230.29675069768,4.514819638324434e-06,0.005408579615886762,36.369382836365624,1.1560830852460957,6502923.590147683,0.07628724563379677,4.295860102204328e-17,2.0120649341344394e-05,-6.7750683,4.8832994,-1.8917689,True,-282069.78729286866,1202,0.22138888888888889,958301.4800592533,3633287.0840076073,,
557640,407,1,2019-03-20 01:45:20,2019-03-20 01:58:36,0 days 00:13:16,133.88683915512502,32.74159592642287,10915.359837279058,229.35401098885305,True,239.66183322625548,-0.2253357091466766,-0.9742811802469369,619.6117020360089,139.72388858717594,3056.779633261809,221.8438,9.776182e-05,22935.401098885304,1.0772907036066688,0.36016501639199144,9.074785292114586e-05,426136095271.2604,6.400867032285479e-06,56.740467,-12.36435,0.029010095,0.037628103,223.17523,55.190838,-12.537757,0.004555375255794445,0.01864681627356612,0.0021553899277266145,1090.1810716643809,962.1963,127.98478260188085,-252.05194,252.05194,65226.56852077766,23492.32812047924,4.512177741676227e-06,0.005403138051210671,36.40374128887106,1.1558315589233943,6533167.4643518375,0.07664250569485682,4.23871083379542e-17,1.9912159058559555e-05,-6.808394,4.906199,-1.902195,True,-282597.6260204782,1202,0.22111111111111112,958066.2056928412,3633221.771999279,,
557641,408,1,2019-03-20 01:45:21,2019-03-20 01:58:36,0 days 00:13:15,133.88434276374846,32.74111025787318,10917.022990642907,229.29401867370208,True,238.50538651289492,-0.27505686809982033,-0.9614279584613286,640.3679699935308,134.72979849879596,4251.915243361264,221.83415,9.766989e-05,22929.40186737021,1.0772913874640968,0.3600864462415385,9.066245932743575e-05,8766669255228.222,6.748948458095561e-06,56.75351,-12.351467,0.028669106,0.03826214,223.16527,55.20349,-12.52573,0.004558135972368404,0.018923525508698438,0.003139822656145494,1090.1711536485818,962.2634,127.90772591420682,-252.12148,252.12148,62272.802341236566,22423.592092557636,1.650249372724627e-06,0.0013040346669062279,34.35020794307468,0.9345925451139911,140778460.67034954,0.23969706141596908,1.4332757054784743e-18,1.8259552803714672e-05,-22.165356,7.1103663,-15.054989,True,-2299349.751365906,1202,0.22083333333333333,957834.4628871838,3633157.022249154,,
557642,409,1,2019-03-20 01:45:22,2019-03-20 01:58:36,0 days 00:13:14,133.88189115025466,32.740520277361746,10917.041500181318,229.29335107973998,True,238.5051945661108,-0.27511330976258086,-0.9614118091595704,639.6826050954699,134.66450177728342,4237.792840630072,221.83583,9.7697084e-05,22929.335107974,1.077363725954331,0.3600826808942618,9.06816164084066e-05,8775271972394.795,6.765046799559827e-06,56.75378,-12.340088,0.028349882,0.03895121,223.16689,55.203,-12.515245,0.004558604240024237,0.018937581516059794,0.0031336336581403094,1090.162813714014,962.3359,127.82693724917021,-252.19502,252.19502,62196.23663682157,22395.78762972062,1.65033789422307e-06,0.0013041196683924554,34.34241029923947,0.9345454812515085,141090079.5113323,0.24019752406779624,1.4352876269538972e-18,1.8278260582425013e-05,-22.216877,7.1288233,-15.088054,True,-2301929.6898929738,1202,0.22055555555555556,957607.4543504473,3633080.8912474825,,
557643,410,1,2019-03-20 01:45:23,2019-03-20 01:58:36,0 days 00:13:13,133.8794395961487,32.73993017626747,10917.059872978445,229.2926884192594,True,238.02131357957327,-0.27549361892897145,-0.961302900198173,639.9426670358856,134.5985322492616,4232.358798589638,221.83751,9.772436e-05,22929.26884192594,1.077435085388048,0.3600789233512955,9.070092761943201e-05,8801742179784.559,6.781038070500069e-06,56.75405,-12.328705,0.028031526,0.039638415,223.16852,55.202503,-12.504755,0.004558956808974415,0.018951731527905958,0.0031337820299807513,1090.1544733278367,962.4084,127.74608709736799,-252.26855,252.26855,62204.696421062334,22398.600114690307,1.6500489330298188e-06,0.0013038286721474127,34.33440642292338,0.934484163262749,141496425.28926986,0.24079734662615818,1.4342698174047501e-18,1.8274185966913735e-05,-22.27781,7.148806,-15.129004,True,-2304422.077678387,1202,0.22027777777777777,957380.4492416893,3633004.752694869,,
557644,411,1,2019-03-20 01:45:24,2019-03-20 01:58:36,0 days 00:13:12,133.8769933100458,32.739340458602165,10917.268783057894,229.28515366835003,True,237.36314938719264,-0.27601235583476796,-0.9611540872443614,639.1790959394054,134.03669126597322,4217.362724020028,221.8379,9.773828e-05,22928.515366835003,1.0775006360617108,0.36006645031167955,9.070832752226435e-05,20363359764523.297,7.181892101692781e-06,56.755833,-12.317169,0.027712626,0.04031569,223.16881,55.20356,-12.494105,0.004559809836897273,0.018993208183911123,0.0031411742165441472,1090.1461595200162,962.48083,127.66532455907873,-252.34198,252.34198,61850.42569518085,22270.263230330063,1.2692649354896854e-06,0.000936812422572974,34.122883686054266,0.9163646808187086,329235563.63024247,0.2767389157777611,6.132737452672186e-19,1.813870986378533e-05,-25.760946,6.561681,-19.199265,True,-2910514.125162064,1202,0.22,957153.9337089781,3632928.685101183,,
557645,412,1,2019-03-20 01:45:25,2019-03-20 01:58:36,0 days 00:13:11,133.8745541820279,32.73875126437358,10917.473585079266,229.2777672772123,True,241.02716412593946,-0.24862631574283806,-0.9685994812718736,616.894851975482,133.7499413468276,3484.302415569052,221.83832,9.7752556e-05,22927.77672772123,1.0775668449674363,0.3600541661245959,9.07160019693506e-05,21106029729048.598,7.199953911168178e-06,56.757587,-12.305662,0.02739537,0.040989507,223.16913,55.20459,-12.483481,0.004560545598954207,0.019019354786281042,0.0026023618946363677,1090.1378826468429,962.55304,127.5848430960616,-252.41524,252.41524,60992.92677192709,21960.75738836475,1.2494077053479647e-06,0.0009183880364058724,34.023812807310115,0.9163746257953367,346040612.34790534,0.2790548702187867,5.907380752902178e-19,1.8314724118820706e-05,-25.990519,6.529434,-19.461084,True,-2891329.0991365644,1202,0.21972222222222224,956928.0843958249,3632852.7121547665,,
557646,413,1,2019-03-20 01:45:26,2019-03-20 01:58:36,0 days 00:13:10,133.8720582313623,32.7382123343376,10917.581555793167,229.2738732822546,True,241.25352720066851,-0.2485517121725243,-0.9686186279316058,615.5902619151865,133.61685803058347,3463.8290632738335,221.83932,9.7772565e-05,22927.38732822546,1.0776327315066467,0.3600464166650442,9.072902302894537e-05,21067683221092.1,7.214810531756027e-06,56.758446,-12.294063,0.02707216,0.041676152,223.17007,55.20472,-12.472776,0.0045610313363980024,0.01903693145464717,0.0025935969903637533,1090.128616640931,962.6233,127.50532562530611,-252.48723,252.48723,60825.098686119825,21899.858825235133,1.2498671116546945e-06,0.0009188147131165486,33.98751846730451,0.916324443341098,346364965.7160311,0.2795470127124638,5.930791538629975e-19,1.8354543290368813e-05,-26.042252,6.5461326,-19.496119,True,-2893169.873626768,1202,0.21944444444444444,956696.6432861183,3632782.0794169763,,
557647,414,1,2019-03-20 01:45:27,2019-03-20 01:58:36,0 days 00:13:09,133.86955990219303,32.73767305996356,10917.653354969092,229.27128385389952,True,241.28241657818882,-0.24858994636806026,-0.9686088160680374,614.5488594442409,133.48424770169274,3446.462962465617,221.84058,9.77952e-05,22927.12838538995,1.0777019315931535,0.3600403183835408,9.07442007394198e-05,21029937576885.42,7.2299116903243576e-06,56.759018,-12.282481,0.026749799,0.042363007,223.17126,55.20456,-12.46209,0.004561509821415939,0.01905455040524623,0.002587031238638506,1090.1193373352678,962.69354,127.42579485479905,-252.55925,252.55925,60680.06406816537,21847.269586635914,1.2504838214591914e-06,0.0009193857914444674,33.95148248471195,0.9162793205831055,346570787.28956676,0.28006864573517715,5.954533888818313e-19,1.8388000705319647e-05,-26.096737,6.5642056,-19.532532,True,-2893929.2606670815,1202,0.21916666666666668,956464.978228906,3632711.4039275846,,
557648,415,1,2019-03-20 01:45:28,2019-03-20 01:58:36,0 days 00:13:08,133.86706131425956,32.737133638042856,10917.714332440033,229.2690847275858,True,246.25171617860656,-0.24599842452904214,-0.9692702281248657,604.7799648199281,133.3787340203204,3360.632172947428,221.84192,9.781867e-05,22926.90847275858,1.0777695626020218,0.3600347005734629,9.07602849915827e-05,19715265331470.105,7.249291769935575e-06,56.759502,-12.270904,0.026428295,0.043048605,223.17253,55.204308,-12.4514065,0.0045621024903636,0.019070700920914428,0.002528972750192974,1090.11005583452,962.76373,127.34632292436368,-252.63129,252.63129,59731.59009417898,21505.44515433455,1.2721192222292606e-06,0.0009394726304705528,33.926560846027,0.9172307624490702,330064297.6419176,0.28572649901810493,6.396988147118202e-19,1.8678639139517705e-05,-26.628767,6.7961516,-19.832615,True,-2951326.7234070245,1202,0.21888888888888888,956233.2871138453,3632640.716710416,,
557649,416,1,2019-03-20 01:45:29,2019-03-20 01:58:36,0 days 00:13:07,133.8645096227914,32.73658886233845,10915.745334848632,229.340104409968,True,243.43503064053445,-0.2351183004591626,-0.9719667611545134,612.9145687633721,138.7548748805728,3172.5110985805686,221.85707,9.798393e-05,22934.0104409968,1.0778837082488943,0.36012161798796455,9.090399152751495e-05,438844834594.7837,6.53392139401214e-06,56.743847,-12.260967,0.026128132,0.043813244,223.18797,55.1875,-12.442428,0.00455951381019986,0.018789221815958716,0.002272998620949378,1090.1004988125321,962.83514,127.26535476956337,-252.70456,252.70456,63750.35546224148,22957.881156370277,4.464562677110601e-06,0.005305936572755371,36.174729623425186,1.1470152652588952,6883802.159420207,0.07966284324570923,4.169434462696802e-17,2.0231929169391734e-05,-7.0951724,5.085727,-2.0094452,True,-299981.6574609285,1202,0.21861111111111112,955996.6379319676,3632569.2115386277,,
557650,417,1,2019-03-20 01:45:30,2019-03-20 01:58:36,0 days 00:13:06,133.86198003426114,32.7360741194503,10915.724691226196,229.34084909817426,True,243.7694454394896,-0.23500583605845113,-0.9719939593528697,612.4710477104987,138.80358044720884,3161.6987806951684,221.85893,9.801241e-05,22934.084909817426,1.0779482652295154,0.3601197611418221,9.09249661991312e-05,438553248380.84344,6.547541006656402e-06,56.74361,-12.249368,0.025806049,0.04450364,223.18979,55.186523,-12.431728,0.004559858037981428,0.018796679884365883,0.0022621186783328517,1090.0907081036162,962.9044,127.18628915830368,-252.77603,252.77603,63745.47209978636,22956.00418644775,4.4685307245710075e-06,0.0053139827509177395,36.21449913767835,1.1475830246747214,6879755.281980462,0.07967102608265965,4.1835036763430606e-17,2.0248007109189366e-05,-7.0971246,5.0916023,-2.0055223,True,-299590.10880661104,1202,0.21833333333333332,955761.9067700792,3632501.1420971854,,
557651,418,1,2019-03-20 01:45:31,2019-03-20 01:58:36,0 days 00:13:05,133.85944691461947,32.735558915972256,10915.650869306219,229.34351213098537,True,243.76984492847225,-0.23506173181992784,-0.9719804433391735,612.4593162804474,138.85098618719198,3155.4655892733213,221.86115,9.804465e-05,22934.351213098536,1.0780174565442457,0.360120364342749,9.094903682069469e-05,438854956602.40967,6.561988112623889e-06,56.742954,-12.237799,0.025485098,0.045194965,223.19199,55.18511,-12.421061,0.0045599610414154765,0.018804436186402002,0.002254523779582852,1090.0808981141258,962.9738,127.10708219615708,-252.84756,252.84756,63780.20473898761,22968.550568459345,4.471604235048631e-06,0.005320202218499136,36.25419395481598,1.1480559004448265,6880739.226196715,0.0797306895902907,4.191879676701338e-17,2.0251379209896374e-05,-7.103755,5.1000376,-2.0037174,True,-299316.86265014345,1202,0.21805555555555556,955526.8441963953,3632433.0121917604,,
557652,419,1,2019-03-20 01:45:32,2019-03-20 01:58:36,0 days 00:13:04,133.8569138406935,32.735043589115875,10915.578158122567,229.34613511985893,True,239.39003366317593,-0.23723537653917606,-0.9714521996054748,620.5842638855028,138.8916877818818,3207.149357891726,221.86337,9.807686e-05,22934.61351198589,1.0780837690394047,0.36012086047752,9.097332028321026e-05,447224881145.8038,6.580434242401892e-06,56.742306,-12.226226,0.025165005,0.045884497,223.19417,55.183704,-12.410389,0.004560294834270166,0.018812512374381238,0.0022876658179049364,1090.0710875325178,963.0432,127.02787464189282,-252.91911,252.91911,64627.881611412304,23273.84833674109,4.467311987760015e-06,0.005311441244846849,36.2910312550764,1.1475774814686366,6919999.077717421,0.0801830410490323,4.12216041178792e-17,2.000460030157312e-05,-7.1460986,5.127836,-2.0182624,True,-299987.5410430474,1202,0.21777777777777776,955291.784113032,3632364.874707029,,
557653,420,1,2019-03-20 01:45:33,2019-03-20 01:58:36,0 days 00:13:03,133.8544277205562,32.734532857761955,10917.450070457195,229.27861534594507,True,236.24214303605672,-0.25471091933844914,-0.9670172426434609,617.5466401107011,133.52573888502226,3545.1478263247727,221.85234,9.7974356e-05,22927.861534594507,1.0781246259538997,0.36003274981645417,9.087479681247257e-05,20354596994469.78,7.324088706448531e-06,56.757156,-12.213021,0.024821555,0.046499364,223.18277,55.198193,-12.398024,0.004563445432694948,0.01911431650786436,0.0026565028419614748,1090.06151794033,963.1115,126.95000670986133,-252.98956,252.98956,60811.45981973721,21894.117099252802,1.2705356625026577e-06,0.0009379750618147921,34.07914990243647,0.9169064509449093,334716467.1725807,0.2874579931662082,6.257767766143221e-19,1.8391825072988887e-05,-26.82084,6.845894,-19.974947,True,-2911788.63294658,1202,0.2175,955061.1040822587,3632297.4556896994,,
557654,421,1,2019-03-20 01:45:34,2019-03-20 01:58:36,0 days 00:13:02,133.85198543325384,32.733991700780486,10917.602616586788,229.2731137248962,True,236.69158359439845,-0.25449737440968,-0.9670734648508246,615.8423069203105,133.3758595799873,3520.6192085701405,221.85304,9.799163e-05,22927.31137248962,1.0781946916733103,0.36002296235985976,9.0884911790264e-05,20289805987481.836,7.338545125035908e-06,56.758408,-12.201575,0.024510656,0.047157384,223.1834,55.198734,-12.387446,0.00456405536023027,0.01913268193415848,0.0026454722184207375,1090.0526039014935,963.18097,126.87163466321226,-253.06061,253.06061,60600.317032262836,21817.50565790193,1.2712366612605394e-06,0.0009386299773972924,34.03535732930996,0.9168518708103279,334813528.72592735,0.2879706079686427,6.290891600835733e-19,1.8442765483344433e-05,-26.87458,6.864577,-20.010004,True,-2914422.3124752985,1202,0.21722222222222223,954834.6898140067,3632226.8532786407,,
557655,422,1,2019-03-20 01:45:35,2019-03-20 01:58:36,0 days 00:13:01,133.84953837184594,32.733449968681605,10917.683515297318,229.27019613247415,True,236.69168863462178,-0.2545512248375004,-0.967059291839817,614.7747889038955,133.22629090102416,3503.2338076306796,221.85422,9.801397e-05,22927.019613247416,1.07826944111728,0.36001648177892015,9.089932710489806e-05,20262758012862.727,7.3533743521230806e-06,56.759087,-12.190172,0.024200985,0.04781725,223.18451,55.19869,-12.376913,0.004564536005099739,0.019151241198413636,0.0026397060097764213,1090.0436641676906,963.2505,126.79317588644062,-253.13176,253.13176,60444.248814740466,21760.925802052527,1.271557041117141e-06,0.000938928197822241,33.992006417995356,0.9167856286815729,335230537.3993046,0.28837659778720376,6.31231918667418e-19,1.84777952017908e-05,-26.918404,6.8789883,-20.039415,True,-2913610.687734516,1202,0.21694444444444444,954607.82799822,3632156.1719832704,,
557656,423,1,2019-03-20 01:45:36,2019-03-20 01:58:36,0 days 00:13:00,133.84709136008985,32.732908121720364,10917.764177810976,229.26728708836737,True,236.5280964367199,-0.25470711359095044,-0.9670182450637458,613.8244844209776,133.07627142900012,3488.558722387949,221.85541,9.8036406e-05,22926.728708836737,1.078340882700829,0.3600099705245786,9.091411376620897e-05,20249884636241.676,7.367786695001486e-06,56.75977,-12.178765,0.023892054,0.04847545,223.18564,55.198643,-12.366376,0.004565015839479543,0.019169899569595437,0.0026359557968489693,1090.0347238919467,963.32007,126.71465553257167,-253.2029,253.2029,60295.02226225577,21706.80918741351,1.2716009531952502e-06,0.000938969197971947,33.94853877628563,0.9167031274011367,335846706.35270584,0.28867942793675183,6.328655205113292e-19,1.8510832933379784e-05,-26.952597,6.889733,-20.062864,True,-2910496.0411222647,1202,0.21666666666666667,954380.9689249888,3632085.483689386,,
557657,424,1,2019-03-20 01:45:37,2019-03-20 01:58:36,0 days 00:12:59,133.84464615817774,32.73236631767512,10917.812483087906,229.26554500247602,True,245.08933773850111,-0.26739694697595984,-0.9635864635557807,621.1126513372309,133.0892488256902,3789.638952268067,221.85681,9.806112e-05,22926.554500247603,1.0784155743990396,0.36000496053195435,9.093073620647451e-05,12526277101323.297,7.089893713692271e-06,56.760193,-12.167393,0.023584647,0.049132485,223.18698,55.198334,-12.355872,0.004565489841377826,0.019179291219025202,0.002877400275097403,1090.0257923850002,963.3896,126.63620498265641,-253.27402,253.27402,60399.68796053909,21744.187280376234,1.4742381591336654e-06,0.001131264188486827,33.97179551153784,0.9255494103498254,207389765.15089092,0.2951793266760035,1.0230679992931735e-18,1.8593462971213466e-05,-27.50703,7.985401,-19.52163,True,-2970272.7885091766,1202,0.21638888888888888,954154.2769614517,3632014.8134831088,,
557658,425,1,2019-03-20 01:45:38,2019-03-20 01:58:36,0 days 00:12:58,133.84212145942786,32.731776932889844,10917.841941956362,229.26448260043196,True,245.0921995050548,-0.26744889938226046,-0.9635720451627982,620.3588612453213,133.00000250505832,3775.644462287312,221.85846,9.8088974e-05,22926.448260043195,1.078494247763862,0.36000062040312136,9.094992827801953e-05,12539429573410.209,7.1060975694238904e-06,56.760532,-12.155623,0.0232689,0.049811266,223.18855,55.1979,-12.345005,0.004566075814293527,0.019195101798688354,0.002871114865309869,1090.016939767998,963.4631,126.55386603752936,-253.34882,253.34882,60302.90011555526,21709.081453707353,1.4740502754405416e-06,0.0011310801594073977,33.95421685075684,0.9254670003259794,207940738.32902834,0.29575165846825724,1.0242822283906106e-18,1.86170614709143e-05,-27.567032,8.003761,-19.56327,True,-2973085.994320879,1202,0.21611111111111111,953920.3646996234,3631938.5246525095,,
557659,426,1,2019-03-20 01:45:39,2019-03-20 01:58:36,0 days 00:12:57,133.83959678567192,32.73118742671573,10917.870386782419,229.26345677250703,True,247.05982132940366,-0.2663430183300454,-0.963878310051036,616.1048300345542,132.91198846111897,3731.6171195180527,221.8601,9.811698e-05,22926.3456772507,1.0785769569214818,0.3599963377684874,9.096891882734665e-05,12452424844109.559,7.123126111141379e-06,56.760864,-12.143852,0.022954054,0.050488163,223.19014,55.197453,-12.334132,0.0045665459047486935,0.019210895602353152,0.0028420502895388946,1090.0080863621802,963.5366,126.47146526843017,-253.42363,253.42363,59888.35080988429,21559.586966552768,1.4752526333718442e-06,0.0011322403543710287,33.937193350914185,0.9254814263883521,207927329.3672723,0.29634492622125297,1.0341152260050114e-18,1.873532517213019e-05,-27.62859,8.029021,-19.599567,True,-2981933.109392861,1202,0.21583333333333332,953686.452569721,3631862.2283597854,,
557660,427,1,2019-03-20 01:45:40,2019-03-20 01:58:36,0 days 00:12:56,133.83705106263574,32.730595647301534,10917.143006610004,229.28969001810452,True,248.30105418221592,-0.26567499038466413,-0.9640626532980668,616.8418515129651,134.79232651584064,3746.615718211619,221.8669,9.819679e-05,22928.969001810452,1.0786614900923395,0.36002651058630564,9.10357795510996e-05,1750663726330.8972,6.826783440260452e-06,56.755154,-12.132719,0.022651812,0.05118996,223.19699,55.19081,-12.323924,0.004565939819081279,0.019116556101799173,0.0028053223697866872,1089.9991238940197,963.61053,126.38858922605095,-253.49895,253.49895,60911.695794693325,21929.825290857985,2.8131758032448357e-06,0.00255352992766879,34.73281589304852,0.9965862427331835,28741011.122586682,0.11612949160968798,8.338229952206545e-18,1.9348592779344648e-05,-10.574627,5.392158,-5.182469,True,-793756.880763843,1202,0.21555555555555556,953450.5739285192,3631785.5952186794,,
557661,428,1,2019-03-20 01:45:41,2019-03-20 01:58:36,0 days 00:12:55,133.834492096409,32.730002390672645,10915.941765763251,229.3330185526399,True,239.84478933036442,-0.24048251738587825,-0.9706534700044865,608.4350684921744,137.96905418733743,3157.649571667438,221.8769,9.830887e-05,22933.30185526399,1.0787479964746942,0.3600783114331,9.113237641660998e-05,454412642586.31506,6.711725991027654e-06,56.745647,-12.121996,0.022358831,0.051905792,223.20715,55.180275,-12.31414,0.004564545861138356,0.018954476326666837,0.0022827645555105955,1089.9900924302583,963.6848,126.3052779771333,-253.57455,253.57455,62874.39932693237,22639.707542012246,4.43199123874503e-06,0.005239758897121784,36.08071742947788,1.1413705387155115,7227307.8940042695,0.08308841699780763,4.114102435367951e-17,2.04347256381584e-05,-7.4233727,5.3081036,-2.1152692,True,-308854.7487762488,1202,0.2152777777777778,953213.4571989325,3631708.7472501495,,
557662,429,1,2019-03-20 01:45:42,2019-03-20 01:58:36,0 days 00:12:54,133.83200336706568,32.72948366985192,10915.765180338738,229.33938851505317,True,239.85064708672482,-0.2405374684404003,-0.970639854053131,609.0530284317757,138.1481195610209,3159.0664785694885,221.87982,9.834852e-05,22933.938851505318,1.0788202594713188,0.36008356474699166,9.116302885393458e-05,453261649949.1017,6.725427755549122e-06,56.7442,-12.110679,0.022054926,0.052569333,223.21005,55.17806,-12.303703,0.004564627116828603,0.018955222218441554,0.002274620482475746,1089.9805840395952,963.7536,126.22698296537646,-253.64539,253.64539,63031.614441687816,22696.648419920908,4.442474128354982e-06,0.005260915852685323,36.17585762118435,1.1428614081527442,7191020.791136895,0.08279399039981095,4.13992619454366e-17,2.0422888056419907e-05,-7.397684,5.3000145,-2.0976696,True,-306604.19121746754,1202,0.215,952982.5503369488,3631640.481570013,,
557663,430,1,2019-03-20 01:45:43,2019-03-20 01:58:36,0 days 00:12:53,133.82951462635282,32.728964817839696,10915.586470624581,229.34583525278725,True,239.95990965699795,-0.24053899384340996,-0.9706394760367003,609.5544997827736,138.33083795558917,3159.2226436461397,221.88275,9.838832e-05,22934.583525278726,1.0788919911580586,0.3600889384649437,9.119385697259164e-05,451915892704.48566,6.739005427253527e-06,56.742737,-12.099361,0.021752022,0.053231124,223.21295,55.17582,-12.293265,0.0045648246063922215,0.018955827290965368,0.0022654499887105038,1089.9710748630387,963.82245,126.14862613256992,-253.71622,253.71622,63180.04460909636,22750.4351954573,4.4533823657736535e-06,0.005282971051751671,36.272773048827474,1.1444044030175333,7152826.426453979,0.08248194026893223,4.1679080825306414e-17,2.0414712561616192e-05,-7.3703766,5.291051,-2.0793257,True,-304311.13984383375,1202,0.21472222222222223,952751.6406602866,3631572.2069940306,,
557664,431,1,2019-03-20 01:45:44,2019-03-20 01:58:36,0 days 00:12:52,133.82702476749012,32.72844572618879,10915.393494823578,229.35279678720195,True,234.34785206662454,-0.2434237305946874,-0.9699200417474447,620.0737515634216,138.49880652471296,3237.7426451278525,221.88579,9.842912e-05,22935.279678720195,1.0789621665972027,0.3600949436200828,9.122573642717058e-05,461604747313.1578,6.757274466094861e-06,56.741158,-12.088051,0.021450242,0.053891763,223.21596,55.173466,-12.282834,0.004565019124616754,0.018957244558856053,0.002312306214273831,1089.961559153473,963.89124,126.07032380191049,-253.78706,253.78706,64308.58958898198,23157.19794233151,4.45221831548851e-06,0.005280553009188759,36.3636337340318,1.1444254997904206,7177964.098784165,0.08282071870395497,4.0907523203973775e-17,2.0097460392724565e-05,-7.402446,5.313955,-2.088491,True,-303639.86570765445,1202,0.21444444444444444,952520.6248572777,3631503.9067403018,,
557665,432,1,2019-03-20 01:45:45,2019-03-20 01:58:36,0 days 00:12:51,133.82459503832848,32.7279327131899,10917.326587401638,229.28306887696664,True,235.65657024277914,-0.25570827811726227,-0.9667539896490237,613.0359976921453,133.0869913329281,3434.5921781554307,221.87434,9.832566e-05,22928.306887696664,1.079041688723925,0.36000403592200075,9.112313491784475e-05,20545926620898.605,7.512633660323111e-06,56.756626,-12.074883,0.021111205,0.054479472,223.20415,55.188595,-12.270473,0.004568182059017829,0.019264662869907696,0.002583020584922733,1089.9523510608103,963.9588,125.99354979127907,-253.8565,253.8565,60335.17679766554,21720.90715522705,1.2739786925943645e-06,0.0009411388749845773,34.12185457055689,0.9166267856952692,340529815.4640289,0.2954757649639654,6.3627859264788e-19,1.854235336646304e-05,-27.646414,7.090631,-20.555782,True,-2967254.5673667365,1202,0.21416666666666667,952295.2184352335,3631436.544553945,,
557666,433,1,2019-03-20 01:45:46,2019-03-20 01:58:36,0 days 00:12:50,133.8221596490659,32.72739078418785,10917.569157331374,229.2743204336357,True,235.88844505501856,-0.2556256107581297,-0.9667758515418832,610.7949553588248,132.77367964992504,3404.742943024911,221.87442,9.833772e-05,22927.43204336357,1.0791222292011908,0.3599901672598547,9.112750621227535e-05,20444610527349.594,7.525862074584671e-06,56.758617,-12.063326,0.020808171,0.055113193,223.20413,55.18989,-12.259767,0.004568925658676051,0.019292415174186346,0.0025759261026149344,1089.9434630096553,964.02814,125.91532580262401,-253.9274,253.9274,59993.81958070295,21597.1851454148,1.274399345833363e-06,0.000941536725624694,34.01030933935677,0.9164873341433474,340778611.3675885,0.29548729040560934,6.405922666786628e-19,1.861590115182241e-05,-27.653091,7.096658,-20.556433,True,-2959359.7680641254,1202,0.21388888888888888,952069.4249510919,3631365.9533555014,,
557667,434,1,2019-03-20 01:45:47,2019-03-20 01:58:36,0 days 00:12:49,133.8197218228289,32.72684849721156,10917.77441805523,229.2669177823738,True,235.90082006895847,-0.25567199785747624,-0.9667635851187025,608.8749436839726,132.4625611757503,3378.566480961232,221.87477,9.835243e-05,22926.691778237382,1.0792027674966962,0.3599779921808188,9.113433785920394e-05,20361663007625.207,7.539033405671509e-06,56.76031,-12.05179,0.020506244,0.055746965,223.20439,55.190887,-12.2490835,0.004569662898656474,0.019320177125972154,0.00257136088667076,1089.9345615112445,964.0975,125.83708836671326,-253.99834,253.99834,59681.92307719292,21484.17883881798,1.2746405935976362e-06,0.0009417660600968729,33.89982056985641,0.9163377365442102,341169686.8629605,0.29543996107630255,6.443407183078318e-19,1.8681420518660596e-05,-27.65426,7.100423,-20.553837,True,-2949870.702488594,1202,0.2136111111111111,951843.4020970042,3631295.3174759503,,
557668,435,1,2019-03-20 01:45:48,2019-03-20 01:58:36,0 days 00:12:48,133.81728391444545,32.72630608337472,10917.977503971355,229.25959375521302,True,235.91970073755425,-0.25571444326101994,-0.9667523589356823,606.9619907809705,132.15408881688467,3352.6476640266424,221.87512,9.8367396e-05,22925.959375521303,1.0792838665973505,0.35996591851091514,9.114135708019641e-05,20277474304282.445,7.552204323340228e-06,56.761993,-12.04025,0.020204963,0.056379266,223.20465,55.191868,-12.238396,0.004570398818646595,0.019347916884527975,0.002566705763781471,1089.9256587900416,964.1669,125.75878867285405,-254.06929,254.06929,59372.52107919475,21372.08408458101,1.2749199984959213e-06,0.0009420309851412007,33.790562575282564,0.9161907290431904,341529615.64888066,0.2954044564495401,6.481647734122957e-19,1.87471577023988e-05,-27.656538,7.1046467,-20.551891,True,-2940567.834960931,1202,0.21333333333333335,951617.3696788158,3631224.6726580807,,
557669,436,1,2019-03-20 01:45:49,2019-03-20 01:58:36,0 days 00:12:47,133.814845854057,32.72576353606506,10918.177072731336,229.25239675423654,True,246.93239390489913,-0.2655017303119156,-0.9641103833075229,610.8327565090572,131.842646372038,3566.87474958523,221.8755,9.8382705e-05,22925.239675423654,1.0793673273015063,0.35995400017200524,9.114849264265584e-05,20143962874025.656,7.564909029694967e-06,56.763645,-12.0287075,0.019904358,0.05701014,223.20494,55.192818,-12.227704,0.004571134270942991,0.019375911422198234,0.0027558161536733344,1089.9167544797622,964.2362,125.68054842507468,-254.14024,254.14024,59147.563301550676,21290.402010820064,1.2768157704349373e-06,0.0009438009142553743,33.68014587023897,0.9157456411646452,340571305.89346766,0.2933370281724083,6.537924063060005e-19,1.8793360138838257e-05,-27.4659,7.0690603,-20.39684,True,-3074037.126179808,1202,0.21305555555555555,951391.3211731075,3631154.017869692,,
557670,437,1,2019-03-20 01:45:50,2019-03-20 01:58:36,0 days 00:12:46,133.8123009753208,32.72517392755012,10918.263709497669,229.24927244997855,True,246.93663493357178,-0.2655532930768314,-0.9640961822017816,609.6922917594044,131.6756005882506,3549.1590875108054,221.87677,9.840763e-05,22924.927244997856,1.0794562528895848,0.35994704151452583,9.116407641219762e-05,20109576893625.234,7.580289139295736e-06,56.76445,-12.016745,0.019594742,0.057670683,223.20613,55.19285,-12.216635,0.0045717316516680736,0.019396472113930717,0.002750202533704892,1089.9077463917877,964.31,125.59774883319392,-254.21538,254.21538,58977.89646502343,21228.919347335195,1.2771765231970763e-06,0.0009441371139489249,33.63050294064957,0.9156633867677108,340968025.29318976,0.29371550305676464,6.562774843113002e-19,1.8832556027784527e-05,-27.507627,7.0834384,-20.424189,True,-3072502.6570733427,1202,0.2127777777777778,951155.483861482,3631077.687658373,,
557671,438,1,2019-03-20 01:45:51,2019-03-20 01:58:36,0 days 00:12:45,133.80975610719088,32.72458419440457,10918.349216873039,229.24618890774366,True,247.18100856162704,-0.2654656954132855,-0.9641203060607846,608.2052764202047,131.50942776096866,3528.09966875126,221.87804,9.843273e-05,22924.618890774367,1.079544461395006,0.3599401469370072,9.117987319639014e-05,20055608695086.254,7.5957639132712335e-06,56.765244,-12.004777,0.01928598,0.058329377,223.20732,55.192875,-12.205561,0.004572328804823087,0.019416922049237315,0.0027417797205156187,1089.8987374265907,964.3837,125.51500939924699,-254.29053,254.29053,58778.63135656494,21156.789207238166,1.2777399531465965e-06,0.0009446621079338589,33.58104163120066,0.9155930819310132,341205778.9066955,0.29416147097649675,6.5944994324658285e-19,1.8881186859262043e-05,-27.555695,7.100381,-20.455315,True,-3072680.406810998,1202,0.2125,950919.6453228858,3631001.349653886,,
557672,439,1,2019-03-20 01:45:52,2019-03-20 01:58:36,0 days 00:12:44,133.80720867358684,32.72399407230704,10918.375546849067,229.24523941052811,True,252.04485686676816,-0.2628344155613282,-0.964840955803875,599.0027774546618,131.4274300192544,3443.9741292985427,221.87971,9.846188e-05,22924.523941052812,1.0796349995732561,0.3599359187486128,9.119923112991029e-05,16490793662117.543,7.473114664542565e-06,56.765564,-11.992855,0.01897921,0.058988225,223.20894,55.19241,-12.194532,0.004572797835078575,0.019432683024036602,0.0026819622171639678,1089.889714336809,964.4576,125.43213377040274,-254.36572,254.36572,57920.58053638956,20847.697369818397,1.349853838317887e-06,0.0010123234021187743,33.56640250218697,0.9188482100762477,284713887.6958757,0.30407090007301296,8.003864390814603e-19,1.9182403937738347e-05,-28.47676,7.6881824,-20.788578,True,-3136267.4551471043,1202,0.21222222222222223,950683.5651418667,3630924.963520521,,
557673,440,1,2019-03-20 01:45:53,2019-03-20 01:58:36,0 days 00:12:43,133.80460926083583,32.72339831816775,10916.504302478334,229.31272713233528,True,243.86292676665,-0.225273235099577,-0.9742956273882023,589.8765776422014,136.4216816646109,2597.0629986282406,221.8943,9.861799e-05,22931.272713233528,1.0796956365285375,0.36001821030133974,9.133869230935593e-05,476953243940.0343,6.8900924553036365e-06,56.750614,-11.982658,0.018715223,0.059701726,223.22377,55.17629,-12.185295,0.004570575186025678,0.019162414477962478,0.0018980610819457598,1089.8804251077438,964.5325,125.3479544046188,-254.44217,254.44217,61059.706082225464,21982.60610524864,4.35635729372554e-06,0.0050877035820924895,35.66293049204213,1.133429296519556,7811260.068919261,0.08979051750956409,3.974238578001272e-17,2.0827403715546808e-05,-8.052255,5.6998873,-2.3523674,True,-338540.4384569434,1202,0.21194444444444444,950442.6325829937,3630847.736487995,,
557674,441,1,2019-03-20 01:45:54,2019-03-20 01:58:36,0 days 00:12:42,133.80206953043847,32.72290426107076,10916.29743640048,229.32018888788372,True,243.98360043220487,-0.22528000621054234,-0.9742940617707665,590.6438613897632,136.65507609164737,2599.1488994673778,221.8974,9.865965e-05,22932.01888878837,1.0797684031952788,0.36002491312475204,9.137112122745664e-05,474916367873.437,6.902921250708785e-06,56.74885,-11.971153,0.018415447,0.060356714,223.22687,55.17375,-12.174671,0.004570535956602271,0.019160055904388268,0.001888654650597653,1089.87025549953,964.60065,125.26960852687375,-254.51274,254.51274,61253.35722233834,22052.734612571763,4.3699194234425105e-06,0.005114760363453657,35.78065681747612,1.1353300007811225,7753311.645426692,0.08936019925816266,4.007579183335853e-17,2.081279477405564e-05,-8.014011,5.6869316,-2.3270798,True,-335514.52073292964,1202,0.21166666666666667,950206.7852109468,3630782.0602710997,,
557675,442,1,2019-03-20 01:45:55,2019-03-20 01:58:36,0 days 00:12:41,133.79952856163146,32.72240994466112,10916.070289490288,229.32838240894125,True,243.98768701636118,-0.2253371819279601,-0.9742808396149261,591.5684293454358,136.89141267719182,2602.7489642513797,221.90063,9.8702665e-05,22932.838240894125,1.0798425681653032,0.36003252171988104,9.140468067956242e-05,473090600341.33234,6.9160586433945155e-06,56.746925,-11.9596615,0.018117025,0.061010662,223.2301,55.171043,-12.1640625,0.00457049187551263,0.019157658536737975,0.001880231801522547,1089.8600787468629,964.6687,125.19137757498788,-254.58334,254.58334,61463.65849027261,22128.915960382423,4.383343587840511e-06,0.005141594886739635,35.90003225625592,1.1372247761520593,7697078.4356451025,0.0889232185451034,4.039525330404545e-17,2.0793158178114055e-05,-7.975173,5.673284,-2.301889,True,-332415.7816134242,1202,0.21138888888888888,949970.8206079708,3630716.355930554,,
557676,443,1,2019-03-20 01:45:56,2019-03-20 01:58:36,0 days 00:12:40,133.79698759884252,32.7219154945212,10915.84270728621,229.3365918694177,True,241.07948650019304,-0.22657827431384625,-0.9739929597327484,597.4515677052092,137.12520032972344,2638.4501854003356,221.90388,9.874572e-05,22933.65918694177,1.079913128193858,0.3600401330370616,9.14385744469116e-05,476945836293.82874,6.93116591045194e-06,56.744995,-11.948169,0.017819604,0.061662804,223.23332,55.168335,-12.153451,0.004570679157500876,0.019155374407895446,0.001895016800740823,1089.8499012762245,964.7368,125.1130848699745,-254.65398,254.65398,62172.010935925995,22384.419088552444,4.391454344909527e-06,0.005157811738923652,36.018464554319664,1.138470452104753,7671391.500998182,0.08878358505062127,4.020936135783756e-17,2.060392345152627e-05,-7.963584,5.6737704,-2.2898135,True,-329976.11404556886,1202,0.2111111111111111,949734.854921462,3630650.642714581,,
557677,444,1,2019-03-20 01:45:57,2019-03-20 01:58:36,0 days 00:12:39,133.79447769920898,32.721424251613875,10916.844564310077,229.3004541576023,True,236.98995052079255,-0.2556168597879234,-0.9667781653472326,606.5101556611083,133.9430643106902,3313.195973428215,221.89876,9.870716e-05,22930.04541576023,1.0800128104651316,0.3599917225540259,9.139443598510953e-05,2288231862358.4287,7.098638918346878e-06,56.752975,-11.935519,0.017493252,0.062279206,223.228,55.17579,-12.141641,0.004572384496998439,0.019342307028778292,0.002479282787475462,1089.8398810263243,964.8043,125.03555973726179,-254.72386,254.72386,60312.44118941023,21711.979595214172,2.5979981936810976e-06,0.0023097747408551287,34.701538799778724,0.9847956376648195,37939632.64017575,0.1508674497526735,6.496512370230094e-18,1.939232718031209e-05,-13.84744,6.615258,-7.2321815,True,-1039736.731696043,1202,0.21083333333333334,949501.7859068397,3630585.4236754957,,
557678,445,1,2019-03-20 01:45:58,2019-03-20 01:58:36,0 days 00:12:38,133.7920286464589,32.72087945071214,10916.85828501637,229.29995927375165,True,237.3935520777105,-0.2554452961568976,-0.9668235106115878,605.7822518397597,133.96959971357245,3301.3387260765194,221.90042,9.873545e-05,22929.995927375167,1.0800951360900113,0.3599882522393355,9.141366097599887e-05,2221583388350.3345,7.109378640945003e-06,56.75314,-11.924087,0.01720355,0.06290124,223.22958,55.17521,-12.131059,0.004572967338781666,0.019351094894678764,0.002467994103025956,1089.830912919332,964.8739,124.95701155214442,-254.79507,254.79507,60270.47769703279,21696.663927784684,2.6244281107264806e-06,0.002339415044202117,34.73106190869308,0.9862762063019392,36860225.32487255,0.14683112673005957,6.719111782524487e-18,1.9427962987623002e-05,-13.472843,6.4954033,-6.97744,True,-1003652.410438581,1202,0.21055555555555555,949274.6942864977,3630514.523337764,,
557679,446,1,2019-03-20 01:45:59,2019-03-20 01:58:36,0 days 00:12:37,133.78957532287,32.7203340882265,10916.81397920605,229.3015573163202,True,235.5158795902352,-0.25651651352104776,-0.9665398482685574,608.9071338338763,133.96034133091806,3321.3889330753254,221.90247,9.876766e-05,22930.15573163202,1.0801792003241042,0.3599874275147796,9.143636650944653e-05,2232010340003.844,7.12411320665688e-06,56.75284,-11.912693,0.01691578,0.06352382,223.23158,55.174152,-12.120519,0.004573306385005651,0.019362085569024155,0.002481653922490009,1089.82192206172,964.9436,124.87831854609499,-254.8664,254.8664,60570.16031839754,21804.496197177712,2.6264808610735107e-06,0.0023417094598097467,34.745984855240295,0.9863396682760533,36849998.8818074,0.14677036884602063,6.702898265530217e-18,1.9339429677403885e-05,-13.469725,6.4998,-6.9699244,True,-999760.9494875921,1202,0.21027777777777779,949047.202166162,3630443.5480467565,,
557680,447,1,2019-03-20 01:46:00,2019-03-20 01:58:36,0 days 00:12:36,133.78714214317154,32.71979077300443,10917.501201627165,229.27677127334508,True,236.76173663367274,-0.2559157791453613,-0.9666990814024925,602.6563858440609,132.01884938998808,3256.9952044812176,221.89954,9.875162e-05,22927.677127334508,1.0802823077669585,0.3599532832026922,9.141278817599533e-05,21098180548723.816,7.741900272547285e-06,56.758442,-11.900607,0.016610213,0.06412492,223.22849,55.179153,-12.109259,0.00457471818549351,0.019483400170170785,0.0024762145573033437,1089.813032884259,965.01294,124.80009343113397,-254.93724,254.93724,59041.88120159496,21252.31898497742,1.2662427826804135e-06,0.0009339066267799966,33.95757255424369,0.9154911767675751,357342620.5151788,0.3012156316569094,6.374073926755849e-19,1.8888039191355174e-05,-28.281277,7.2413125,-21.039965,True,-2999687.6063976856,1202,0.21,948821.5876698886,3630372.8911786764,,
557681,448,1,2019-03-20 01:46:01,2019-03-20 01:58:36,0 days 00:12:35,133.7846956938007,32.71924586031951,10917.555389047458,229.27481698857395,True,237.8777155208052,-0.2538241755936003,-0.9672503749723901,601.5149356387933,131.89462140544495,3190.973999029954,221.90092,9.8777484e-05,22927.481698857395,1.080368759228458,0.35994796349859254,9.14294151471359e-05,20522140854073.13,7.755273819781203e-06,56.75894,-11.88913,0.01632175,0.0647406,223.2298,55.178913,-12.098627,0.00457530896735733,0.019501035782652897,0.0024276071975541783,1089.8040760223823,965.08246,124.72161752628858,-255.0084,255.0084,58997.07702249324,21235.87772661605,1.2783867119676463e-06,0.0009452051584241313,33.92437462088959,0.9160449176124474,347850129.0199318,0.3049681849736682,6.580515903575916e-19,1.8898478675767827e-05,-28.63943,7.3927774,-21.24665,True,-3037710.617604825,1202,0.20972222222222223,948594.7333756756,3630302.0060952124,,
557682,449,1,2019-03-20 01:46:02,2019-03-20 01:58:36,0 days 00:12:34,133.7822363274712,32.71870285368078,10917.79466133081,229.26618772669363,True,238.43241086622825,-0.25357380051281414,-0.9673160433351076,599.2259198475386,131.6391602578809,3162.79439607789,221.90105,9.879129e-05,22926.618772669364,1.080462421737932,0.3599342174061458,9.143427071544051e-05,20413070346269.715,7.76902290930458e-06,56.760925,-11.877396,0.016026862,0.0653542,223.22983,55.1802,-12.087737,0.004576052337356203,0.019525916389537545,0.0024166383506956618,1089.7950102831876,965.1521,124.6429106738126,-255.07973,255.07973,58679.793483703004,21120.865545110893,1.2790983702744238e-06,0.0009458743104483651,33.83620377179391,0.9159387862448394,347872225.4184311,0.3051839161807487,6.62815421603048e-19,1.8974720059409943e-05,-28.665623,7.405282,-21.260342,True,-3035113.459016191,1202,0.20944444444444443,948366.6547662255,3630231.283330264,,
557683,450,1,2019-03-20 01:46:03,2019-03-20 01:58:36,0 days 00:12:33,133.77977107317042,32.71815911745702,10917.943641851925,229.26081493496923,True,238.4414338410278,-0.25362505716948386,-0.9673026053804342,597.6783930041112,131.38507652763423,3142.550382170301,221.90178,9.881118e-05,22926.081493496924,1.0805555227543033,0.3599245905204753,9.144479545793203e-05,20349724042529.305,7.782810341968346e-06,56.76218,-11.865726,0.015734583,0.06596943,223.23048,55.180737,-12.076916,0.004576661870012799,0.019551021004225608,0.0024117046059325816,1089.7859134551616,965.22186,124.56405066219281,-255.15118,255.15118,58428.00797366058,21029.67684484685,1.2793347376519146e-06,0.0009460972809461587,33.74904740471503,0.9158168006950066,348287144.2699704,0.3052498276184945,6.660747323903856e-19,1.9030708358270897e-05,-28.677763,7.411835,-21.265928,True,-3028181.288220009,1202,0.20916666666666667,948138.0247217852,3630160.460185001,,
557684,451,1,2019-03-20 01:46:04,2019-03-20 01:58:36,0 days 00:12:32,133.77730577484436,32.71761525074509,10918.090252097767,229.25552772372194,True,243.42802132648129,-0.25114097344209385,-0.9679505211830599,587.7117437896865,131.13491285214414,3057.6732575917154,221.90254,9.883132e-05,22925.552772372193,1.080647729256136,0.3599150539100528,9.145562974338798e-05,19869462359049.97,7.802464998308864e-06,56.76342,-11.854055,0.015443049,0.06658308,223.23117,55.181255,-12.066091,0.004577271164869785,0.01957599524517036,0.0023558600054510233,1089.7768156442737,965.2917,124.48512863255496,-255.22264,255.22264,57400.47852291856,20659.29632203906,1.2830229683156465e-06,0.0009495379334533693,33.66359666926555,0.9158884785330136,346154995.0514192,0.306603911585682,6.843929514282043e-19,1.934764751286708e-05,-28.811152,7.465944,-21.345207,True,-3051346.983072028,1202,0.2088888888888889,947909.3886703674,3630089.627983347,,
557685,452,1,2019-03-20 01:46:05,2019-03-20 01:58:36,0 days 00:12:31,133.7747873170664,32.71706546232729,10916.291546280232,229.32040135013654,True,244.8276972899524,-0.25824381687726383,-0.9660797746794321,605.1609985553998,135.97044543216964,3315.6949591025586,221.91653,9.897886e-05,22932.040135013653,1.0806787144587278,0.35999420601020077,9.158953457129712e-05,488673677181.689,7.060609137904183e-06,56.748917,-11.844255,0.015206535,0.06724345,223.2454,55.16563,-12.057207,0.004575062801788761,0.019311269277471153,0.0024556455290955666,1089.7674473131722,965.3626,124.40483744989092,-255.29536,255.29536,61175.676188144804,22022.888976488335,4.359264186976473e-06,0.005093278581292915,35.70260131727403,1.1271604987098038,7988038.835546027,0.08969051309147273,3.976352630082025e-17,2.077881515242456e-05,-8.063203,5.7299175,-2.3332853,True,-345863.68072213785,1202,0.2086111111111111,947675.7908069117,3630017.918751135,,
557686,453,1,2019-03-20 01:46:06,2019-03-20 01:58:36,0 days 00:12:30,133.7722592210701,32.71649685918191,10916.23436877039,229.32246380571192,True,245.04628546582063,-0.25818188483695304,-0.9660963276723695,604.9180956136081,136.01699859847994,3309.575836539073,221.91875,9.9013305e-05,22932.246380571192,1.0807654103831106,0.3599938454314903,9.161405788017382e-05,488267990151.2065,7.074664365135585e-06,56.748528,-11.832496,0.014916916,0.0678723,223.24756,55.164455,-12.04632,0.004575515298959942,0.019319467433153645,0.0024463467073249793,1089.7582477900012,965.4348,124.32343333687618,-255.36913,255.36913,61184.718809138176,22026.122205746087,4.363576178795324e-06,0.005101868212862804,35.742220107858536,1.1276965528049923,7980227.737489933,0.08967512976364411,3.990352405040618e-17,2.0790602782859904e-05,-8.063189,5.735417,-2.3277717,True,-345219.5719357551,1202,0.20833333333333334,947441.3800432183,3629944.0858270307,,
557687,454,1,2019-03-20 01:46:07,2019-03-20 01:58:36,0 days 00:12:29,133.76972884082863,32.71592788485456,10916.141020689462,229.32583100578887,True,245.04490820750695,-0.2582414260942914,-0.9660804137590135,604.9649598673967,136.06322099344277,3306.6881345417173,221.92119,9.905016e-05,22932.583100578886,1.0808533489749619,0.359995179846899,9.164070008292906e-05,488279722944.2805,7.089165686765631e-06,56.747845,-11.820762,0.014629123,0.06850043,223.24995,55.16298,-12.03546,0.004575845611871898,0.019327781673749034,0.002439464495255043,1089.749035739544,965.507,124.24201669657532,-255.44295,255.44295,61219.36222125416,22038.675312952844,4.367349952199527e-06,0.005109380056298144,35.78190897526579,1.128174293274531,7975903.459751487,0.08968845981686965,4.000877491111871e-17,2.0793833257176294e-05,-8.065816,5.7422457,-2.3235703,True,-344624.09155759204,1202,0.20805555555555555,947206.7540406266,3629870.2079375936,,
557688,455,1,2019-03-20 01:46:08,2019-03-20 01:58:36,0 days 00:12:28,133.7671985326338,32.715358782517555,10916.047922957074,229.32918921530603,True,242.26577854448453,-0.25973509767271136,-0.9656799050601327,610.2540242519503,136.10635012741926,3341.9306653095964,221.92365,9.908704e-05,22932.918921530603,1.08094115301146,0.359996455970165,9.166737628606108e-05,493881187452.7154,7.105953908480438e-06,56.747166,-11.809025,0.014342299,0.06912659,223.25237,55.161507,-12.024596,0.004576175208308939,0.019336270812529803,0.002461109667502926,1089.7398232892265,965.5792,124.16059965641398,-255.51678,255.51678,61762.9038318697,22234.426489899215,4.367061383955199e-06,0.005108767357060752,35.820322849173955,1.128149772510056,7996404.909930293,0.08992978206014252,3.9646684276263957e-17,2.0632203659076584e-05,-8.089404,5.7599883,-2.3294158,True,-344549.6622767609,1202,0.20777777777777778,946972.1327149682,3629796.3220620407,,
557689,456,1,2019-03-20 01:46:09,2019-03-20 01:58:36,0 days 00:12:27,133.764698008185,32.71479288827948,10917.310604732756,229.2836453118755,True,235.0408288260028,-0.2589652492736704,-0.965886639139721,599.9734709728649,132.334715307454,3247.6999217346197,221.91687,9.903593e-05,22928.364531187548,1.0810823931874587,0.3599359534575353,9.160812692352808e-05,4567492903920.917,7.35474917009129e-06,56.75748,-11.79592,0.0140150245,0.06972118,223.24532,55.171307,-12.012317,0.004578511330135768,0.019560871260823953,0.0024651629573975097,1089.7307601254938,965.6508,124.07994225440007,-255.58989,255.58989,58925.23025856559,21209.308935821617,2.071664954141644e-06,0.0017365167559187167,34.25593056199078,0.954688233213247,77513365.39337441,0.16570327070562538,3.1787515735286967e-18,1.9413822587401872e-05,-15.350087,6.1189675,-9.231119,True,-1300903.899258775,1202,0.2075,946740.287848996,3629722.9241772704,,
557690,457,1,2019-03-20 01:46:10,2019-03-20 01:58:36,0 days 00:12:26,133.76227151800856,32.71424549085425,10917.279412598029,229.2847702985403,True,235.04246774888537,-0.25902409899183326,-0.965870858935846,599.6073510148047,132.29964067598453,3240.717700169109,221.91884,9.906782e-05,22928.47702985403,1.0811702449102962,0.35993451909765795,9.163017950087106e-05,4563657888812.979,7.3687062940116e-06,56.75731,-11.784587,0.013739276,0.07031755,223.24722,55.170383,-12.001817,0.004578969027410267,0.019573410857621036,0.0024591456486502392,1089.7219414235328,965.7202,124.00172657978283,-255.66077,255.66077,58882.6661721481,21193.904131860058,2.073052952633104e-06,0.0017379752178626352,34.259722554880035,0.9547100719297399,77504267.13815516,0.1660403623637265,3.1879886305678603e-18,1.9428949702241996e-05,-15.384518,6.1373744,-9.247143,True,-1302387.0777389714,1202,0.20722222222222222,946515.296058189,3629651.898347887,,
557691,458,1,2019-03-20 01:46:11,2019-03-20 01:58:36,0 days 00:12:25,133.75984506545132,32.71369796522219,10917.247025697425,229.28593838078766,True,234.0786572351634,-0.25960605404834713,-0.9657146041670109,601.0085187564681,132.26594279012542,3247.3774152877913,221.92079,9.9099845e-05,22928.593838078767,1.0812618972194539,0.35993319655719214,9.16520274657175e-05,4569506527900.723,7.382852172829147e-06,56.75713,-11.773251,0.013464414,0.07091219,223.24913,55.16945,-11.991314,0.004579311569809761,0.019585922482770825,0.002463655332939936,1089.7131222985065,965.7895,123.92363255241276,-255.73163,255.73163,59005.4172621005,21238.008449338755,2.074930581429294e-06,0.0017399511837040452,34.26416045715574,0.9547562795756339,77442152.60105857,0.16637618913807747,3.1907456134456824e-18,1.93912606420673e-05,-15.418754,6.1569185,-9.261835,True,-1302115.2548459668,1202,0.20694444444444443,946290.30592288,3629580.863888549,,
557692,459,1,2019-03-20 01:46:12,2019-03-20 01:58:36,0 days 00:12:24,133.7574289713379,32.71315146046884,10917.607717585026,229.27292975774083,True,233.51451755944674,-0.26002301364956165,-0.9656024194111156,599.0468008307004,131.16912651308027,3227.388477401266,221.92009,9.910652e-05,22927.292975774082,1.081368303747891,0.3599139011854156,9.164917892565584e-05,20539531159979.965,7.921587328192992e-06,56.76014,-11.7615185,0.01317804,0.07149653,223.2483,55.17179,-11.980399,0.0045803101166927715,0.01966039734733491,0.002472700697076569,1089.7043548946992,965.8587,123.84565128141799,-255.80226,255.80226,58287.08253614085,20978.331264298762,1.2818726869771774e-06,0.0009484229943450278,33.826381598491565,0.9153959420625899,352385644.74803567,0.3098354638458647,6.71984730470273e-19,1.909523887395733e-05,-29.16763,7.5664163,-21.601213,True,-3019268.1433576033,1202,0.20666666666666667,946066.2803361586,3629509.9919318086,,
557693,460,1,2019-03-20 01:46:13,2019-03-20 01:58:36,0 days 00:12:23,133.75501899285513,32.71260539681984,10917.804099034007,229.2658473649881,True,243.6033021863048,-0.24844843761809648,-0.9686451227591697,588.9686682556086,130.89453996751482,2922.0701529681455,221.9205,9.9123834e-05,22926.58473649881,1.0814670263999928,0.3599021211248455,9.165682495545926e-05,16703780415692.863,7.773658004566031e-06,56.761826,-11.749992,0.012898619,0.07208039,223.24863,55.17277,-11.969691,0.004581045232475845,0.01968675862576589,0.0022333975432908435,1089.6956191301933,965.9276,123.76800682550584,-255.87274,255.87274,57697.81854706326,20765.567279364517,1.360083288115038e-06,0.0010219087717323358,33.73007281838231,0.9192454121742692,289504539.9691816,0.3220703386007171,8.234241529828573e-19,1.930222047099764e-05,-30.311045,8.266018,-22.045027,True,-3160561.8330159197,1202,0.2063888888888889,945842.824014066,3629439.2001442863,,
557694,461,1,2019-03-20 01:46:14,2019-03-20 01:58:36,0 days 00:12:22,133.75249698577363,32.71206109599327,10917.83366729119,229.2647810168272,True,243.60454334875007,-0.24850636065248433,-0.9686302641954035,588.2053708773667,130.77787926511442,2911.294145112655,221.92207,9.9152516e-05,22926.47810168272,1.0815620156458197,0.3598979092235416,9.167529399555935e-05,16728030165502.629,7.789596180689238e-06,56.7621,-11.738164,0.012611928,0.07269245,223.25014,55.172295,-11.958721,0.004581515855278155,0.019704336519849087,0.002227447018074425,1089.6861385582647,965.9983,123.6878475426397,-255.94522,255.94522,57580.451920921856,20723.084258486437,1.359425867849803e-06,0.0010212844033709134,33.70003848546608,0.9191368665808072,290515784.5665414,0.3223874980705713,8.238014450799813e-19,1.933183493002107e-05,-30.347857,8.274687,-22.07317,True,-3160546.6485465225,1202,0.2061111111111111,945608.8421796543,3629368.1370166647,,
557695,462,1,2019-03-20 01:46:15,2019-03-20 01:58:36,0 days 00:12:21,133.74997501991845,32.71151666550163,10917.861379630294,229.26378160404988,True,248.28992772277837,-0.24638861215937452,-0.9691711158501255,579.8036937581193,130.665005041683,2844.938408868582,221.92368,9.9181416e-05,22926.378160404987,1.0816580661463053,0.35989373624993237,9.169387162780932e-05,16371523581096.713,7.806985426408766e-06,56.76238,-11.72632,0.012328765,0.0732987,223.25166,55.171818,-11.947732,0.004582101128678744,0.019721742600168183,0.0021775160062766784,1089.6766574416326,966.0689,123.60774875022639,-256.01773,256.01773,56753.321231204434,20425.164822490777,1.363642825325432e-06,0.0010252756577886397,33.671608667027755,0.9192762565126145,288468114.74524295,0.3237120975619282,8.442877500389465e-19,1.9610743359758402e-05,-30.478863,8.33357,-22.145294,True,-3185627.181936567,1202,0.20583333333333334,945374.8622782,3629297.0655399016,,
557696,463,1,2019-03-20 01:46:16,2019-03-20 01:58:36,0 days 00:12:20,133.74740319801901,32.7109665066737,10916.032402101504,229.3297490854993,True,244.5049314253735,-0.2482078163976103,-0.9687068080070099,593.909954902324,135.4247741536205,2966.104421967106,221.93803,9.9333585e-05,22932.974908549928,1.0816878126907221,0.35997400321506856,9.183202775748428e-05,497398301787.7605,7.216965431504021e-06,56.749207,-11.714957,0.012377335,0.073528245,223.2662,55.157326,-11.937041,0.004580349071651426,0.019460199200486965,0.002179125677750661,1089.6669240362598,966.13605,123.5308766729786,-256.09116,256.09116,60357.973119843795,21727.301209897672,4.345763176940904e-06,0.0050661042668128705,35.68975128966466,1.1266853688530603,8240805.250371001,0.09292770755450801,3.983927693861575e-17,2.1026917386699282e-05,-8.37629,5.952997,-2.423293,True,-352052.1473977234,1202,0.20555555555555555,945136.2291494212,3629225.1540032616,,
557697,464,1,2019-03-20 01:46:17,2019-03-20 01:58:36,0 days 00:12:19,133.74487174205763,32.71042072031348,10915.914978792462,229.3339848292722,True,238.59438332065795,-0.23207323295364182,-0.9726983163069858,585.4209514970721,135.4952603390532,2564.091961172777,221.94077,9.937579e-05,22933.39848292722,1.0817990282021088,0.3599762154699099,9.186160319927802e-05,497293724910.3095,7.228673186956015e-06,56.749924,-11.70186,0.012365296,0.07372925,223.26881,55.15708,-11.924559,0.0045812523721610885,0.019468734128689758,0.0018525082602755584,1089.6573937575936,966.2023,123.45512324978108,-256.1636,256.1636,60180.00333893484,21663.369848916303,4.344147474650414e-06,0.005062842366360679,35.742581964474546,1.1293979094018822,8263437.974729621,0.09424200541986855,3.990167971436997e-17,2.1116734480845026e-05,-8.497195,6.0368114,-2.460384,True,-343811.07836426265,1202,0.20527777777777778,944901.3601077719,3629153.903911539,,
557698,465,1,2019-03-20 01:46:18,2019-03-20 01:58:36,0 days 00:12:18,133.74239131549325,32.70992274714469,10915.820775129803,229.33738302983798,True,238.60135834009282,-0.23214992097878445,-0.9726800163412138,585.4503029048777,135.535475694028,2561.3858787319223,221.94324,9.9414734e-05,22933.7383029838,1.0819039746712116,0.3599775323909588,9.188868543109823e-05,497158477294.9669,7.23996075838732e-06,56.750713,-11.68906,0.012351495,0.07392525,223.27116,55.156956,-11.9123535,0.004582160163626554,0.01947841327090007,0.001849384420834306,1089.647597203814,966.26495,123.38264359053278,-256.23282,256.23282,60206.9267275679,21673.14091623316,4.347454955761671e-06,0.005069400327354538,35.78158255432642,1.1297553795850748,8257496.343312357,0.09423857989143573,3.9996332578563506e-17,2.112196185968298e-05,-8.498148,6.042439,-2.455709,True,-343187.85720366985,1202,0.205,944671.0398578572,3629088.1823773263,,
557699,466,1,2019-03-20 01:46:19,2019-03-20 01:58:36,0 days 00:12:17,133.73991087693628,32.70942459486864,10915.726012499761,229.3408014351222,True,238.60498653472558,-0.23222799063506097,-0.9726613801141701,585.487812959789,135.5760131856845,2558.772847667297,221.94571,9.945377e-05,22934.08014351222,1.0820119511721715,0.35997890306797964,9.191559242952638e-05,497043298108.62524,7.251469177456965e-06,56.7515,-11.676258,0.012338128,0.07412028,223.27353,55.156822,-11.900146,0.004582953053367192,0.019488119583378663,0.0018463113898864417,1089.6378004803485,966.3275,123.31028583191096,-256.30203,256.30203,60234.73937773574,21683.23540778295,4.350768487382587e-06,0.005075973156896468,35.82083071314053,1.1301249959599722,8251771.373851827,0.09423580744607488,4.0090741553552293e-17,2.1127070756563534e-05,-8.499156,6.048114,-2.4510422,True,-342568.2863918767,1202,0.20472222222222222,944440.7170759432,3629022.4465756947,,
557700,467,1,2019-03-20 01:46:20,2019-03-20 01:58:36,0 days 00:12:16,133.73743046203367,32.708926267499265,10915.63312664731,229.3441521787974,True,234.61159836674213,-0.23396997346381807,-0.9722438230800647,592.5907804621316,135.60927281535274,2600.369244941458,221.94818,9.949275e-05,22934.41521787974,1.0821169639500272,0.35998014544106866,9.19426920816221e-05,505386852979.9712,7.266039017485174e-06,56.752293,-11.663452,0.012325102,0.0743143,223.27588,55.1567,-11.887934,0.004583861101761784,0.01949819635989139,0.0018764796632607871,1089.6280037667814,966.39,123.23798911834388,-256.3712,256.3712,60963.77744342377,21945.74947072063,4.346991115196044e-06,0.005068404396020953,35.856939131750686,1.1296452830465427,8289953.053663472,0.09464029598867914,3.9483601019490796e-17,2.0884417632481778e-05,-8.537737,6.073095,-2.464642,True,-342795.4856413101,1202,0.20444444444444446,944210.3950861976,3628956.6971020624,,
557701,468,1,2019-03-20 01:46:21,2019-03-20 01:58:36,0 days 00:12:15,133.73499268267813,32.70843261798181,10917.306706418582,229.28378590962166,True,237.59557925405886,-0.27918888956659743,-0.9602362021620359,606.7553822885391,130.70830361116623,3606.058367595494,221.93863,9.941868e-05,22928.378590962166,1.0823174275061067,0.35990088482951493,9.185722694434186e-05,20578258033632.254,8.042653129463099e-06,56.767475,-11.648829,0.012245505,0.07448063,223.26591,55.171337,-11.873844,0.004587320904795717,0.019793099066004675,0.002818773964187693,1089.6184213550841,966.4516,123.16682223399039,-256.43927,256.43927,58021.31013927472,20881.92085809268,1.2855858296871097e-06,0.0009518465348192318,33.81583804162342,0.9141316247983398,354667241.81574106,0.3100325555812799,6.814302602902735e-19,1.918208884531839e-05,-29.235615,7.6241446,-21.61147,True,-3112874.61145226,1202,0.20416666666666666,943984.0491505903,3628891.6517068776,,
557702,469,1,2019-03-20 01:46:22,2019-03-20 01:58:36,0 days 00:12:14,133.7325543429697,32.707836059549464,10917.45968698879,229.27826851974666,True,237.9301931458289,-0.2790552285468953,-0.960275054044746,604.9920483327027,130.50058874755828,3583.062905656387,221.93958,9.944496e-05,22927.826851974667,1.0824491862302754,0.35989067964496785,9.18703248043199e-05,20504706081274.59,8.055719203357083e-06,56.77048,-11.635787,0.012228439,0.07466495,223.26668,55.17343,-11.861387,0.004588740965689624,0.019817736812913184,0.0028140475912959368,1089.610107820338,966.519,123.0911258867443,-256.51205,256.51205,57777.42445704584,20793.556555982013,1.2859987153766715e-06,0.0009522341414782696,33.75040576201096,0.9139613482364368,354891313.93384707,0.3102216334767168,6.850251231550269e-19,1.9242028980616436e-05,-29.258993,7.634906,-21.624088,True,-3110043.3250750215,1202,0.2038888888888889,943758.159450527,3628815.1851784466,,
557703,470,1,2019-03-20 01:46:23,2019-03-20 01:58:36,0 days 00:12:13,133.73011248651596,32.707238946848705,10917.558600283324,229.27470117485964,True,237.94124802442715,-0.2791287201242308,-0.9602536943963343,603.6909908311192,130.29338488385238,3565.3721753131304,221.94087,9.947482e-05,22927.470117485966,1.0825823873485159,0.35988298380286604,9.188660375016043e-05,20458345401964.355,8.069003059638324e-06,56.773045,-11.622785,0.01221373,0.07484917,223.26782,55.17507,-11.848972,0.004589919546083649,0.01984253316788888,0.0028135645588742804,1089.6017761885957,966.5863,123.01547247765825,-256.5849,256.5849,57572.17321558117,20719.245480838796,1.2861406203767721e-06,0.0009523670597930324,33.685410829230236,0.9137967622512128,355351279.26050854,0.31032373554671766,6.877150233169045e-19,1.929039099327081e-05,-29.274174,7.6421776,-21.631996,True,-3104638.7649345133,1202,0.2036111111111111,943531.9396429816,3628738.6478715334,,
557704,471,1,2019-03-20 01:46:24,2019-03-20 01:58:36,0 days 00:12:12,133.72767058726913,32.70664164914861,10917.656973916959,229.27115333762143,True,237.83102680662142,-0.2792834105462256,-0.9602087151206599,602.5136736904053,130.08631987789127,3549.7647843532914,221.94218,9.950481e-05,22927.115333762144,1.0827149698049692,0.35987529660503925,9.190305216561783e-05,20422053178666.293,8.082086661048612e-06,56.7756,-11.60978,0.012199377,0.0750323,223.26897,55.17671,-11.836554,0.004591213821645112,0.019867318454921574,0.0028147552838409546,1089.5934442563998,966.65356,122.93987980327483,-256.65768,256.65768,57375.9083447883,20648.17203356424,1.286123247269015e-06,0.0009523512462157865,33.62037154927692,0.913611710388464,355934289.6315351,0.31036182568355625,6.900373787567592e-19,1.933602797394133e-05,-29.2833,7.6471086,-21.636192,True,-3097732.23575857,1202,0.20333333333333334,943305.7139423818,3628662.0953739686,,
557705,472,1,2019-03-20 01:46:25,2019-03-20 01:58:36,0 days 00:12:11,133.72522994981466,32.70604429728938,10917.747102062343,229.26790291228,True,242.15755284409602,-0.2626212153931905,-0.9648990088218578,589.8680170854874,129.96695640198607,3135.623811283259,221.94354,9.95354e-05,22926.790291228,1.082848533955669,0.35986798806745035,9.191996420098247e-05,15693708725374.395,7.899482495265774e-06,56.77809,-11.596788,0.012185698,0.07521435,223.27017,55.178276,-11.824147,0.0045923902069685595,0.01988684565233064,0.002470851852920755,1089.585118808438,966.72064,122.86447671859423,-256.7304,256.7304,56896.7312455013,20475.312200932993,1.389574642164204e-06,0.001049862181172769,33.591685867571414,0.9187929962008421,275827949.72277534,0.32591882594343463,8.954649574167159e-19,1.952968472094126e-05,-30.736574,8.566946,-22.169628,True,-3164430.12941401,1202,0.20305555555555554,943079.6041440034,3628585.5476797367,,
557706,473,1,2019-03-20 01:46:26,2019-03-20 01:58:36,0 days 00:12:10,133.72273279054417,32.70547236313836,10917.767036112826,229.26718400601166,True,242.16711373033684,-0.2626980871791594,-0.9648780829682114,589.1176594402016,129.85553459491527,3125.3328858055015,221.94536,9.9570134e-05,22926.718400601167,1.0829763928140115,0.35986390297216786,9.194118593778209e-05,15715726071879.969,7.913900351794114e-06,56.77996,-11.583638,0.012173046,0.0754011,223.27185,55.179207,-11.811591,0.004593436509914284,0.01990611082159931,0.0024692462552539504,1089.576112014093,966.78687,122.78924677971804,-256.80295,256.80295,56783.50341413235,20434.333163043088,1.3888421358503802e-06,0.0010491620586946806,33.566599479609174,0.9186279135228423,276765700.0178791,0.3262037753893835,8.957071074079342e-19,1.9559502645952215e-05,-30.769764,8.574871,-22.194893,True,-3164082.2452489603,1202,0.20277777777777778,942848.0605484486,3628511.5903768702,,
557707,474,1,2019-03-20 01:46:27,2019-03-20 01:58:36,0 days 00:12:09,133.72023560284993,32.70490023899666,10917.78632030821,229.26648853800677,True,242.12043336553955,-0.2628031730304934,-0.964849466106037,588.4907040023822,129.74469186916147,3115.8468081559895,221.94719,9.9605e-05,22926.648853800678,1.0831060933962915,0.35985985473303406,9.196236720864317e-05,15726659136017.984,7.927880084525934e-06,56.781826,-11.570486,0.012160803,0.07558676,223.27353,55.180134,-11.799033,0.004594599363478267,0.019925362424533164,0.0024682165514525152,1089.567104996429,966.85315,122.71395558236645,-256.87543,256.87543,56682.24453288549,20397.664283546485,1.3885057985752082e-06,0.001048839186743769,33.54172759248086,0.9184700698303891,277453006.0624859,0.32650790264431456,8.965966688171973e-19,1.9585487710431658e-05,-30.804657,8.585339,-22.219318,True,-3163605.218777655,1202,0.2025,942616.5125140343,3628437.617629174,,
557708,475,1,2019-03-20 01:46:28,2019-03-20 01:58:36,0 days 00:12:08,133.71773898663218,32.704327996347864,10917.841415306288,229.26450159345896,True,245.97982389217213,-0.2609199581550872,-0.9653604380936417,580.8090431584229,129.51463004331185,3054.321895530457,221.94878,9.9637655e-05,22926.450159345895,1.0832365680882852,0.35985415453832187,9.198143574532704e-05,19932979723361.34,8.14259315531396e-06,56.783978,-11.557292,0.012147493,0.07577084,223.27496,55.18136,-11.78643,0.004595768571221015,0.019951799407618494,0.002427295848392064,1089.558100736642,966.9192,122.63891128351702,-256.94788,256.94788,55876.49334984303,20107.38827297393,1.288336793731126e-06,0.0009544107306531172,33.467226926963676,0.9137621327882272,356732832.15109515,0.3164095601576252,7.125327820915992e-19,1.9793772666429677e-05,-29.881916,7.819423,-22.062492,True,-3149356.1612511175,1202,0.20222222222222222,942385.0159914533,3628363.639883019,,
557709,476,1,2019-03-20 01:46:29,2019-03-20 01:58:36,0 days 00:12:07,133.71520130649162,32.703750810942395,10916.164847579712,229.32497153164562,True,243.88245809504338,-0.2276982621225627,-0.973731739970699,574.1208926313703,134.13374948392396,2331.26917125405,221.96211,9.978067e-05,22932.49715316456,1.0832727620064129,0.35992744158379864,9.211038485141462e-05,511528958618.50726,7.382790758888956e-06,56.771957,-11.545919,0.012205277,0.075977795,223.28844,55.168045,-11.775707,0.004594392868190198,0.019692228393464208,0.0017191935653500187,1089.5488905743553,966.98596,122.56292866029276,-257.02124,257.02124,58682.205226652186,21121.335993724337,4.297388247201738e-06,0.004969858705451628,35.42998705089929,1.1219663570446787,8716934.829609673,0.09820592057244379,3.930851697117098e-17,2.1488150037950178e-05,-8.880842,6.280632,-2.6002102,True,-364186.8898984905,1202,0.20194444444444445,942149.686960869,3628288.9474258116,,
557710,477,1,2019-03-20 01:46:30,2019-03-20 01:58:36,0 days 00:12:06,133.71266340202567,32.70325139575614,10915.945488927802,229.33288424854322,True,243.89661197845464,-0.22777716098076223,-0.9737132868229457,574.900585173261,134.33500356288948,2335.31391862611,221.96545,9.982879e-05,22933.288424854323,1.0833813104305359,0.35993445419653275,9.214556865070546e-05,509802139831.38464,7.393472447038971e-06,56.771706,-11.53296,0.01220043,0.07616755,223.29169,55.166836,-11.763347,0.004595044998442575,0.019693050210265683,0.0017153243315392427,1089.5387133986426,967.0483,122.49043459004884,-257.091,257.091,58854.17832896846,21183.646554022667,4.3085373336125125e-06,0.004991867444224216,35.537868052697355,1.1234324266614175,8662123.137321183,0.09793856038164499,3.9571756152037446e-17,2.1471993414656866e-05,-8.857117,6.2771835,-2.5799332,True,-361872.35813950136,1202,0.20166666666666666,941913.9495554706,3628222.893403601,,
557711,478,1,2019-03-20 01:46:31,2019-03-20 01:58:36,0 days 00:12:05,133.7101254125982,32.70275177853813,10915.724064209826,229.340871716895,True,244.01804523523913,-0.22781288180574835,-0.9737049300909183,575.5689561498767,134.53963341722095,2338.392289317494,221.96881,9.9877085e-05,22934.0871716895,1.0834894427416961,0.35994153978418025,9.218094868472273e-05,507828414187.12134,7.404012498835963e-06,56.771427,-11.520001,0.012196181,0.0763563,223.29494,55.165604,-11.750986,0.004595811588845606,0.019693644280475105,0.0017105768292823916,1089.5285357643922,967.1104,122.418123166736,-257.1607,257.1607,59017.36313127459,21242.800559473086,4.320174849862127e-06,0.005014884843636583,35.64729409868733,1.124953283716334,8604728.968617914,0.09761953084077946,3.9858749707953085e-17,2.146013588411464e-05,-8.828641,6.270857,-2.557784,True,-359375.2594617587,1202,0.2013888888888889,941678.2028234699,3628156.8225247087,,
557712,479,1,2019-03-20 01:46:32,2019-03-20 01:58:36,0 days 00:12:04,133.70758619573343,32.70225183420337,10915.484273663305,229.34952195104896,True,240.68611060346322,-0.22913098295771653,-0.9733955992549126,582.2695350333032,134.74247551432768,2375.579327383099,221.97229,9.992662e-05,22934.952195104896,1.0835969641966023,0.3599494667225157,9.221751513057793e-05,513123333382.9765,7.4177457663531724e-06,56.771,-11.507058,0.0121932095,0.07654431,223.29832,55.164215,-11.73864,0.004596458785388791,0.01969444451028935,0.001731721534112353,1089.5183518520132,967.17255,122.34580546529446,-257.2304,257.2304,59784.41644899719,21519.368819133335,4.326538654322064e-06,0.005027458545967635,35.7563170856005,1.1258842832532407,8582894.403941004,0.09758432197188506,3.956230072358721e-17,2.1226278291572644e-05,-8.826466,6.2774196,-2.549046,True,-357365.3675704033,1202,0.2011111111111111,941442.3401470423,3628090.716132745,,
557713,480,1,2019-03-20 01:46:33,2019-03-20 01:58:36,0 days 00:12:03,133.70508250025352,32.70175587167746,10916.86819820224,229.2996017215888,True,232.53705774251844,-0.2638599117884068,-0.9645610125601253,590.769953305945,130.26921540428813,3139.2391717729706,221.96474,9.987311e-05,22929.96017215888,1.0838020125800105,0.35988336509338853,9.215069808848573e-05,17789263093815.53,8.066996042500568e-06,56.78389,-11.492368,0.012122026,0.076710016,223.29042,55.176487,-11.72449,0.004599398580321008,0.01996910657115927,0.0024619977542122825,1089.5083453355194,967.2339,122.27445861676938,-257.29922,257.29922,57134.68171785212,20561.821520160327,1.3439584491681527e-06,0.0010065613290653026,33.88771060379039,0.9161958539125423,311356649.91824317,0.3271939436646261,7.997458082776389e-19,1.950516638423696e-05,-30.920052,8.393307,-22.526745,True,-3092123.6020297105,1202,0.20083333333333334,941209.7895423947,3628025.205955808,,
557714,481,1,2019-03-20 01:46:34,2019-03-20 01:58:36,0 days 00:12:02,133.70268550339108,32.70120407009544,10916.896559042283,229.29857879564796,True,232.547435915285,-0.26393996111704154,-0.9645391111435215,589.9563766848275,130.1448024801799,3128.7381068711247,221.96643,9.990649e-05,22929.857879564795,1.0839294217992501,0.3598790237436599,9.217065692403843e-05,17810533470394.89,8.081055135098113e-06,56.785744,-11.479715,0.012112773,0.0768808,223.29196,55.177444,-11.7123995,0.0046005630682932975,0.019988611241643084,0.00246082636296454,1089.499716206744,967.2968,122.20290224190035,-257.3686,257.3686,57008.41019611042,20516.131006554322,1.3432068158302938e-06,0.0010058499367871221,33.85604932257535,0.9160149480445456,312419402.8411982,0.3273487468779504,8.000550971948719e-19,1.953729157442153e-05,-30.94061,8.397374,-22.543236,True,-3090256.863006084,1202,0.20055555555555554,940987.5270368372,3627953.9478804874,,
557715,482,1,2019-03-20 01:46:35,2019-03-20 01:58:36,0 days 00:12:01,133.70028846880427,32.70065207648158,10916.924088240605,229.29758586910495,True,232.6077419088385,-0.2639894824919593,-0.9645255585694075,589.1063855563493,130.02151726272126,3117.603107338448,221.96812,9.993999e-05,22929.758586910495,1.0840602924638518,0.35987470748003614,9.219043751173632e-05,17792524980655.19,8.09415700643576e-06,56.78759,-11.46706,0.012103907,0.077050574,223.29352,55.178394,-11.700306,0.0046016108298505285,0.020008069045980712,0.0024590201047554514,1089.4910870052784,967.3597,122.13140682949711,-257.4379,257.4379,56880.289688543045,20469.777613044145,1.3433723541869444e-06,0.0010060038479364646,33.82483110489958,0.915888208333012,312806511.3254689,0.32764120523617773,8.021775713421323e-19,1.957089515435619e-05,-30.973999,8.409716,-22.564283,True,-3089525.4121468994,1202,0.20027777777777778,940765.2594233642,3627882.673641937,,
557716,483,1,2019-03-20 01:46:36,2019-03-20 01:58:36,0 days 00:12:00,133.69789086113315,32.70009983612791,10916.95758851839,229.29637758162292,True,231.070554828119,-0.26496859623598457,-0.9642570419803693,590.2671998013535,129.83330260407774,3128.0864948244694,221.96977,9.9973215e-05,22929.63775816229,1.0841907992560769,0.3598701415334662,9.220998254403822e-05,20669893639751.19,8.245506434644112e-06,56.789482,-11.454393,0.012095124,0.077219315,223.29503,55.17939,-11.688199,0.0046026603532047265,0.020031530030316252,0.0024768878559476458,1089.4824549537184,967.4224,122.06003063731214,-257.5072,257.5072,56890.663862525485,20473.251256139898,1.285886553079662e-06,0.000952065114918928,33.76652211369161,0.9131071793120554,363326638.0877422,0.320410553375859,6.954578600870725e-19,1.9521083431658634e-05,-30.308605,7.9332643,-22.375341,True,-3049230.769735234,1202,0.2,940542.9367197221,3627811.3749361746,,
557717,484,1,2019-03-20 01:46:37,2019-03-20 01:58:36,0 days 00:11:59,133.69550977747986,32.69954921121288,10917.234456433873,229.2863917114669,True,242.85769335308595,-0.2507423074055502,-0.9680538700283888,578.7864202352619,129.38295788143634,2764.2740544082603,221.96976,9.9990975e-05,22928.63917114669,1.0843382634529426,0.3598544912300648,9.221382169797909e-05,20466813902479.324,8.258865250450906e-06,56.79337,-11.441516,0.012076159,0.077383175,223.29483,55.182438,-11.675869,0.004604105618390122,0.020070500517476032,0.0021830290532826925,1089.4739073295384,967.4848,121.98910508344466,-257.57605,257.57605,56191.60538921738,20220.801568737388,1.28549439491283e-06,0.0009517066632107218,33.5979170925719,0.9132941551957557,364232588.8487021,0.32316260556568555,7.034154520578155e-19,1.971898608833534e-05,-30.577366,8.001357,-22.576008,True,-3170621.9069553195,1202,0.19972222222222222,940322.1545363958,3627740.32969886,,
557718,485,1,2019-03-20 01:46:38,2019-03-20 01:58:36,0 days 00:11:58,133.69299739270156,32.69900156681633,10917.40875080608,229.2801055697195,True,242.87906228180216,-0.25081765693479846,-0.9680343500980415,577.0152511464665,129.07180320228696,2745.0962316839887,221.97049,0.000100016165,22928.01055697195,1.0844826358820674,0.35984345619329255,9.222477275558938e-05,20384297637424.184,8.271023984927721e-06,56.796432,-11.42812,0.012059803,0.07755732,223.2954,55.184605,-11.66305,0.004605415497477168,0.02010175170535249,0.002182562352699721,1089.464473163854,967.5486,121.91588917947911,-257.64713,257.64713,55892.867811781136,20112.68272994616,1.2855585527326151e-06,0.0009517699323930992,33.48857432645268,0.9130741729632603,364703019.1055533,0.3229119046070271,7.072926924416603e-19,1.9789474529260527e-05,-30.558924,7.99994,-22.558983,True,-3158798.0585968145,1202,0.19944444444444445,940089.0308025493,3627669.0739884824,,
557719,486,1,2019-03-20 01:46:39,2019-03-20 01:58:36,0 days 00:11:57,133.69048485292728,32.698453709650536,10917.580379242521,229.27391571460444,True,247.48104500641304,-0.24880305855218945,-0.9685540966074511,567.9945075730719,128.76522389547986,2674.5423935012836,221.97125,0.000100041616,22927.391571460445,1.0846257378357693,0.3598325061645955,9.223607043565163e-05,19923848890694.375,8.288291449113838e-06,56.799473,-11.4147215,0.012043826,0.07773049,223.29599,55.186752,-11.650228,0.004606724200644976,0.02013275986058935,0.0021388647170782985,1089.4550382298212,967.6123,121.84273354232118,-257.71817,257.71817,54929.3512957694,19765.36613875217,1.288782304964409e-06,0.0009547815413375239,33.38108802933584,0.9130263057561934,362717716.8616752,0.3238453148984544,7.256021033347479e-19,2.0109482209178857e-05,-30.652666,8.04377,-22.608896,True,-3175394.486903656,1202,0.19916666666666666,939855.8909727952,3627597.799837836,,
557720,487,1,2019-03-20 01:46:40,2019-03-20 01:58:36,0 days 00:11:56,133.68792340297728,32.6978999669365,10915.946669590508,229.3328416590239,True,244.9431159596985,-0.2499821734517449,-0.9682504391717784,579.0419214646823,133.12777172855445,2762.6422972284304,221.98425,0.00010018135,22933.28416590239,1.0846597885399885,0.35990389354149305,9.236200306841894e-05,522729865929.1655,7.52152392784219e-06,56.787647,-11.403249,0.012108868,0.07792511,223.30913,55.17365,-11.639395,0.004605355675720944,0.019883998680539493,0.002131072909900109,1089.445357989157,967.6769,121.76847810634445,-257.79034,257.79034,58001.94698646271,20875.126553415197,4.276284258824522e-06,0.004927972769800546,35.24041803051711,1.113795958663866,9012281.364471564,0.0990366966049197,3.9047993292606354e-17,2.161089141599311e-05,-8.9762535,6.347574,-2.6286793,True,-372919.43291356636,1202,0.1988888888888889,939618.1865681409,3627525.674778342,,
557721,488,1,2019-03-20 01:46:41,2019-03-20 01:58:36,0 days 00:11:55,133.68538897668043,32.69734929406285,10915.773020779367,229.33910568395916,True,243.54086937523894,-0.2632321648502254,-0.964732515979566,586.3436715590899,133.13807258941887,3072.6805493663164,221.98735,0.00010022888,22933.910568395917,1.084783355280536,0.35990871560519916,9.239529421663802e-05,522420046195.7735,7.534564605996355e-06,56.787838,-11.390156,0.012109521,0.07810112,223.31212,55.172867,-11.626891,0.004606132662775053,0.019896160943991693,0.0023980030946956117,1089.4358117423656,967.74084,121.69496701580306,-257.8618,257.8618,58192.88808568933,20944.127608277544,4.284309985267898e-06,0.004943747567016963,35.26743026861105,1.1122370989861778,8977386.470774697,0.09793432801410437,3.919115000440275e-17,2.1549927155161727e-05,-8.876649,6.289219,-2.58743,True,-369580.9928108975,1202,0.1986111111111111,939383.0009743006,3627454.0088601294,,
557722,489,1,2019-03-20 01:46:42,2019-03-20 01:58:36,0 days 00:11:54,133.68287823141577,32.696772754760964,10915.57375677741,229.34629389510482,True,243.55575305002415,-0.26331266646627294,-0.9647105470960817,586.9810537495923,133.30528044092333,3078.092294556113,221.99066,0.00010027875,22934.629389510483,1.084909363189115,0.35991461279384934,9.243052930354745e-05,521119079810.0775,7.546459690723785e-06,56.78786,-11.377168,0.012113572,0.07827361,223.31532,55.171906,-11.614489,0.0046069033665648365,0.019899137889257307,0.002394729759610675,1089.4267361981329,967.8058,121.62095006532036,-257.93393,257.93393,58333.043540897525,20994.914779108887,4.293592442133277e-06,0.004962021112292853,35.36136061246925,1.113398984057353,8933514.320142046,0.0977810497911127,3.9411727072175234e-17,2.153693705929568e-05,-8.863459,6.291305,-2.5721536,True,-367832.26066697255,1202,0.19833333333333333,939150.1626380999,3627379.575798816,,
557723,490,1,2019-03-20 01:46:43,2019-03-20 01:58:36,0 days 00:11:53,133.68036740612604,32.696196003907694,10915.372850056316,229.35354155007985,True,243.94122767239406,-0.2631932169332496,-0.9647431422717277,587.1639703982789,133.4755387685451,3078.7076850454596,221.99399,0.000100328776,22935.354155007986,1.0850349956723162,0.3599206030902764,9.246593572618667e-05,519014651724.0061,7.558067956160933e-06,56.78787,-11.36418,0.012118241,0.07844494,223.31853,55.17093,-11.602086,0.004607790386401973,0.019901942171008546,0.00238734616258566,1089.4176603354128,967.8706,121.54705486666285,-258.00604,258.00604,58434.64963088989,21031.83433651889,4.3041109760771385e-06,0.004982768307087013,35.45674182199238,1.1147030236970166,8881967.377274102,0.09755156130691887,3.970151044527763e-17,2.1539207301751647e-05,-8.843202,6.289695,-2.5535069,True,-365872.1332365376,1202,0.19805555555555557,938917.3150780753,3627305.1247467315,,
557724,491,1,2019-03-20 01:46:44,2019-03-20 01:58:36,0 days 00:11:52,133.6778525388628,32.695618602371084,10915.110426135028,229.36300870054728,True,240.59997404016406,-0.26500154286587835,-0.9642479879567829,593.5284814055997,133.63973878131767,3128.3367414891204,221.99771,0.000100382786,22936.30087005473,1.0851586002136995,0.3599294142703175,9.250517443634636e-05,524912441000.11835,7.573168945367858e-06,56.78736,-11.351244,0.012126274,0.078616,223.32216,55.169426,-11.589737,0.004608432917866878,0.019905251737842758,0.002419530150113104,1089.4085639969644,967.9355,121.47307815712065,-258.0782,258.0782,59114.80183852122,21277.15600044483,4.3074026476514145e-06,0.0049892170223750235,35.54994314836171,1.115162152088821,8879543.273002524,0.09765788371943541,3.935563810223704e-17,2.133311545531624e-05,-8.85423,6.3024654,-2.5517645,True,-364518.85348288086,1202,0.19777777777777777,938684.0885539175,3627230.590518297,,
557725,492,1,2019-03-20 01:46:45,2019-03-20 01:58:36,0 days 00:11:51,133.67537343258425,32.69504520319234,10916.241153834584,229.32221906020916,True,235.29937882614084,-0.2617515019735303,-0.9651353020248513,582.4655053790267,130.093701894378,2983.7324164156066,221.992,0.00010034904,22932.221906020917,1.085374130841679,0.3598746700532436,9.245571352860333e-05,4615125412602.314,7.822108835083206e-06,56.798363,-11.336788,0.012070072,0.0787697,223.31612,55.179726,-11.575817,0.004611207468498151,0.020128872242829055,0.0023741600688819814,1089.399646721182,967.99945,121.40019603758833,-258.14948,258.14948,56483.69687875393,20327.051777628996,2.0777131981834625e-06,0.001742622561445746,34.06685071360352,0.9509459920037453,81707212.30426884,0.17418345864066173,3.3472740878292655e-18,2.0153639888547045e-05,-16.251265,6.5570393,-9.694225,True,-1327668.7438493446,1202,0.1975,938454.1964076166,3627156.654725217,,
557726,493,1,2019-03-20 01:46:46,2019-03-20 01:58:36,0 days 00:11:50,133.67294670010745,32.694491307880355,10916.19434476494,229.32390752448202,True,235.31084835234006,-0.2618349618334006,-0.9651126632480281,582.133409240426,130.05873450904838,2979.0769346716747,221.9942,0.00010038826,22932.390752448202,1.0855084603563943,0.3598737459542264,9.248040046692597e-05,4610804109368.875,7.834486354354922e-06,56.799576,-11.324054,0.012068558,0.07893081,223.31819,55.180016,-11.56364,0.004612124575027962,0.02014326592562053,0.0023725034299564023,1089.3908240671988,968.0616,121.32923959454251,-258.21884,258.21884,56440.80662791402,20311.564505865546,2.0789295040796546e-06,0.0017438988176486166,34.07288708891094,0.9509090936617284,81692739.43523873,0.17447080558909525,3.3561970906578464e-18,2.0170318112032076e-05,-16.280968,6.57385,-9.707117,True,-1328737.7265056204,1202,0.19722222222222222,938229.1221397712,3627085.10678673,,
557727,494,1,2019-03-20 01:46:47,2019-03-20 01:58:36,0 days 00:11:49,133.67051992133298,32.693937208958666,10916.14619251396,229.32564444956347,True,234.47253805615406,-0.26235645891206993,-0.9649710298589897,583.3333155583905,130.02680972470915,2985.4973993622593,221.99641,0.00010042764,22932.564444956348,1.0856420766132506,0.35987289792145377,9.250529621682812e-05,4604868779906.376,7.846498775686611e-06,56.800774,-11.311318,0.0120675145,0.079090886,223.32028,55.180298,-11.55146,0.004613042406021463,0.02015738120306799,0.0023798992250412825,1089.3820013754641,968.12366,121.25834414890164,-258.28815,258.28815,56541.150307232456,20347.62761287624,2.082115558381706e-06,0.0017472578705446924,34.08002644188324,0.9509651662620473,81442785.56209962,0.17481320876257056,3.3669904463831653e-18,2.0137414938331833e-05,-16.3155,6.5976562,-9.717844,True,-1328179.2391732447,1202,0.19694444444444445,938004.0419711634,3627013.5414944272,,
557728,495,1,2019-03-20 01:46:48,2019-03-20 01:58:36,0 days 00:11:48,133.66810216017683,32.69338398502444,10916.466668981815,229.31408457541107,True,234.17744018247777,-0.2626431113682108,-0.9648930490219244,581.1977617648436,128.9678565743578,2966.0223435728744,221.99612,0.00010044391,22931.408457541107,1.0858032403683402,0.3598552206433829,9.250654924340856e-05,20575212519994.348,8.40943749954883e-06,56.80502,-11.298174,0.012049352,0.07924582,223.3198,55.1837,-11.5388565,0.0046146120632064936,0.02023446040909974,0.0023899269026660713,1089.3732238759185,968.1855,121.18773803607473,-258.35724,258.35724,55842.58222519823,20095.244747944962,1.2883068743156277e-06,0.0009542658208783381,33.655387211668845,0.911988496594848,368450234.5722482,0.32635553399690637,7.128241166363396e-19,1.9842227312026743e-05,-30.94336,8.137569,-22.80579,True,-3101255.5653485805,1202,0.19666666666666666,937779.8014310575,3626942.116108397,,
557729,496,1,2019-03-20 01:46:49,2019-03-20 01:58:36,0 days 00:11:47,133.66568765023572,32.692830853311065,10916.613386288602,229.30879250778278,True,241.40686033821711,-0.25409236516804284,-0.9671799573829629,574.1006017974452,128.67038153135945,2748.264304724997,221.99701,0.00010047112,22930.87925077828,1.0859518734173597,0.3598454821785666,9.251894624859663e-05,20443774256815.297,8.423018845382771e-06,56.807823,-11.285255,0.012039728,0.07940117,223.32053,55.18563,-11.526484,0.004615800024478461,0.02026477188378836,0.002210249285637065,1089.3644640073255,968.2471,121.11739369482552,-258.4262,258.4262,55387.83417938778,19931.061897108288,1.2882289741173137e-06,0.0009541955862246828,33.55049227383172,0.9120670179126733,369102250.69647723,0.32820039340722046,7.18536783184163e-19,1.9978241403006808e-05,-31.125685,8.1858225,-22.939861,True,-3176522.990592658,1202,0.1963888888888889,937555.863085425,3626870.719813502,,
557730,497,1,2019-03-20 01:46:50,2019-03-20 01:58:36,0 days 00:11:46,133.6631927162992,32.692279207825955,10916.671996141089,229.30667848828446,True,241.41639113126578,-0.2541782872649709,-0.9671573803073862,573.0874766552337,128.49878491155118,2737.1455973804627,221.99852,0.000100504476,22930.667848828445,1.0860974263724053,0.3598397163002802,9.253725637731652e-05,20410274298515.906,8.435984465493998e-06,56.80991,-11.27205,0.012033444,0.07956234,223.32188,55.186806,-11.513842,0.0046169702371574315,0.02028773617146173,0.0022093423639445164,1089.355163585588,968.3096,121.04559327308789,-258.49652,258.49652,55221.46492166819,19870.876271098958,1.2882950399633989e-06,0.0009542562439231429,33.49898362189469,0.9119071372964493,369607621.37454957,0.3283088757170725,7.208213076185399e-19,2.0021228754355638e-05,-31.141613,8.192967,-22.948647,True,-3172241.301797014,1202,0.19611111111111112,937324.3656187684,3626799.161276541,,
557731,498,1,2019-03-20 01:46:51,2019-03-20 01:58:36,0 days 00:11:45,133.6606977575267,32.691727354022845,10916.730538080546,229.3045669341192,True,241.48908647926493,-0.25423340735969246,-0.9671428925356793,571.9930081522909,128.3269329168401,2725.3591162390703,222.00003,0.00010053792,22930.45669341192,1.0862435853300987,0.35983395436915727,9.255559704094072e-05,20371359534656.715,8.449013379087104e-06,56.811993,-11.258842,0.012027508,0.07972246,223.32324,55.187977,-11.501196,0.004618140442005938,0.020310748897633422,0.0022078191086470638,1089.345863206979,968.37195,120.97391496479145,-258.56677,258.56677,55047.97540651709,19808.130670543163,1.2884191676696613e-06,0.0009543710904833407,33.44733854652646,0.91175028532047,370065554.3499782,0.3284358736971497,7.233194418690326e-19,2.0067110487309002e-05,-31.159292,8.200875,-22.958416,True,-3168528.4362405734,1202,0.19583333333333333,937092.8642375552,3626727.585255696,,
557732,499,1,2019-03-20 01:46:52,2019-03-20 01:58:36,0 days 00:11:44,133.6582021002618,32.691175214329164,10916.77571346607,229.30293751008088,True,245.7911700003208,-0.25233875609292195,-0.9676389575525971,564.1268523439865,128.16623538008082,2666.0041338671194,222.00165,0.000100572295,22930.29375100809,1.0863893804053575,0.3598287726349344,9.257481434360379e-05,19374912263134.215,8.401354219015342e-06,56.81396,-11.245645,0.012022568,0.07988168,223.3247,55.189034,-11.48856,0.00461930783718941,0.020333090320687277,0.0021654767286753674,1089.3365594750353,968.43427,120.90229433831655,-258.63702,258.63702,54258.99988598172,19523.94933337185,1.3013868861380973e-06,0.0009664883167338638,33.40032139262626,0.9122006144144894,357082001.21358836,0.32956147394359664,7.58189098838929e-19,2.0355885987218003e-05,-31.268087,8.302855,-22.965233,True,-3181619.8310058126,1202,0.19555555555555557,936861.2960829595,3626655.980356864,,
557733,500,1,2019-03-20 01:46:53,2019-03-20 01:58:36,0 days 00:11:43,133.65566075659012,32.690617439008875,10915.082467400312,229.36401735266213,True,241.1190329478389,-0.23250330197368452,-0.9725956069052202,566.3739403215874,132.67988357684845,2272.651150529871,222.01503,0.0001007158,22936.401735266212,1.0864132839081835,0.3599029345953678,9.270486692283956e-05,529616619664.30585,7.686122837868045e-06,56.801506,-11.234374,0.012103594,0.08005813,223.33824,55.17529,-11.477914,0.0046178116616349026,0.02007140448683424,0.0017239532456619423,1089.32702763963,968.4974,120.82965215134868,-258.7083,258.7083,57266.40291093171,20610.346461365036,4.270293130146185e-06,0.004915785084749139,35.33360312428596,1.1143734241365217,9248295.558008693,0.10242591482152534,3.9341255750796984e-17,2.1915196568285357e-05,-9.3077,6.5957575,-2.7119427,True,-370433.1752219607,1202,0.19527777777777777,936625.464245362,3626583.566971249,,
557734,501,1,2019-03-20 01:46:54,2019-03-20 01:58:36,0 days 00:11:42,133.653154904776,32.69011326384389,10914.975612054483,229.36787234813804,True,241.1280311511912,-0.2325914890067157,-0.9725745211764695,566.4311686084485,132.71865598940573,2271.9741964571626,222.01758,0.00010075822,22936.787234813804,1.08654433661178,0.35990483629872794,9.273272552779838e-05,529373466573.4719,7.697689826142922e-06,56.8021,-11.221394,0.012104594,0.08021925,223.34068,55.174965,-11.465495,0.004618600698522641,0.02008118754585897,0.0017215081483829976,1089.31705959995,968.55695,120.76011379916872,-258.7765,258.7765,57291.385758466866,20619.44681272829,4.273717070246465e-06,0.004922490360319757,35.37148900042227,1.114724747794972,9240018.539702332,0.10246111520000303,3.9440911392556264e-17,2.1920909875236265e-05,-9.312214,6.6044292,-2.7077847,True,-369921.67384389194,1202,0.195,936392.6998114809,3626517.2560431347,,
557735,502,1,2019-03-20 01:46:55,2019-03-20 01:58:36,0 days 00:11:41,133.65064902793586,32.68960887863705,10914.867987510801,229.37175514681854,True,241.24233598364563,-0.2326368659379076,-0.9725636681506193,566.3705450869626,132.75897356549223,2270.306524529933,222.02014,0.00010080074,22937.175514681854,1.0866742378137069,0.35990678158421624,9.276076944632779e-05,528884753965.5313,7.709051295560793e-06,56.802692,-11.208412,0.012106059,0.08037936,223.34312,55.174633,-11.453075,0.00461950623571056,0.020090921307476497,0.0017181877321087104,1089.3070916379043,968.61646,120.69063655977925,-258.84464,258.84464,57305.965229798465,20624.805511433766,4.277505744963075e-06,0.004929917490676353,35.41013842925146,1.115108534989036,9229139.616524898,0.10247593449068536,3.9560418890467673e-17,2.193119282473202e-05,-9.314828,6.6121783,-2.7026496,True,-369361.2381382532,1202,0.1947222222222222,936159.9316992956,3626450.927472174,,
557736,503,1,2019-03-20 01:46:56,2019-03-20 01:58:36,0 days 00:11:40,133.64814200543884,32.6891041558931,10914.743254281593,229.37625524658765,True,238.43943964924327,-0.23375931090972227,-0.9722944947715233,571.5295476939071,132.795820281047,2296.721015172289,222.02283,0.00010084441,22937.625524658764,1.0868022200100813,0.3599094968829044,9.279002828478409e-05,534848245704.0584,7.723642891616577e-06,56.803135,-11.195444,0.0121088065,0.08053868,223.3457,55.174152,-11.440669,0.004620292630952178,0.020100862100129912,0.0017370686064206921,1089.2971180804118,968.6759,120.62121476009929,-258.91275,258.91275,57836.02453405778,20815.734491760053,4.277353412381318e-06,0.004929576420565663,35.44732735736585,1.1150551969006868,9247666.139105108,0.10269207794929035,3.919234955160003e-17,2.1740629556206285e-05,-9.336238,6.6287227,-2.7075152,True,-369048.0432657177,1202,0.19444444444444445,935927.0553332175,3626384.562486231,,
557737,504,1,2019-03-20 01:46:57,2019-03-20 01:58:36,0 days 00:11:39,133.64566485063153,32.68860289887977,10916.102360122475,229.327225559991,True,236.26847486002927,-0.2848006871595382,-0.9585867559034262,589.848044265086,128.4644874704245,3405.847990118299,222.01544,0.00010079539,22932.722555999102,1.0870422112962945,0.35984451958446034,9.272444948394102e-05,18173069912959.035,8.395520594059333e-06,56.81592,-11.180763,0.012036834,0.080682814,223.33797,55.18633,-11.426496,0.004623228214415178,0.020376460143646278,0.002825888634358917,1089.2872925452027,968.73474,120.55255133426522,-258.98016,258.98016,55532.658152470656,19983.122694123867,1.3394964942001111e-06,0.001002240849915387,33.6275259456109,0.9125469279557014,327250135.64203954,0.3306100015131876,8.138542957276901e-19,1.9960573880962725e-05,-31.382046,8.555515,-22.82653,True,-3178487.7301673153,1202,0.19416666666666665,935696.9634600773,3626318.7110522073,,
557738,505,1,2019-03-20 01:46:58,2019-03-20 01:58:36,0 days 00:11:38,133.64324483299282,32.687997749087984,10916.156909604355,229.3252578668572,True,236.4920404271298,-0.2847563798078468,-0.9585999187141261,588.7681786304162,128.3406903493291,3392.968367805435,222.01704,0.0001008308,22932.52578668572,1.0871970767704817,0.3598388514600229,9.27438132868062e-05,18107853525214.195,8.408538995196814e-06,56.81805,-11.167829,0.0120378435,0.08082767,223.3394,55.187534,-11.4141035,0.004624513969802137,0.02039659003556552,0.0028228600445680536,1089.279120031014,968.7983,120.48084122242017,-259.05106,259.05106,55385.725236692786,19929.935756451938,1.340603990675042e-06,0.0010032837812807432,33.59590224475502,0.9124413304613722,326940803.75096047,0.3310590665896132,8.182138379718922e-19,2.0002580196883043e-05,-31.430292,8.577128,-22.853165,True,-3179409.688795689,1202,0.1938888888888889,935472.7387400522,3626241.56768055,,
557739,506,1,2019-03-20 01:46:59,2019-03-20 01:58:36,0 days 00:11:37,133.64082250855938,32.68739212087634,10916.1757219601,229.32457927617193,True,236.46079936687119,-0.2848732913652779,-0.9585651818560454,588.0609230221637,128.2156035256759,3384.031531636108,222.01888,0.00010086855,22932.457927617193,1.0873533066318537,0.35983480916042243,9.276520312842217e-05,18133973969907.402,8.424385423463801e-06,56.819878,-11.154923,0.012041049,0.08097184,223.34108,55.188435,-11.401741,0.004625675786464001,0.02041687338749033,0.00282325433159446,1089.2709362204764,968.86176,120.40918084938266,-259.12198,259.12198,55269.04383673011,19887.7258414688,1.3398539877542548e-06,0.0010025738537325544,33.56379018272759,0.9122604547949742,328103631.09368867,0.33123503646996727,8.184444897678712e-19,2.00332929287948e-05,-31.453012,8.581807,-22.871204,True,-3177674.4974905136,1202,0.19361111111111112,935248.2969859466,3626164.3671328723,,
557740,507,1,2019-03-20 01:47:00,2019-03-20 01:58:36,0 days 00:11:36,133.63840060834104,32.68678632407205,10916.21371916978,229.32320866317622,True,235.62616821390873,-0.2855166460038475,-0.958373750086423,588.2347970229503,128.03873926457075,3386.4359775346334,222.02057,0.00010090519,22932.320866317623,1.087510468591133,0.359829923684198,9.278549034597606e-05,20578942590465.28,8.569065157688048e-06,56.821865,-11.1419935,0.012043664,0.08111469,223.34264,55.189495,-11.389353,0.00462672661226037,0.02044047537092024,0.002835239168437067,1089.2627549526171,968.92505,120.33770612449212,-259.19284,259.19284,55194.427707295254,19860.606709709034,1.2912638278341163e-06,0.0009569780597910521,33.509949249254106,0.9099495878854956,372844568.6509996,0.32546501400485606,7.265685189828604e-19,2.001981543360161e-05,-30.922056,8.180289,-22.741768,True,-3149309.5855239346,1202,0.19333333333333333,935023.8930525151,3626087.155050577,,
557741,508,1,2019-03-20 01:47:01,2019-03-20 01:58:36,0 days 00:11:35,133.63598775520325,32.686181302444325,10916.32435760943,229.31921781624,True,241.9564485985508,-0.2549436787958864,-0.9669559041869592,567.522187733617,127.96065272115413,2674.41959063163,222.02177,0.0001009373,22931.921781624,1.0876744018152793,0.35982169881786763,9.280102640744517e-05,11937904078603.102,8.219799036009203e-06,56.82445,-11.129016,0.0120429415,0.08125526,223.34367,55.191174,-11.37691,0.004628022683597237,0.02045755952417601,0.002188077487656888,1089.2546203781162,968.9882,120.26640016327246,-259.26346,259.26346,54504.46598440467,19611.889543669167,1.520541237308634e-06,0.001175821145216504,33.49706198960937,0.9213985883515027,219026163.50775525,0.330599851982904,1.2535609137470608e-18,2.0389806085633244e-05,-31.337158,9.535145,-21.802013,True,-2992590.7349439794,1202,0.19305555555555556,934800.3318127291,3626010.071644026,,
557742,509,1,2019-03-20 01:47:02,2019-03-20 01:58:36,0 days 00:11:34,133.63348790677105,32.685626548662825,10916.308515475845,229.31978925550456,True,241.96848914750163,-0.2550352204683602,-0.9669317640457651,566.9822838378756,127.87722431491088,2668.725011987674,222.02379,0.0001009763,22931.978925550455,1.0878242416652124,0.35981933143305495,9.282409432593822e-05,11943824747737.629,8.233687973332858e-06,56.825897,-11.115849,0.01204502,0.08140454,223.34557,55.19169,-11.364296,0.004628946526770221,0.020475311557299685,0.0021868887818467598,1089.2452982945654,969.04956,120.19573774769037,-259.33337,259.33337,54419.83891904995,19581.310056547096,1.5203547217453819e-06,0.001175634633065481,33.482426237357075,0.9212729514003488,219475562.31293124,0.3309960488240668,1.2550032014968485e-18,2.04157423158806e-05,-31.380693,9.549889,-21.830805,True,-2993816.4412587425,1202,0.19277777777777777,934568.3569060916,3625938.2162493095,,
557743,510,1,2019-03-20 01:47:03,2019-03-20 01:58:36,0 days 00:11:33,133.63098801188744,32.68507156808119,10916.292085553201,229.3203818980399,True,243.0472725676092,-0.25462172337120975,-0.9670407323311025,564.7111969940942,127.79455000771178,2650.8341447675916,222.0258,0.00010101543,22932.03818980399,1.0879753977422078,0.3598169973603553,9.284716394143889e-05,11892585679844.877,8.247632555906856e-06,56.82733,-11.10268,0.012047529,0.081552744,223.34744,55.1922,-11.35168,0.004629985914677092,0.02049293470189206,0.0021750416025857894,1089.2359763307668,969.1109,120.12507545186054,-259.40326,259.40326,54177.416709559635,19493.955405174485,1.5211253808455808e-06,0.0011763808758356881,33.46792771976362,0.9211898300929323,219511863.0997115,0.33124277023610726,1.2626981608382046e-18,2.0503260845320346e-05,-31.409561,9.565481,-21.84408,True,-2996967.0012726407,1202,0.1925,934336.3761165901,3625866.3412523572,,
557744,511,1,2019-03-20 01:47:04,2019-03-20 01:58:36,0 days 00:11:32,133.62847670851505,32.68451501780694,10915.843025771634,229.33658038068413,True,244.96139194058227,-0.25382019750889495,-0.9672514188857753,563.2522895725344,128.86346781120182,2643.4167723164214,222.03076,0.00010108158,22933.658038068414,1.0880910112455555,0.3598343857992082,9.289809591326499e-05,3020219477225.5825,8.013816757214005e-06,56.82515,-11.090003,0.012073327,0.08170377,223.35233,55.189,-11.339569,0.004630475507936183,0.020438437208047357,0.0021474195541940754,1089.2265975094008,969.1723,120.05429526330704,-259.47333,259.47333,54533.053334042655,19622.8677522107,2.3843416137728827e-06,0.0020725024485225853,33.93964643943643,0.9650430055587891,55383282.11195518,0.1929282657064155,5.430152849205639e-18,2.0993127055890762e-05,-18.015276,8.138016,-9.87726,True,-1362225.8535934896,1202,0.1922222222222222,934103.3293459696,3625794.250952064,,
557745,512,1,2019-03-20 01:47:05,2019-03-20 01:58:36,0 days 00:11:31,133.6259451185125,32.68395585580316,10914.629706081734,229.3803518773317,True,239.55933901021996,-0.24698696669065912,-0.9690188018222078,568.1946502079405,131.95838492038874,2534.1657396154524,222.04088,0.00010119539,22938.03518773317,1.088150238550746,0.35988665355201077,9.299762366718012e-05,537904193833.5572,7.843939519727817e-06,56.816578,-11.078198,0.012140509,0.0818604,223.36252,55.17924,-11.32836,0.004629653004516854,0.020261590160579195,0.0019815863732664802,1089.2171171793932,969.234,119.9831083903307,-259.54385,259.54385,56694.1066039489,20403.452301816124,4.262767762435849e-06,0.004900693978959074,35.281538049773275,1.1092820696433678,9487832.617087059,0.10347720709900107,3.947688470290209e-17,2.207024601793546e-05,-9.424444,6.6935306,-2.7309136,True,-371794.81785493734,1202,0.19194444444444445,933868.3881789567,3625721.793337486,,
557746,513,1,2019-03-20 01:47:06,2019-03-20 01:58:36,0 days 00:11:30,133.62346481763257,32.68342373965659,10914.530218857868,229.38394126007483,True,239.66830350631912,-0.2470140425528409,-0.9690119002270836,568.1758891848275,132.00702239456356,2533.2813254281496,222.04341,0.000101238875,22938.394126007483,1.0882918927642837,0.3598881826053624,9.302547914751593e-05,537596944724.922,7.856358044535468e-06,56.817253,-11.0652685,0.012148008,0.08200568,223.36493,55.17899,-11.315974,0.004630559928023104,0.020270835766790233,0.0019782052751921046,1089.207632108549,969.29346,119.91417507729898,-259.6122,259.6122,56716.190468555855,20411.48671202814,4.266388399569281e-06,0.004907777887226183,35.32366237492079,1.1096572528233608,9478720.983966162,0.10352849532618622,3.95857143527086e-17,2.2078371406197024e-05,-9.430415,6.7035236,-2.7268915,True,-371409.8188042641,1202,0.19166666666666668,933638.1280483447,3625652.554148664,,
557747,514,1,2019-03-20 01:47:07,2019-03-20 01:58:36,0 days 00:11:29,133.62098342112733,32.68289132312541,10914.413103954968,229.38816668715438,True,239.67645946065213,-0.24708846707108445,-0.9689929253820492,568.2796898101838,132.0553437681774,2533.579723716709,222.04607,0.000101283535,22938.816668715437,1.0884318157327812,0.35989051101832703,9.305455164079501e-05,537474780530.1656,7.868800867079888e-06,56.817776,-11.052354,0.012156884,0.08215011,223.36746,55.17858,-11.303605,0.004631463253968491,0.020280144301701056,0.001975814859330684,1089.198141319417,969.3529,119.84523604597939,-259.68054,259.68054,56749.24177493954,20423.513622285584,4.269801244078111e-06,0.0049144540025359085,35.3657604645233,1.110007134516261,9471047.783540862,0.10358333028346159,3.9679883629835494e-17,2.208201545289425e-05,-9.436732,6.7135253,-2.723207,True,-370992.83005551324,1202,0.1913888888888889,933407.7640351439,3625583.2827943694,,
557748,515,1,2019-03-20 01:47:08,2019-03-20 01:58:36,0 days 00:11:28,133.61850200356196,32.68235872806155,10914.297495867355,229.39233781116477,True,235.7032948121827,-0.24891345801620926,-0.9685257303853175,574.9957581316303,132.09668845916235,2577.9809935322874,222.0487,0.000101328165,22939.233781116476,1.0885730382242509,0.3598927762357949,9.308347880256956e-05,546468953077.5786,7.885541855625117e-06,56.81831,-11.039434,0.012166123,0.082293466,223.37,55.178185,-11.29123,0.0046322511053952554,0.020289881683324067,0.002009967975004195,1089.1886502650825,969.4123,119.77635778461377,-259.7488,259.7488,57413.75706502559,20662.796424259544,4.2657860208549345e-06,0.004906515141363145,35.40490026460944,1.109513815594907,9518083.83587682,0.10397123891694052,3.908365483269929e-17,2.1836966129634504e-05,-9.474316,6.7371597,-2.737156,True,-371028.38264579006,1202,0.19111111111111112,933177.3964222868,3625513.9972086833,,
557749,516,1,2019-03-20 01:47:09,2019-03-20 01:58:36,0 days 00:11:27,133.61606296541265,32.68183110557398,10915.862486346337,229.33587837970595,True,237.23803747124043,-0.2612419006102078,-0.9652733650969378,568.9878262229672,127.5904156568748,2778.950103082506,222.03996,0.000101268466,22933.587837970594,1.0888500378473351,0.3598183542905958,9.300497091094374e-05,20843502482245.805,8.700610704595883e-06,56.83292,-11.024564,0.012084112,0.08242184,223.36087,55.192226,-11.276839,0.00463546059116851,0.02058031927039258,0.0022949024814927443,1089.1793700343385,969.4707,119.70866690933849,-259.81607,259.81607,54278.55643343454,19530.420849147646,1.285121625819208e-06,0.0009512039091148753,33.50334830700534,0.9096382733733483,384009889.94258904,0.33439114579793366,7.274006101690869e-19,2.034442818431814e-05,-31.831509,8.399761,-23.431747,True,-3160133.485604388,1202,0.19083333333333333,932950.9807229917,3625445.4427334564,,
557750,517,1,2019-03-20 01:47:10,2019-03-20 01:58:36,0 days 00:11:26,133.6136162510013,32.68127373367388,10915.899320334269,229.33454967265348,True,237.24883584929145,-0.2613142993628913,-0.9652537681607263,568.0891799639638,127.43974076202537,2769.5347066683894,222.04161,0.00010130445,22933.45496726535,1.0890058297328091,0.3598136013073202,9.302471136227666e-05,20802689156755.156,8.714464290528073e-06,56.834778,-11.011571,0.012087272,0.08255841,223.36237,55.193184,-11.264378,0.004636626481064923,0.020602068853366778,0.002294077815768326,1089.170405768317,969.5307,119.63970508472335,-259.88474,259.88474,54132.36794298402,19477.562256858015,1.2854818734418744e-06,0.000951538090615117,33.45958830399765,0.9094988311530497,384292983.0571239,0.3346380274575119,7.300303685169128e-19,2.0384441037190414e-05,-31.860567,8.411891,-23.448677,True,-3157605.640041815,1202,0.19055555555555556,932723.9858660934,3625373.5599978976,,
557751,518,1,2019-03-20 01:47:11,2019-03-20 01:58:36,0 days 00:11:25,133.61116949017162,32.680716181937434,10915.935575467263,229.33324185263754,True,237.2628495665121,-0.2613853351447375,-0.9652345344895578,567.1879903643127,127.28963332873808,2760.172812947129,222.04324,0.00010134054,22933.324185263755,1.0891673712728882,0.35980890321636666,9.304404851392383e-05,20761354040594.426,8.728778378611527e-06,56.836628,-10.998575,0.01209082,0.082693934,223.36386,55.194134,-11.251912,0.004637676466720962,0.02062381033817132,0.002293234458166976,1089.1614411303049,969.59064,119.57080392327362,-259.95334,259.95334,53986.29082841014,19424.74809169005,1.285873997689322e-06,0.0009519020126599943,33.41603961047704,0.9093717010420005,384567150.69724363,0.3349106570958876,7.327324807075752e-19,2.0424826306344315e-05,-31.892096,8.424834,-23.467262,True,-3155229.513171616,1202,0.19027777777777777,932496.9849306229,3625301.662635329,,
557752,519,1,2019-03-20 01:47:12,2019-03-20 01:58:36,0 days 00:11:24,133.6087226488507,32.68015844569937,10915.969364794364,229.3320229862996,True,236.98573600677318,-0.2616131685039455,-0.9651728083951218,566.6466816201613,127.14569682341204,2754.628394746724,222.0449,0.00010137688,22933.20229862996,1.0893252309067347,0.3598043006540307,9.306392158055354e-05,20492939938316.914,8.742371105558588e-06,56.83846,-10.98558,0.012094863,0.08282843,223.36537,55.195057,-11.239447,0.004638841850136544,0.02064527271322202,0.0022957170688462395,1089.1524759567646,969.6504,119.50208533176465,-260.02188,260.02188,53873.35964020922,19383.86648922856,1.2912266426705239e-06,0.0009568954882112033,33.37520613062222,0.9094528447960403,380390977.566242,0.3364140779094039,7.442781403814244e-19,2.045575776032307e-05,-32.040283,8.49558,-23.544704,True,-3158969.450155466,1202,0.19,932269.9747388465,3625229.7499888563,,
557753,520,1,2019-03-20 01:47:13,2019-03-20 01:58:36,0 days 00:11:23,133.60627883697236,32.6796008753695,10916.039560069798,229.32949088225735,True,241.87886086467725,-0.255941652584666,-0.9666922315154034,562.0321904108081,126.98840080662998,2615.391527597958,222.04631,0.00010141102,22932.949088225734,1.0894887071047457,0.35979805676534893,9.308129216634334e-05,17647463046683.785,8.609503166855632e-06,56.84059,-10.97255,0.012097245,0.08296146,223.36664,55.196297,-11.226943,0.004639898882155364,0.02066743583782703,0.0021728026918570167,1089.1435260801081,969.71,119.43350410745188,-260.09033,260.09033,53592.26628217441,19282.393265977484,1.3479266711297194e-06,0.0010101379016970735,33.32841851104103,0.9120311553746744,329291225.5989741,0.3449647225375658,8.606982840360726e-19,2.0581589208703124e-05,-32.847584,9.032043,-23.81554,True,-3234850.6532004466,1202,0.1897222222222222,932043.2455549671,3625157.873657152,,
557754,521,1,2019-03-20 01:47:14,2019-03-20 01:58:36,0 days 00:11:22,133.6037806557427,32.679044128723824,10916.051625808534,229.3290556457605,True,241.8907592940333,-0.2560142617671822,-0.9666730045738346,561.2958588586143,126.86639979349803,2608.029280464851,222.04814,0.0001014492,22932.90556457605,1.0896487089760525,0.35979439713456735,9.310266698598668e-05,17672889554691.707,8.625146869148251e-06,56.84224,-10.959328,0.012102521,0.0830976,223.36832,55.197025,-11.214258,0.004641059299614198,0.020687684716006127,0.002171645358124803,1089.1342111125598,969.7702,119.36400847584105,-260.1597,260.1597,53473.38104654418,19239.42289638836,1.3470933032803748e-06,0.0010093480962943668,33.29700107859344,0.9118455278239793,330498824.06554604,0.3451180167748443,8.608719106174956e-19,2.061554092865944e-05,-32.86831,9.035625,-23.832684,True,-3233124.5872045355,1202,0.18944444444444444,931811.4056329953,3625085.8723458964,,
557755,522,1,2019-03-20 01:47:15,2019-03-20 01:58:36,0 days 00:11:21,133.60128241688966,32.67848719674443,10916.062605178708,229.32865959743697,True,244.91914753749225,-0.2547163143547405,-0.9670158215880116,555.770043143662,126.7462793638323,2567.8338764651453,222.04996,0.000101487545,22932.865959743696,1.0898107849110694,0.3597908431454811,9.312400518078564e-05,17480021939326.045,8.64290864165793e-06,56.843876,-10.946104,0.01210824,0.08323267,223.37001,55.197746,-11.2015705,0.004641988921925418,0.020707780844837393,0.0021412917658128923,1089.1248956793947,969.83026,119.29463444892599,-260.229,260.229,52920.00797380567,19040.134288161124,1.3482693763670397e-06,0.0010104555434692,33.26626164946933,0.9117910383890138,330310266.5437674,0.3458690989752603,8.72349487599622e-19,2.082642625732511e-05,-32.94583,9.065725,-23.880106,True,-3247857.556746411,1202,0.18916666666666668,931579.5585616275,3625013.855982227,,
557756,523,1,2019-03-20 01:47:16,2019-03-20 01:58:36,0 days 00:11:20,133.59875205141884,32.677926157622196,10914.83799911368,229.3728370555097,True,242.51006816006873,-0.2558653736228801,-0.9667124239301075,564.936777079099,129.9261632545179,2642.7260263434664,222.06015,0.00010160241,22937.28370555097,1.0898678456947648,0.3598436349832991,9.322452361939394e-05,812884342744.3302,8.039555268406825e-06,56.83512,-10.93433,0.012184502,0.08337587,223.38026,55.1878,-11.190379,0.004641279695565572,0.02051965948533098,0.0021412790054784105,1089.1154202421028,969.8908,119.22461213663405,-260.29898,260.29898,55205.13306650154,19865.215752386634,3.712041896316245e-06,0.0036198294409110765,34.638842990505914,1.0406089550192763,14724796.365676876,0.10449676063439522,2.2707757367449727e-17,2.175088333538054e-05,-9.591238,6.20786,-3.383378,True,-463569.1169233796,1202,0.18888888888888888,931344.7125921354,3624941.2584765456,,
557757,524,1,2019-03-20 01:47:17,2019-03-20 01:58:36,0 days 00:11:19,133.59624734579813,32.677368124421434,10914.74381218933,229.37623511834784,True,239.93175743718552,-0.2588503151632576,-0.9659174469590464,566.7095098735455,129.93441531739344,2707.5410615588776,222.06268,0.00010164742,22937.623511834783,1.0900230989431918,0.35984486425211804,9.325253739607993e-05,812929950407.5972,8.053042137993912e-06,56.835865,-10.921209,0.012197368,0.08350962,223.38268,55.187603,-11.177798,0.004642187683509178,0.020531618826923448,0.002200836307654881,1089.1060716722754,969.9508,119.15526600821295,-260.36835,260.36835,55274.14175932934,19890.116038038195,3.715598164566331e-06,0.003624173480927757,34.66343409656148,1.0404065699375247,14707237.860828267,0.10430674493218879,2.2750152343632106e-17,2.1729752107229467e-05,-9.574983,6.2038016,-3.371181,True,-458414.4227305123,1202,0.18861111111111112,931112.2584249177,3624869.1051057274,,
557758,525,1,2019-03-20 01:47:18,2019-03-20 01:58:36,0 days 00:11:18,133.5937713228194,32.67680958382148,10914.695819027696,229.37796662467713,True,240.303042147348,-0.2587374105215212,-0.9659476965118855,566.3504622638933,130.0165852092344,2703.669739044288,222.06491,0.00010168944,22937.796662467714,1.0901801992688456,0.3598439641638614,9.327764210009794e-05,783898278360.6177,8.06266669067442e-06,56.836994,-10.908166,0.012208376,0.08364004,223.38477,55.187805,-11.165286,0.004643220321770514,0.02053872620938294,0.0021945341088900417,1089.0969131030863,970.0104,119.08653712652381,-260.43716,260.43716,55281.52723370609,19892.72390480926,3.7625744492047776e-06,0.0036819821938741466,34.719304474675546,1.0432709627768662,14180112.55453633,0.10279845972754917,2.369800108328219e-17,2.177415184444728e-05,-9.432595,6.170921,-3.2616744,True,-443840.9146767211,1202,0.18833333333333332,930882.4968214657,3624797.018011603,,
557759,526,1,2019-03-20 01:47:19,2019-03-20 01:58:36,0 days 00:11:17,133.59129140632132,32.67625042288994,10914.596038006954,229.38156657702285,True,240.99626010365577,-0.25849150799601744,-0.9660135300780961,565.1886475081571,130.04690103916693,2695.477829112149,222.06747,0.00010173476,22938.156657702286,1.0903330408210956,0.3598454660169811,9.330613361526522e-05,775153640253.1005,8.074305100192117e-06,56.83768,-10.895169,0.012222779,0.08376988,223.38722,55.187553,-11.152822,0.004644011709786753,0.020549235531295555,0.002185791920995605,1089.0877345897388,970.0699,119.01784933583258,-260.506,260.506,55187.3044114536,19858.90127416052,3.7763439722554126e-06,0.0036989414689949196,34.75327086113329,1.0440908933554103,14045868.85552295,0.10266177980110251,2.4022667396492116e-17,2.1830321342955052e-05,-9.420214,6.180898,-3.2393155,True,-441139.28877248033,1202,0.18805555555555556,930652.370049013,3624724.85186532,,
557760,527,1,2019-03-20 01:47:20,2019-03-20 01:58:36,0 days 00:11:16,133.58880418576734,32.67569018263211,10914.161549812185,229.39724280483932,True,236.67589371994038,-0.26063022772852945,-0.9654387004850048,573.7671149137905,130.99380935160434,2759.284961906471,222.07231,0.00010180081,22939.724280483933,1.0904596664706603,0.3598622076964616,9.33558706161941e-05,559700545191.2843,8.0510722894009e-06,56.835545,-10.882575,0.012257069,0.08390088,223.39198,55.184406,-11.14077,0.0046445030580815685,0.020503229030323245,0.0022214049631348967,1089.0785196603174,970.1294,118.9491251290674,-260.57498,260.57498,56427.14280547124,20305.99618398039,4.236638909526392e-06,0.004849104910888824,35.18226589652871,1.1018990641251476,9918994.961712206,0.10570806108879068,3.876647212484001e-17,2.2079889781072833e-05,-9.656366,6.856838,-2.7995281,True,-380192.6263938002,1202,0.18777777777777777,930421.5601158766,3624652.541868526,,
557761,528,1,2019-03-20 01:47:21,2019-03-20 01:58:36,0 days 00:11:15,133.58636306681848,32.67513544433925,10915.649461014513,229.34356293357888,True,237.78194086777782,-0.2730724497584062,-0.9619934704471452,569.2620202450978,126.71173950980868,2956.3215770616807,222.06415,0.00010174833,22934.356293357887,1.0907501691014307,0.35979122698085997,9.328289184384283e-05,17801640393963.203,8.722812634327738e-06,56.849617,-10.867675,0.0121797975,0.084017776,223.38344,55.197887,-11.12634,0.00464769833008603,0.020784950057431223,0.0025138921744114807,1089.0695336029926,970.188,118.88154532174258,-260.64285,260.64285,53520.73252312738,19256.290023410416,1.3492851207166684e-06,0.001011377672694079,33.372035069063095,0.9107162607634394,332612046.85998565,0.34484968546849815,8.64646594024302e-19,2.0601120861902248e-05,-32.880802,9.071715,-23.809086,True,-3220135.053351416,1202,0.1875,930195.049236416,3624581.0357611487,,
557762,529,1,2019-03-20 01:47:22,2019-03-20 01:58:36,0 days 00:11:14,133.58391925971978,32.6745514968972,10915.731176247033,229.34061516040956,True,238.20038121705682,-0.27291121048353784,-0.9620392253917769,567.9977744647248,126.59290504391143,2943.1411815591255,222.0655,0.00010178335,22934.061516040954,1.0909266364277606,0.3597843977666298,9.329990288827184e-05,17656672808275.008,8.734083866047694e-06,56.85188,-10.854566,0.012186525,0.08413937,223.38466,55.19924,-11.113747,0.004648757421494451,0.020804890029227707,0.0025082835922015513,1089.0608889819564,970.248,118.81290314211265,-260.71198,260.71198,53360.17503017263,19198.158437952614,1.3521868403131437e-06,0.0010141189228237172,33.34142494875377,0.9107137955184363,330896081.1746027,0.3455447090363396,8.733431347831392e-19,2.0653606952462025e-05,-32.952255,9.110401,-23.841854,True,-3223043.80638529,1202,0.18722222222222223,929968.4237565552,3624506.2819162924,,
557763,530,1,2019-03-20 01:47:23,2019-03-20 01:58:36,0 days 00:11:13,133.58147105153614,32.67396686715984,10915.742522880691,229.34020584744536,True,238.15470420506196,-0.2730145538167356,-0.9620099029657901,567.3503437775926,126.47081096882346,2936.1241496673647,222.06735,0.00010182282,22934.020584744536,1.0910970692836066,0.3597807792331978,9.332150564188661e-05,17684683825309.1,8.750275684472168e-06,56.853546,-10.841524,0.012197742,0.08426048,223.38635,55.19999,-11.101225,0.004649918685070134,0.020825215170984488,0.0025083722938155986,1089.052221909586,970.308,118.74423851114852,-260.78113,260.78113,53249.7478330013,19158.23576932849,1.3513691540952323e-06,0.0010133431706934282,33.309652664567466,0.9105290862738116,332108311.21249175,0.3457128628777773,8.73427481519099e-19,2.0684473827143876e-05,-32.97435,9.114464,-23.859886,True,-3221179.2767033745,1202,0.18694444444444444,929741.3856333462,3624431.4399783686,,
557764,531,1,2019-03-20 01:47:24,2019-03-20 01:58:36,0 days 00:11:12,133.5790234034672,32.67338212821201,10915.77711542584,229.3389579763856,True,238.52458869197588,-0.2729214860853269,-0.9620363103505899,565.658717852594,126.2868611243167,2923.108726191769,222.06905,0.00010186095,22933.895797638557,1.0912702808993742,0.35977606573878657,9.334163049042747e-05,20450527371369.79,8.91725865520722e-06,56.855404,-10.828453,0.012207975,0.084380336,223.3879,55.200935,-11.08867,0.004651083602804533,0.020849538611981727,0.002504748305272209,1089.043557506894,970.36786,118.67569862017535,-260.85025,260.85025,53013.76399067931,19073.083438571157,1.2936891583653821e-06,0.0009591492159901351,33.251618306396125,0.9078162693289215,385758826.235491,0.3388595795383277,7.610221067818256e-19,2.072756815376167e-05,-32.340763,8.619179,-23.721584,True,-3197742.9107890464,1202,0.18666666666666668,929514.3978828292,3624356.593729956,,
557765,532,1,2019-03-20 01:47:25,2019-03-20 01:58:36,0 days 00:11:11,133.57657190412198,32.67279668103397,10915.514518422697,229.34843088325798,True,242.08085009318162,-0.25678858930176796,-0.9664675992522501,557.7357776109121,127.05353078130568,2573.745883500526,222.07274,0.00010191741,22934.843088325797,1.0914166634915576,0.35978495153869416,9.338084360003797e-05,4448830175188.013,8.353761091105605e-06,56.85475,-10.815755,0.0122363055,0.084500745,223.3915,55.199303,-11.076497,0.004651726248979458,0.02081223393062572,0.0021497230967464434,1089.0348745293018,970.42773,118.60714015430176,-260.9194,260.9194,53253.92688500621,19159.96150356712,2.1079370473491724e-06,0.0017743326241818748,33.59635608717735,0.9475215470430636,83539945.9798446,0.18466733818656675,3.720818906755981e-18,2.1193329272641205e-05,-17.352797,7.1592703,-10.193526,True,-1375160.5887938733,1202,0.18638888888888888,929287.049216087,3624281.6587769804,,
557766,533,1,2019-03-20 01:47:26,2019-03-20 01:58:36,0 days 00:11:10,133.5740724081469,32.67223762566786,10915.50337700239,229.3488328051215,True,242.3879065818995,-0.2567152456619005,-0.9664870835374625,557.1316749848761,127.03383526366639,2568.1189816520946,222.0747,0.00010195798,22934.88328051215,1.0915849713976546,0.35978238524644934,9.340361233179229e-05,4383541189715.9355,8.365181184306753e-06,56.856174,-10.802527,0.01224778,0.084623955,223.39334,55.199802,-11.063795,0.004652650665182421,0.020825861808670347,0.0021449208622789278,1089.0255511487746,970.4867,118.53885681283714,-260.98822,260.98822,53192.6536842602,19137.779820111467,2.1184975023490387e-06,0.0017855334106513638,33.60793296794583,0.9479684184512508,82408770.49931864,0.18560613330228334,3.7862744982958214e-18,2.1226799327271988e-05,-17.442703,7.226586,-10.216118,True,-1378436.477580048,1202,0.18611111111111112,929055.0651066962,3624209.464319538,,
557767,534,1,2019-03-20 01:47:27,2019-03-20 01:58:36,0 days 00:11:09,133.57156970709661,32.67167802105052,10915.44260647271,229.35102508543383,True,242.05371272591242,-0.2569480796115884,-0.9664252088930197,557.4100702792255,127.00303484862071,2569.57013928841,222.07703,0.00010200171,22935.102508543383,1.0917491160395818,0.35978207637081566,9.34296227057355e-05,4383486314006.3867,8.378718052065866e-06,56.85718,-10.789348,0.012262635,0.084746495,223.39552,55.199875,-11.051142,0.004653681368974105,0.020840364950875403,0.002146782857773995,1089.0162113480494,970.54553,118.47067912148691,-261.0571,261.0571,53204.82265176436,19142.14156659279,2.1198094965625105e-06,0.001786916459685435,33.61503113122334,0.9479191244533061,82388890.62176064,0.18594779553410548,3.7930343513484175e-18,2.1223364392242193e-05,-17.477806,7.2465057,-10.2313,True,-1379263.941022256,1202,0.18583333333333332,928822.7800703037,3624137.20166505,,
557768,535,1,2019-03-20 01:47:28,2019-03-20 01:58:36,0 days 00:11:08,133.56907063236372,32.671118681217415,10915.521688194054,229.34817223719455,True,245.46201861207373,-0.25549531761203037,-0.9668102930142644,551.0815069422204,126.5994317829869,2524.5054428942303,222.07838,0.000102036916,22934.817223719456,1.0919274637397884,0.359775396515995,9.34466068014471e-05,6697224408365.474,8.463857563928266e-06,56.859364,-10.775997,0.012269454,0.08486709,223.39674,55.201157,-11.03831,0.004654739922007991,0.020878944053365985,0.0021149399596710724,1089.0068894423682,970.6043,118.40258036033697,-261.12582,261.12582,52448.48176413152,18869.67332335235,1.8379201695860174e-06,0.0014928690178893722,33.46355246518332,0.9335855187828574,127691482.82468633,0.21685971629551554,2.4164729121808157e-18,2.1325661180447428e-05,-20.48263,7.5093365,-12.973293,True,-1755157.9501012103,1202,0.18555555555555556,928590.8315724924,3624064.9888641606,,
557769,536,1,2019-03-20 01:47:29,2019-03-20 01:58:36,0 days 00:11:07,133.56653541566698,32.67055468098498,10914.12730493042,229.39847838867937,True,239.17603902779172,-0.237928075775943,-0.9712827758987375,552.4107355273342,130.23150864426938,2190.7278061153775,222.0897,0.0001021627,22939.847838867936,1.091970718264393,0.3598359658300004,9.355809767262577e-05,560202663303.835,8.17196145787447e-06,56.849064,-10.764439,0.012366251,0.08499515,223.40816,55.18963,-11.027326,0.004653764143175181,0.020660697556721744,0.0017153035465819549,1088.9973878933843,970.66364,118.333752639478,-261.19534,261.19534,54800.27431134911,19719.109634573266,4.215057457006255e-06,0.004806789523102359,35.04105098656222,1.1010516027931732,10222625.166455003,0.1089370717928585,3.916690289236599e-17,2.2671294836014483e-05,-9.970682,7.0684395,-2.9022427,True,-383457.1133601586,1202,0.1852777777777778,928355.5094860395,3623992.118204631,,
557770,537,1,2019-03-20 01:47:30,2019-03-20 01:58:36,0 days 00:11:06,133.56405366960644,32.67004290081993,10914.0070915671,229.40281582955743,True,239.18523070111362,-0.23800486434409146,-0.9712639623441975,552.5231201972013,130.28020409692405,2191.9523489358485,222.09233,0.000102208345,22940.281582955744,1.09211986695297,0.35983851418173135,9.358711281601709e-05,560031018914.4844,8.183818433497107e-06,56.84945,-10.75152,0.012383238,0.085116975,223.41068,55.189102,-11.014926,0.004654550786328855,0.020669692518516337,0.0017131483952726114,1088.987585867623,970.71954,118.26804241059176,-261.2616,261.2616,54831.981740288276,19730.658839065156,4.2183490725214056e-06,0.004813171425710755,35.08252768868288,1.1013875650772067,10213583.407710334,0.10903727847828937,3.925746727759972e-17,2.2675233357993637e-05,-9.981209,7.08146,-2.8997488,True,-383225.9515957561,1202,0.185,928124.9551082782,3623925.2663246905,,
557771,538,1,2019-03-20 01:47:31,2019-03-20 01:58:36,0 days 00:11:05,133.56157189046814,32.66953093581857,10913.886066390498,229.40718262870476,True,239.29234314645532,-0.23803999591082542,-0.9712553528021219,552.5292625823545,130.33027538710814,2192.2733875225304,222.09496,0.000102254104,22940.718262870476,1.0922723807117736,0.3598411085236766,9.361593820393356e-05,559624926945.0841,8.195834635742639e-06,56.849827,-10.738601,0.012400703,0.08523779,223.4132,55.188564,-11.002524,0.0046553372510965115,0.0206786421660962,0.0017101271726059023,1088.9777835884645,970.7753,118.20245399862074,-261.32782,261.32782,54854.52664149079,19738.913674215597,4.222021881075034e-06,0.00482030085865641,35.1247016373215,1.1017668938492824,10201982.61125447,0.10912641196447118,3.936792213077089e-17,2.2683698616256597e-05,-9.990676,7.0941978,-2.8964782,True,-382975.50972949,1202,0.18472222222222223,927894.3961304129,3623858.399457218,,
557772,539,1,2019-03-20 01:47:32,2019-03-20 01:58:36,0 days 00:11:04,133.55908903626732,32.66901866595572,10913.748980467522,229.4121290088525,True,235.72192354406334,-0.2395051756968778,-0.9708950874396304,558.4357577765339,130.3739763958759,2228.143503339511,222.0977,0.000102300924,22941.21290088525,1.092423883819249,0.359844413472658,9.364581459366062e-05,567955674447.4259,8.212304905446603e-06,56.850063,-10.725696,0.012419586,0.08535772,223.41582,55.18788,-10.990137,0.00465623608192459,0.020688040621620434,0.0017375127261790625,1088.9679757652264,970.8311,118.1368600425701,-261.39404,261.39404,55441.00832896794,19950.137124470213,4.219032338324253e-06,0.004814423666817864,35.164235800654716,1.1013949691967264,10244324.401125096,0.10944137730555488,3.884890238827447e-17,2.245047070250235e-05,-10.021649,7.114098,-2.9075513,True,-382736.16159130604,1202,0.18444444444444444,927663.7352946937,3623791.5000684573,,
557773,540,1,2019-03-20 01:47:33,2019-03-20 01:58:36,0 days 00:11:03,133.55664419384476,32.66851094326801,10915.17978831481,229.36050637430023,True,237.06629688191074,-0.2632495903059575,-0.9647277611864113,559.0659111777593,126.10520242812616,2681.4897368158386,222.08986,0.000102251724,22936.050637430024,1.0927203168322477,0.3597761601848998,9.357538510207311e-05,20658409190534.47,9.04654637467747e-06,56.863613,-10.710861,0.012341623,0.085468285,223.40761,55.200855,-10.975758,0.004659305222854186,0.020972632672936187,0.002269092452957148,1088.958356560769,970.88605,118.07230919748781,-261.45932,261.45932,52745.92283528297,18976.72558308713,1.293351060775494e-06,0.0009587819087769177,33.351775414532476,0.9073664011631382,391658882.4324367,0.3459815037832344,7.641940335001635e-19,2.086437896888624e-05,-33.077465,8.829183,-24.248283,True,-3210861.3972722255,1202,0.18416666666666667,927436.6192189492,3623725.2646201407,,
557774,541,1,2019-03-20 01:47:34,2019-03-20 01:58:36,0 days 00:11:02,133.55420099721618,32.66794969473866,10915.277689812396,229.35697449455878,True,237.18092227918072,-0.26326927505444087,-0.9647223895050374,557.7558076033702,125.89330366697018,2669.086553598173,222.09106,0.00010228584,22935.697449455878,1.0929040578377138,0.3597686581125051,9.359086983724819e-05,20605933309070.273,9.060872520163702e-06,56.86594,-10.697743,0.012350119,0.08557882,223.40868,55.202297,-10.963141,0.004660367404559907,0.020998614495253195,0.002267916417976284,1088.9494074193215,970.9436,118.00580390369646,-261.52682,261.52682,52537.15476156416,18901.221669616945,1.293411010308073e-06,0.0009588385147181406,33.28096430354559,0.9072018515396303,392216392.42910504,0.34597693108729055,7.673471567424077e-19,2.092302488514163e-05,-33.082413,8.833702,-24.24871,True,-3204937.903114917,1202,0.18388888888888888,927209.9107928768,3623653.099873763,,
557775,542,1,2019-03-20 01:47:35,2019-03-20 01:58:36,0 days 00:11:01,133.55175664816238,32.66738813282292,10915.356980018645,229.3541140652487,True,237.19134421869404,-0.2633445378396729,-0.9647018474067566,556.5819220838439,125.6824009393118,2658.0783045205944,222.0924,0.00010232118,22935.41140652487,1.093085054284031,0.35976201095807714,9.360770266394516e-05,20562050235313.79,9.075001538632832e-06,56.868107,-10.684643,0.012360104,0.085688435,223.40987,55.203575,-10.9505415,0.004661542446341116,0.02102462550111849,0.0022679618307753606,1088.9404523640333,971.00104,117.93941476637701,-261.5943,261.5943,52340.616778067444,18830.165546863616,1.293378075798778e-06,0.0009588076369838941,33.21063700619012,0.9070218396241697,392850743.8592128,0.3459332921398082,7.701645029487443e-19,2.0977076333805e-05,-33.083614,8.836696,-24.246918,True,-3198088.648673084,1202,0.1836111111111111,926983.0930523477,3623580.9011981753,,
557776,543,1,2019-03-20 01:47:36,2019-03-20 01:58:36,0 days 00:11:00,133.54931225911724,32.666826385693604,10915.435916665672,229.35126641943805,True,237.32455669699317,-0.2633568688527169,-0.9646984811992256,555.2382657415959,125.47196667404785,2645.7092821491533,222.09375,0.00010235663,22935.126641943803,1.093267207393879,0.359755361892255,9.362453069210324e-05,20507172244593.99,9.089275998521774e-06,56.87027,-10.671539,0.01237045,0.085797004,223.41106,55.20485,-10.937937,0.0046627165369807246,0.021050649618593112,0.0022666647757924787,1088.9314970432702,971.0584,117.8730863987389,-261.66174,261.66174,52129.86717793557,18753.999231993395,1.2934604492046177e-06,0.0009588843432695766,33.14048906479768,0.9068481822183303,393386236.2356801,0.34593241476894715,7.734384814069581e-19,2.103753734258709e-05,-33.088898,8.841412,-24.247486,True,-3192232.5037603886,1202,0.18333333333333332,926756.2698280779,3623508.6873140433,,
557777,544,1,2019-03-20 01:47:37,2019-03-20 01:58:36,0 days 00:10:59,133.5468665210675,32.666264296721884,10915.479768049956,229.34968448963704,True,242.7810056604014,-0.2683462011299309,-0.9633225401386258,556.6489472643394,125.33343977706147,2741.264903473068,222.09534,0.00010239432,22934.968448963704,1.0934452679592312,0.3597503015008861,9.36437530749618e-05,17791645175465.203,8.954357841029807e-06,56.87213,-10.658474,0.012383352,0.08590472,223.4125,55.205814,-10.925371,0.004663767776814609,0.02107199098100463,0.0023729918883623035,1088.9225348769326,971.1156,117.80693429099506,-261.72916,261.72916,52017.235860458866,18713.21628404278,1.3484544365147646e-06,0.001010532478351687,33.10087618998251,0.9089570737802287,342033652.52227104,0.3516588992114285,8.87800567590169e-19,2.1091656089581405e-05,-33.626587,9.310078,-24.31651,True,-3283399.2756067202,1202,0.18305555555555555,926529.31896152,3623436.4355601035,,
557778,545,1,2019-03-20 01:47:38,2019-03-20 01:58:36,0 days 00:10:58,133.54436813669304,32.66567839075524,10915.488028562428,229.34938649431254,True,242.7907386870458,-0.2684220434398407,-0.9633014100454644,555.9298024452429,125.21103938849143,2734.674060107181,222.09721,0.00010243554,22934.938649431253,1.093628573357594,0.35974679221637174,9.366574673442602e-05,17818026417699.324,8.970871216282524e-06,56.873745,-10.645155,0.012400059,0.08601277,223.41425,55.206497,-10.912563,0.0046648120813267725,0.02109271628475208,0.002372538445422003,1088.9135222420728,971.1747,117.73883962488526,-261.7985,261.7985,51900.081128442565,18670.887701726664,1.3475990055313257e-06,0.0010097217350799148,33.0687479855297,0.9087811659617026,343314037.86447245,0.35180307743550304,8.879630443764731e-19,2.112694454520553e-05,-33.646492,9.313289,-24.333202,True,-3281523.0276964842,1202,0.1827777777777778,926297.5359060778,3623361.333567769,,
557779,546,1,2019-03-20 01:47:39,2019-03-20 01:58:36,0 days 00:10:57,133.54186972334765,32.66509229570697,10915.495787872514,229.34910657998824,True,244.02423520673273,-0.2678885359800476,-0.9634499116666454,553.2787381471704,125.08965638896801,2714.0299297651627,222.0991,0.00010247687,22934.910657998826,1.0938104507608046,0.3597432893101106,9.368796176483045e-05,17738040984062.375,8.98728816509083e-06,56.87535,-10.631834,0.012417204,0.08611969,223.41599,55.207172,-10.899752,0.004665972067005555,0.02111339476236173,0.00235883171509584,1088.9045093494278,971.23346,117.67104987677158,-261.86777,261.86777,51612.82885895515,18567.36882432033,1.3479438785527e-06,0.0010100441286459696,33.037020056034166,0.9086566344049058,343675039.2530502,0.3522377742805483,8.936473392710203e-19,2.123400204632816e-05,-33.693996,9.330924,-24.363071,True,-3286516.9706088677,1202,0.1825,926065.7482368286,3623286.216231964,,
557780,547,1,2019-03-20 01:47:40,2019-03-20 01:58:36,0 days 00:10:56,133.53935825135477,32.664504394843604,10915.003424661896,229.36686895411418,True,245.67909372684693,-0.26714123234326365,-0.9636573882776608,552.4032480615193,126.27338388432524,2711.922664670766,222.10435,0.00010254884,22936.686895411418,1.0939474600256598,0.35976266373168614,9.374201406638552e-05,3028726009384.2246,8.506517847196523e-06,56.872692,-10.619129,0.0124668125,0.08622778,223.42117,55.203472,-10.887575,0.004666336697893314,0.021047888302850197,0.0023308795647499327,1088.8954313815193,971.2925,117.6029509127693,-261.9373,261.9373,52067.25947835409,18731.855963141552,2.3926080799464796e-06,0.0020812391545396124,33.56078944610653,0.9595969535563051,58169491.53322264,0.19892866265916498,5.7509588218948895e-18,2.1799348627797586e-05,-18.692616,8.551189,-10.141426,True,-1375747.7496624186,1202,0.18222222222222223,925832.7402670849,3623210.8516721735,,
557781,548,1,2019-03-20 01:47:41,2019-03-20 01:58:36,0 days 00:10:55,133.53682924095517,32.66391416290154,10913.885622776377,229.4071986351989,True,241.2233061464891,-0.26011415661983095,-0.9655778712905313,555.4638105220713,129.06002927967867,2605.806468452516,222.11383,0.000102659054,22940.71986351989,1.094022334459478,0.3598105552730453,9.383634242007717e-05,571934158778.9988,8.338066897874732e-06,56.86469,-10.607195,0.012557409,0.08633751,223.4307,55.194294,-10.876193,0.004665762973125424,0.02088069384278719,0.0021567264900857167,1088.8862656347155,971.3517,117.53458106440303,-262.00717,262.00717,53870.64253588313,19383.225803751844,4.19014594486666e-06,0.0047580766732697,34.77990923584309,1.092288805514002,10616805.960649801,0.10929232352195854,3.8974220697376e-17,2.2885420950452025e-05,-10.025894,7.1042876,-2.9216065,True,-391430.7221150073,1202,0.18194444444444444,925598.0938468403,3623135.163660787,,
557782,549,1,2019-03-20 01:47:42,2019-03-20 01:58:36,0 days 00:10:54,133.53434114070654,32.663349874196925,10913.650332736022,229.4156885027443,True,241.2392301164148,-0.2601876440067815,-0.9655580717420368,556.2891185670633,129.26322062708087,2614.7535758287,222.11731,0.00010271444,22941.56885027443,1.094177780411087,0.3598182496139627,9.387362896577986e-05,570496371856.8633,8.349966030826768e-06,56.86416,-10.594294,0.012590426,0.086442955,223.43408,55.192795,-10.863804,0.004666411199738149,0.020880407091172788,0.0021539643905809517,1088.8770431418618,971.40906,117.4679855246743,-262.07516,262.07516,54033.77667746674,19442.338944117844,4.199917849338148e-06,0.004777006110738791,34.88903087981154,1.0935058416839694,10558143.571237223,0.10939399915884977,3.919330835198156e-17,2.286447061332721e-05,-10.035917,7.124446,-2.9114714,True,-390695.28563551983,1202,0.18166666666666667,925367.1624754914,3623062.5256583034,,
557783,550,1,2019-03-20 01:47:43,2019-03-20 01:58:36,0 days 00:10:53,133.53185294297214,32.66278538882074,10913.412667296681,229.42426433904876,True,241.45146090558694,-0.26016092694557913,-0.9655652707563674,556.8964979520805,129.47137200034874,2621.5906555463353,222.1208,0.00010277004,22942.426433904875,1.0943341741004835,0.35982603445719585,9.391102305058966e-05,568591856048.6443,8.361757975925416e-06,56.863605,-10.581394,0.012624127,0.08654727,223.43748,55.191273,-10.851415,0.004667058149638876,0.02087981171150592,0.002149043762522922,1088.8678200725724,971.4662,117.40163354913489,-262.14313,262.14313,54180.3230382698,19495.490784470472,4.2104100658595995e-06,0.0047973695012447784,35.00048629314096,1.0948143738858542,10494434.587387461,0.109450177593823,3.9450292717717624e-17,2.285222683766599e-05,-10.041658,7.1425037,-2.8991547,True,-389828.6077410665,1202,0.18138888888888888,925136.2202176013,3622989.871140631,,
557784,551,1,2019-03-20 01:47:44,2019-03-20 01:58:36,0 days 00:10:52,133.5293625537904,32.66222046491329,10913.140186765768,229.4340967503031,True,237.84553942760746,-0.261953661621384,-0.965080452171294,563.6192675327351,129.67467350294172,2672.305062388014,222.12453,0.00010282784,22943.40967503031,1.0944888673889477,0.35983541505487543,9.395056004689698e-05,575770256364.7692,8.378372577812779e-06,56.862747,-10.56853,0.01266063,0.086650655,223.44112,55.18944,-10.839062,0.004667697821089973,0.020879591584683596,0.002183305733602005,1088.8585857801372,971.5233,117.33527035044972,-262.2111,262.2111,54891.93204621575,19752.061151014062,4.213939601305951e-06,0.0048041797597770065,35.11012096799054,1.0953338534337977,10489159.971268725,0.10968361832252814,3.9059547248217226e-17,2.260035368892077e-05,-10.0645,7.1642947,-2.9002051,True,-388778.30473212735,1202,0.1811111111111111,924905.0716101966,3622917.164856285,,
557785,552,1,2019-03-20 01:47:45,2019-03-20 01:58:36,0 days 00:10:51,133.52691063806515,32.66166015141405,10914.42046992389,229.38790092608284,True,233.0983511965691,-0.2697144790645282,-0.9629403407184425,558.1459839117431,125.69910539528692,2774.4600824457107,222.11778,0.00010279113,22938.790092608284,1.0947979699420012,0.3597738957858657,9.389049888319574e-05,17605827283692.03,9.053475189225015e-06,56.875164,-10.553711,0.012595844,0.086746655,223.43402,55.20122,-10.824692,0.004670621081511399,0.021149456388373383,0.002376546080038528,1088.8495426963696,971.5797,117.26983078230705,-262.27814,262.27814,52272.127336593076,18806.14689290094,1.360400927185327e-06,0.0010217549079515839,33.41670175974504,0.9089772274664324,336810996.23751265,0.35851414105141666,9.09180799693418e-19,2.1090288617379843e-05,-34.32986,9.591287,-24.738575,True,-3215853.83686482,1202,0.18083333333333335,924677.5108804635,3622845.1303980416,,
557786,553,1,2019-03-20 01:47:46,2019-03-20 01:58:36,0 days 00:10:50,133.524512969591,32.661094745450306,10914.448932463703,229.3868740119189,True,233.20953958210166,-0.26973373678891627,-0.9629349465243682,557.2862958605992,125.57574893816182,2766.742433009878,222.11945,0.00010283011,22938.68740119189,1.0949802759079346,0.35976959608672326,9.391046982083458e-05,17583514921145.688,9.067850652963758e-06,56.876865,-10.54088,0.01261404,0.08684137,223.43555,55.202038,-10.812342,0.0046716696619043315,0.02116961719320158,0.0023751029799308674,1088.8409135549932,971.63556,117.20535447296197,-262.34436,262.34436,52141.91635893965,18759.076187643426,1.3605590294146481e-06,0.0010219022358794255,33.38293822483473,0.9088456865345901,337224178.7222119,0.3587639444223932,9.117945630031402e-19,2.113080006285584e-05,-34.359413,9.60313,-24.756283,True,-3214723.8588695517,1202,0.18055555555555555,924455.065180979,3622772.7537447014,,
557787,554,1,2019-03-20 01:47:47,2019-03-20 01:58:36,0 days 00:10:49,133.52211418602872,32.66052902938514,10914.45929791761,229.3865000324643,True,233.16107618901873,-0.26984081497773194,-0.962904945761602,556.6579525509968,125.45212749118622,2761.1104840703983,222.12123,0.00010287029,22938.650003246432,1.0951635387747929,0.3597661000939613,9.393144160742624e-05,17607954400408.168,9.083662221183117e-06,56.878414,-10.528067,0.012633796,0.08693513,223.4372,55.202694,-10.800008,0.0046727136390214245,0.021189912782878847,0.0023756194708909615,1088.8322787631264,971.6914,117.1408725131264,-262.41058,262.41058,52031.417380521445,18719.140113351357,1.3597529422531545e-06,0.0010211365062232213,33.34918543851926,0.9086699053821384,338410046.9844188,0.35889219394817684,9.119646834649546e-19,2.1162820709422512e-05,-34.37759,9.606082,-24.771507,True,-3212390.329519192,1202,0.1802777777777778,924232.5136602621,3622700.3435070934,,
557788,555,1,2019-03-20 01:47:48,2019-03-20 01:58:36,0 days 00:10:48,133.51971599088574,32.659963206373696,10914.494987640634,229.38521237211458,True,232.0686114083648,-0.2705493304676236,-0.9627061128836363,557.2060178550356,125.26028886854489,2767.782312334778,222.12285,0.000102909,22938.52123721146,1.09534779731148,0.359761479735409,9.395097916853741e-05,20805952497552.95,9.267650527305815e-06,56.880177,-10.515218,0.0126522435,0.08702774,223.43867,55.20357,-10.787637,0.004673764265706382,0.021214751052155353,0.002389823631525051,1088.8236469057185,971.747,117.07663762837478,-262.4767,262.4767,51985.837492397295,18702.501821549355,1.2944181750092162e-06,0.0009597042258261671,33.286241338252815,0.9056225184318283,400223474.3375199,0.3507621288363181,7.773944333721613e-19,2.1125147958464167e-05,-33.62134,9.016391,-24.60495,True,-3178764.7483859966,1202,0.18,924010.0153034029,3622627.9290658906,,
557789,556,1,2019-03-20 01:47:49,2019-03-20 01:58:36,0 days 00:10:47,133.51732954134337,32.65939855620412,10914.711438103128,229.37740311556863,True,241.81629402382634,-0.25885837168019865,-0.9659152879062822,548.1670027215874,124.87736606427592,2499.393372624192,222.12325,0.00010293672,22937.740311556863,1.095552230827265,0.3597485707164152,9.395875120284812e-05,20621250479997.793,9.283072685679577e-06,56.883484,-10.502174,0.012659006,0.08711828,223.43889,55.20603,-10.775062,0.004675197287517961,0.021252139030448012,0.0021337946438464614,1088.815074869468,971.8024,117.01264567024919,-262.54257,262.54257,51418.67172961071,18497.793662863998,1.2942343228920466e-06,0.0009595376181884837,33.1413433600451,0.9057294546299131,401045958.3327303,0.35318168632635577,7.85609701556006e-19,2.1323170113400345e-05,-33.861195,9.079693,-24.781502,True,-3281895.4397520595,1202,0.17972222222222223,923788.611664159,3622555.6971380715,,
557790,557,1,2019-03-20 01:47:50,2019-03-20 01:58:36,0 days 00:10:46,133.51483457805375,32.658835610881184,10914.781231945444,229.37488508867878,True,241.8293793957937,-0.25893451438129594,-0.965894878991561,547.0544325624494,124.67412705700922,2490.078562601743,222.12466,0.000102974234,22937.48850886788,1.0957450378010087,0.3597423294203684,9.397645507949218e-05,20579857316781.688,9.297277778440714e-06,56.885548,-10.4888,0.012674724,0.08721493,223.44017,55.207195,-10.76218,0.004676254415473693,0.021278105368821645,0.0021338115392446895,1088.8057724306798,971.8589,116.94688571192978,-262.61023,262.61023,51231.14706110715,18430.012182640145,1.2941770921032033e-06,0.000959483561450394,33.073916627295326,0.905560793003278,401705963.99558616,0.35312759954705825,7.883711712062689e-19,2.1377071158898752e-05,-33.861446,9.082365,-24.779081,True,-3275083.524543445,1202,0.17944444444444443,923557.00836989,3622483.225525409,,
557791,558,1,2019-03-20 01:47:51,2019-03-20 01:58:36,0 days 00:10:45,133.5123395481894,32.65827246950432,10914.850133358083,229.37239928088133,True,243.01335304975697,-0.25847518600212943,-0.9660178974642056,544.1133031978167,124.47223659465307,2468.514234715526,222.12608,0.00010301188,22937.239928088133,1.0959393149095134,0.35973613873465804,9.399414614182716e-05,20439138596500.062,9.312669791060188e-06,56.8876,-10.475424,0.012690856,0.0873105,223.44145,55.208344,-10.749297,0.004677311362434012,0.02130407106072568,0.002122083720497452,1088.796469597048,971.9152,116.88124742907917,-262.67783,262.67783,50881.18518781427,18303.80109370738,1.2948863497460158e-06,0.000960145651641165,33.00711669637941,0.9054328754262764,401703272.4582664,0.3533762008787005,7.952122573283427e-19,2.1503114332075976e-05,-33.89073,9.097129,-24.793602,True,-3275355.932219932,1202,0.17916666666666667,923325.3970845186,3622410.73762071,,
557792,559,1,2019-03-20 01:47:52,2019-03-20 01:58:36,0 days 00:10:44,133.50983200320007,32.65770757557954,10914.422194748162,229.38783869518227,True,244.95041184712778,-0.25764956782355775,-0.9662384282361853,542.6422478519522,125.59984869369923,2460.3695074598945,222.13086,0.00010307977,22938.783869518225,1.0960846506473139,0.35975261717919044,9.404362338967245e-05,3101791979931.705,8.67423258888029e-06,56.885384,-10.462678,0.012740898,0.08740663,223.44615,55.20512,-10.737061,0.004677803850862858,0.021240785453939846,0.002093490146504567,1088.7871044530689,971.9717,116.81542476556888,-262.74567,262.74567,51248.61234799555,18436.822418993175,2.3765603143531497e-06,0.0020635351170112445,33.508022989634505,0.9579388601436538,60524409.10730383,0.20398066384146135,5.715671949117831e-18,2.2119371883458038e-05,-19.21274,8.764733,-10.448007,True,-1388070.7770178313,1202,0.17888888888888888,923092.6162783336,3622338.0109048076,,
557793,560,1,2019-03-20 01:47:53,2019-03-20 01:58:36,0 days 00:10:43,133.50730393073565,32.65714000209558,10913.33209852532,229.42717161323333,True,239.99993211289936,-0.2506412416122048,-0.9680800421468735,546.4421911316504,128.34960287398877,2353.4138291647823,222.1401,0.00010318795,22942.717161323333,1.096159530993786,0.3597993149623043,9.413588817034092e-05,582187341210.5652,8.502431332721216e-06,56.87748,-10.450756,0.012836494,0.08750388,223.45544,55.19606,-10.725677,0.004677235348777345,0.02107304540839703,0.0019207034939925176,1088.777636181432,972.0284,116.7492548337757,-262.8139,262.8139,53062.58409460657,19091.881407369106,4.171482116122444e-06,0.004721599520810594,34.714935405755355,1.0897918555878092,10971711.068058224,0.11193125013025955,3.8915389709607874e-17,2.3183204414096704e-05,-10.2915535,7.2907944,-3.0007591,True,-393466.9476488107,1202,0.1786111111111111,922857.9179574314,3622264.910563772,,
557794,561,1,2019-03-20 01:47:54,2019-03-20 01:58:36,0 days 00:10:42,133.50482222068547,32.65659902034543,10913.208843871898,229.43161923874476,True,240.00650716231718,-0.25072105796617367,-0.968059373743327,546.5703184730304,128.3994980075021,2355.9604863622253,222.14278,0.00010323644,22943.161923874475,1.096330364379968,0.3598019698408107,9.416544625799074e-05,582032901783.2556,8.51488153636377e-06,56.877823,-10.437752,0.01286559,0.08759792,223.45801,55.195473,-10.713163,0.00467802156248581,0.021082120316820042,0.0019191418679288912,1088.768139257014,972.0831,116.6850093742014,-262.8802,262.8802,53093.7675338709,19103.242144956832,4.1747140810446765e-06,0.004727818295584857,34.75689238043751,1.090105321620767,10962358.273255909,0.11208384127300546,3.900412738716328e-17,2.3186963234556385e-05,-10.306972,7.307322,-2.9996495,True,-393430.4060565611,1202,0.17833333333333334,922627.4447620467,3622194.952818985,,
557795,562,1,2019-03-20 01:47:55,2019-03-20 01:58:36,0 days 00:10:41,133.5023405106548,32.656057851503505,10913.085646107469,229.43606488119326,True,240.1117803615915,-0.25075445112093986,-0.9680507245196588,546.5857212945272,128.44916456561091,2357.500389587065,222.14546,0.00010328498,22943.606488119327,1.0964997769262355,0.3598045995046743,9.419517027788268e-05,581620595906.1627,8.527086245948922e-06,56.878162,-10.424745,0.012895128,0.08769088,223.46057,55.194885,-10.700648,0.00467892355257618,0.021091159909689256,0.001916553192143397,1088.758642299813,972.1378,116.62082491700039,-262.9464,262.9464,53114.81675124551,19110.955368946055,4.178256626525423e-06,0.00473464166110395,34.79870099065397,1.0904412915452677,10950251.388987876,0.11222574566773766,3.91112331061225e-17,2.3195355632902762e-05,-10.321369,7.323532,-2.997837,True,-393382.4803646839,1202,0.17805555555555555,922396.9699141238,3622124.97997565,,
557796,563,1,2019-03-20 01:47:56,2019-03-20 01:58:36,0 days 00:10:40,133.4998577493916,32.65551637319476,10912.94638785656,229.44109015694525,True,236.6467275196276,-0.25235414727307043,-0.9676349437438074,552.2384650072611,128.49257502055838,2396.0605502888784,222.14822,0.000103334336,22944.109015694525,1.0966699158055917,0.35980800583673,9.422555914813875e-05,590003721461.1078,8.544319963029668e-06,56.87841,-10.41171,0.01294886,0.0877882,223.46324,55.194202,-10.6880865,0.004679590569371328,0.02110061890179894,0.0019482489447222287,1088.7491399651728,972.19183,116.5573064690791,-263.0123,263.0123,53658.75627565133,19306.850091221226,4.175342222597918e-06,0.004728954125837646,34.837843100749474,1.0900832894786883,10995478.881958975,0.11249289052341854,3.861433082760848e-17,2.2969473694438624e-05,-10.348047,7.340452,-3.007595,True,-392979.48976686073,1202,0.17777777777777778,922166.3952776389,3622054.97425844,,
557797,564,1,2019-03-20 01:47:57,2019-03-20 01:58:36,0 days 00:10:39,133.4974119235169,32.6549793139571,10914.323546929138,229.39139788705353,True,237.6437576809931,-0.26493701810651615,-0.964265718791676,547.7137441495935,124.42264304037457,2594.6779922088735,222.14061,0.00010328773,22939.139788705354,1.0969795240632798,0.3597423973958136,9.415648263572061e-05,20945147203493.03,9.400863274293343e-06,56.892582,-10.396021,0.013265156,0.0879675,223.45525,55.207672,-10.672531,0.00468276462649726,0.021382670223879748,0.0022512367530751753,1088.7398216174313,972.2345,116.50532454711879,-263.0722,263.0722,50980.01341600215,18339.672245543352,1.2892564559388115e-06,0.0009548500900561911,33.10249916027709,0.9044946693948792,410850170.48894197,0.35356895730027393,7.824448515811483e-19,2.1474831612379523e-05,-33.94318,9.092511,-24.85067,True,-3231653.5345496642,1202,0.1775,921939.26548631,3621985.6119175116,,
557798,565,1,2019-03-20 01:47:58,2019-03-20 01:58:36,0 days 00:10:38,133.49496431911058,32.654413092027895,10914.354888546095,229.39026708347848,True,237.6561149726406,-0.2650239119584213,-0.9642418400433861,546.8478549681043,124.27030221348343,2587.730737332624,222.14209,0.0001033234,22939.026708347847,1.097150058724416,0.35973824397285875,9.417435603435805e-05,20903962957511.797,9.417435311735492e-06,56.89521,-10.382174,0.013675745,0.08814636,223.45657,55.209297,-10.658865,0.004683929804045306,0.021405929627805062,0.0022553999369574244,1088.7308496026794,972.27856,116.45228514955443,-263.1333,263.1333,50836.44178221161,18287.81229656127,1.289642320549679e-06,0.0009552084539786922,33.05740833443987,0.904352835076798,411200355.9782264,0.3538536059594931,7.854190392781056e-19,2.1518967289413348e-05,-33.97521,9.105738,-24.86947,True,-3229185.324906361,1202,0.17722222222222223,921712.1035141165,3621913.011015104,,
557799,566,1,2019-03-20 01:47:59,2019-03-20 01:58:36,0 days 00:10:37,133.49251666355383,32.6538466549453,10914.386783132706,229.38911633342687,True,237.77528336029934,-0.26505394977171065,-0.964233583583571,545.8490285734605,124.1175897750465,2579.548135608668,222.14355,0.00010335909,22938.911633342686,1.097322479192156,0.3597340593242713,9.419208189521469e-05,20867318543936.035,9.434282598049852e-06,56.89784,-10.368326,0.0140857035,0.088325284,223.45789,55.210926,-10.645196,0.004685094095362672,0.021429192856751454,0.002258339162330673,1088.7218776080074,972.32245,116.39942887753864,-263.19437,263.19437,50681.79720608653,18231.968642795022,1.2898502293570986e-06,0.0009554008837307315,33.01204894584,0.9042042945878224,411732016.1138646,0.35410671575096886,7.882283700066908e-19,2.1568045778618663e-05,-34.00424,9.11712,-24.88712,True,-3227186.1042679297,1202,0.17694444444444443,921484.9351102562,3621840.391550779,,
557800,567,1,2019-03-20 01:48:00,2019-03-20 01:58:36,0 days 00:10:36,133.49006781713837,32.65327986958813,10914.398628889458,229.3886889421773,True,237.51732946867662,-0.2652879974310355,-0.9641692166933308,545.306561239176,123.97148605384211,2575.9603130577625,222.14516,0.000103396065,22938.868894217732,1.0974931960632721,0.3597307887484333,9.421112186663791e-05,20590790389188.348,9.45073769348773e-06,56.90029,-10.354501,0.014496627,0.088504426,223.45934,55.21237,-10.631549,0.004686254368010055,0.02145212371414507,0.0022657728782338985,1088.712899840341,972.3663,116.34662786768467,-263.25537,263.25537,50567.79022672683,18190.791063525758,1.2953748002027994e-06,0.0009605574032864237,32.969617386450096,0.9042845118346762,407191817.10070854,0.35575094574645433,8.010877596376405e-19,2.160317975656746e-05,-34.166214,9.195179,-24.971035,True,-3231343.6410973435,1202,0.17666666666666667,921257.6538796641,3621767.734214254,,
557801,568,1,2019-03-20 01:48:01,2019-03-20 01:58:36,0 days 00:10:35,133.48762180623658,32.652713199239074,10914.448534794928,229.38688835958317,True,242.29366852232053,-0.2596695628882531,-0.9656975293068858,541.0306815065671,123.80585270348851,2449.1819162725,222.1465,0.00010343078,22938.688835958317,1.0976713968587344,0.3597258054974997,9.422745197870108e-05,17859381443009.305,9.313643547981219e-06,56.90307,-10.340636,0.014903891,0.08868333,223.46053,55.21415,-10.617861,0.0046874232649832944,0.02147634264996792,0.002143792296836134,1088.703936850932,972.4098,116.2941468118695,-263.3163,263.3163,50307.11155116471,18096.766224995295,1.3493731892919947e-06,0.001011279074008299,32.91869997790176,0.9066596013733089,355007093.2783623,0.36410942540929214,9.199106603506612e-19,2.1732490197350076e-05,-34.960377,9.738528,-25.221848,True,-3303451.321564153,1202,0.1763888888888889,921030.6357209117,3621695.1064468822,,
557802,569,1,2019-03-20 01:48:02,2019-03-20 01:58:36,0 days 00:10:34,133.48512266804175,32.65214737501829,10914.457259694998,229.3865735702934,True,242.30976430182545,-0.2597555995100197,-0.9656743905288107,540.3155868480735,123.68238771342588,2444.0789060906186,222.14813,0.00010346835,22938.65735702934,1.0978443659695558,0.3597226675348608,9.424683050556278e-05,17884258976784.867,9.33220734099901e-06,56.905506,-10.326554,0.015321273,0.08886764,223.46202,55.215572,-10.603959,0.00468846746679958,0.021497861436155407,0.002147677297383132,1088.6946143488651,972.4536,116.24100106761512,-263.378,263.378,50189.41489173548,18054.270206868954,1.3485854634435448e-06,0.0010105326913154911,32.885994583228765,0.9064846110616112,356335275.3835312,0.3643069447498995,9.203119109858589e-19,2.177045474447922e-05,-34.98458,9.742929,-25.241652,True,-3301887.2136409767,1202,0.1761111111111111,920798.6222109857,3621622.366976062,,
557803,570,1,2019-03-20 01:48:03,2019-03-20 01:58:36,0 days 00:10:33,133.48262343953394,32.651581325729886,10914.465385294972,229.3862804037147,True,245.0636936390199,-0.25858855032099576,-0.965987557706043,535.4501225351598,123.56120780682566,2410.799344954997,222.14978,0.00010350604,22938.62804037147,1.0980179964763694,0.35971954149132657,9.426625216856254e-05,17675284556705.844,9.350937219405853e-06,56.907936,-10.312472,0.015738098,0.08905204,223.46352,55.21698,-10.590056,0.0046896273234375485,0.021519337623777657,0.0021238073863550397,1088.6852916442979,972.4972,116.18809926148538,-263.4396,263.4396,49705.8070139696,17880.15010852151,1.350415189155761e-06,0.0010122578068526775,32.85437343029072,0.9064318520365846,355597979.76397973,0.3651572208916493,9.333800058973234e-19,2.1977846620118727e-05,-35.07107,9.78012,-25.29095,True,-3315891.1459940565,1202,0.17583333333333334,920566.5985901897,3621549.6079181433,,
557804,571,1,2019-03-20 01:48:04,2019-03-20 01:58:36,0 days 00:10:32,133.48009502986338,32.651011420867015,10913.333336852982,229.42712692872144,True,243.68707252984092,-0.2592827604531113,-0.965801454819682,542.2885009508303,126.44945146797124,2468.3494101578394,222.1591,0.000103612976,22942.712692872145,1.0980712769295635,0.3597684779643341,9.435906235544237e-05,873224897170.8558,8.71904074023517e-06,56.900517,-10.299851,0.016237099,0.08924086,223.47287,55.208286,-10.577656,0.00468916477040807,0.021337449771593714,0.0021209803487558924,1088.6758236454561,972.541,116.13480802045615,-263.5018,263.5018,51574.979326789406,18555.05181344102,3.640119221145483e-06,0.0035309129104013305,34.11743802068702,1.0273922705922036,16931172.99452372,0.11506784263854462,2.2799169049821653e-17,2.295998653201556e-05,-10.657914,6.8808217,-3.7770925,True,-499311.1339003633,1202,0.17555555555555555,920331.8501894154,3621476.3108213046,,
557805,572,1,2019-03-20 01:48:05,2019-03-20 01:58:36,0 days 00:10:31,133.47758130102216,32.65044319111662,10912.887468217841,229.44321635892118,True,241.30201887108817,-0.26215023869256926,-0.9650270733784773,545.3984725750082,127.37021135827858,2540.6972608824944,222.16379,0.00010367841,22944.321635892116,1.0982000335573452,0.3597861268091002,9.440758114120693e-05,591629292914.9095,8.688934274868877e-06,56.89901,-10.286337,0.016686093,0.08942737,223.4775,55.205658,-10.564336,0.00468953772429785,0.02128982939683844,0.0021790322848106295,1088.6664283735854,972.5846,116.0818336470229,-263.56363,263.56363,52172.002667475375,18770.76276760501,4.155726328612196e-06,0.004690889565186842,34.5388537361306,1.0838144884301628,11339976.66690564,0.11287992253925544,3.9025766358326694e-17,2.3455535281819112e-05,-10.398655,7.3706217,-3.0280333,True,-398413.5809835783,1202,0.17527777777777778,920098.4697695274,3621403.2637866484,,
557806,573,1,2019-03-20 01:48:06,2019-03-20 01:58:36,0 days 00:10:30,133.4750941833364,32.64987429995425,10912.678307986771,229.45076434288637,True,241.31684485392074,-0.26223645261872414,-0.965003649173384,546.0714244815149,127.54279033973172,2548.9404435953784,222.16689,0.00010372945,22945.076434288636,1.0983533351311214,0.35979295994054905,9.4440874627673e-05,590490202803.2982,8.703868869864377e-06,56.89953,-10.272626,0.017114287,0.08961091,223.48048,55.205116,-10.550807,0.004690306466704328,0.021291667068190516,0.002181014318306571,1088.6572126339358,972.62787,116.02934398159209,-263.62503,263.62503,52303.95786156938,18818.5958156198,4.164309224003641e-06,0.004707415043361825,34.635502656775714,1.0848276982132203,11289589.295825815,0.11312246709151379,3.9225974260867e-17,2.3439802050521322e-05,-10.421611,7.3986597,-3.0229511,True,-398274.58214742533,1202,0.175,919867.5886133751,3621330.2546719313,,
557807,574,1,2019-03-20 01:48:07,2019-03-20 01:58:36,0 days 00:10:29,133.47260698904324,32.649305186742936,10912.46896084636,229.45831927319657,True,241.3316614327414,-0.26232231712969384,-0.9649803116829422,546.7503547089716,127.71637700449199,2557.266370378544,222.16998,0.00010378058,22945.831927319658,1.0985075115627114,0.35979978173582944,9.44741630637771e-05,589339810192.8748,8.718882622670487e-06,56.90004,-10.258915,0.017541887,0.089794524,223.48346,55.204567,-10.537278,0.004691189919232102,0.021293446610144377,0.002182983512618526,1088.6479967620428,972.6709,115.9770983245428,-263.6864,263.6864,52437.02204802935,18866.829087757837,4.172970752195155e-06,0.0047241166191995315,34.73274785033756,1.085842499197123,11239002.276923217,0.11334016368788745,3.9428761138682157e-17,2.342387275884976e-05,-10.442252,7.4252443,-3.0170078,True,-398025.4348360598,1202,0.17472222222222222,919636.6986109312,3621257.226306322,,
557808,575,1,2019-03-20 01:48:08,2019-03-20 01:58:36,0 days 00:10:28,133.47011971801953,32.64873585223774,10912.260639199942,229.46583739537473,True,238.03858507458733,-0.26399325205431884,-0.9645245268368167,552.7573309353519,127.88620270581966,2602.5015932384376,222.17308,0.00010383173,22946.583739537473,1.098659485435202,0.35980654562476405,9.45076514904501e-05,596385380617.2423,8.738207206223381e-06,56.900555,-10.245203,0.017968807,0.08997822,223.48643,55.204018,-10.5237465,0.004692073571506512,0.021295526692198027,0.0022198158874969774,1088.6387807473263,972.71387,115.92491355982634,-263.7477,263.7477,53057.16743319436,19090.31613477239,4.175900817140501e-06,0.004729736603088592,34.82858015294749,1.0862214420759524,11240430.07701394,0.11363895726460879,3.90690728458771e-17,2.318860533459538e-05,-10.471041,7.450523,-3.0205178,True,-397365.42015158385,1202,0.17444444444444446,919405.7997451337,3621184.1787735648,,
557809,576,1,2019-03-20 01:48:09,2019-03-20 01:58:36,0 days 00:10:27,133.4676675952993,32.64817071787657,10913.533266366812,229.41991265208645,True,233.33184403346573,-0.27174492744821677,-0.962369312897166,547.5179232509566,124.03425697604493,2701.356795920407,222.1662,0.00010379296,22941.991265208646,1.0989723781073208,0.3597456843497659,9.444546880493386e-05,21127622037063.57,9.609550664324234e-06,56.913887,-10.229572,0.018288132,0.09015663,223.4792,55.216625,-10.50824,0.0046949963050346355,0.021566660855285948,0.002420516666101768,1088.6297401230952,972.7562,115.87351453715769,-263.8083,263.8083,50564.46817594385,18190.34920773688,1.2914527393054733e-06,0.0009568353587348092,33.17922271491283,0.9031530282922946,417835345.63338053,0.3592004017222399,7.932108886523007e-19,2.1657306748815235e-05,-34.54411,9.291325,-25.252785,True,-3223202.804518301,1202,0.17416666666666666,919178.1791266227,3621111.742265808,,
557810,577,1,2019-03-20 01:48:10,2019-03-20 01:58:36,0 days 00:10:26,133.46526931037886,32.64760048502201,10913.57093936386,229.41855327644913,True,233.34443766714955,-0.2718318347438546,-0.962344768583375,546.6345220827982,123.87966548719629,2694.085467378476,222.1676,0.00010382875,22941.855327644913,1.0991522741268793,0.35974128314423637,9.446257296060307e-05,21087403630898.12,9.626981373860965e-06,56.916485,-10.215974,0.018683761,0.09033135,223.48047,55.21824,-10.494805,0.004696046537749794,0.02158994894960341,0.0024250378073512745,1088.6211119152663,972.79834,115.82277207151628,-263.8682,263.8682,50419.01791644249,18137.802200133265,1.2918078293572973e-06,0.0009571655164229411,33.132305971499,0.903019743064911,418243046.0237339,0.3594886348024563,7.962113174160869e-19,2.1702685250817027e-05,-34.576424,9.304528,-25.271896,True,-3220605.7336973203,1202,0.1738888888888889,918955.6353612791,3621038.958377859,,
557811,578,1,2019-03-20 01:48:11,2019-03-20 01:58:36,0 days 00:10:25,133.46287097248432,32.64703003902099,10913.609084447917,229.41717687288008,True,233.41337875977047,-0.27188676155879266,-0.9623292518099366,545.6776909929987,123.72485246176275,2686.1334864287487,222.169,0.00010386458,22941.717687288008,1.0993322851898897,0.359736855293648,9.447969472385199e-05,21049156194523.23,9.644476613334294e-06,56.919083,-10.202374,0.019078774,0.09050616,223.48172,55.219856,-10.481369,0.004697212528833177,0.02161323380578411,0.002428853015187477,1088.6124837700288,972.84033,115.7721517387788,-263.92807,263.92807,50267.60267152132,18083.10930820366,1.2920709989816488e-06,0.000957409887625828,33.08519058902397,0.9028724466088044,418741994.36307013,0.35975694054339036,7.991390476661865e-19,2.1750737278115668e-05,-34.606834,9.316679,-25.290155,True,-3218235.951417648,1202,0.1736111111111111,918733.085000909,3620966.1559275817,,
557812,579,1,2019-03-20 01:48:12,2019-03-20 01:58:36,0 days 00:10:24,133.46047197998234,32.64645930917891,10913.636103962443,229.41620192151143,True,232.55771514248852,-0.27247472315615995,-0.9621629411076765,545.8992183359223,123.57640500071489,2689.8144497394555,222.17049,0.00010390116,22941.620192151142,1.099511640270622,0.35973292478581403,9.44975554730156e-05,20806480607904.848,9.661079589827473e-06,56.92158,-10.188787,0.019474057,0.0906811,223.48305,55.22137,-10.467944,0.004698375892810133,0.021636151937095522,0.0024445582905710875,1088.6038526278112,972.8822,115.7216504793737,-263.98788,263.98788,50215.39177955882,18064.129754126217,1.2973646023647857e-06,0.0009623531180275503,33.04084429088942,0.9029331774005697,414344683.38400066,0.3612784430951368,8.107025718388543e-19,2.1758352412925123e-05,-34.757076,9.391096,-25.36598,True,-3217358.1465418288,1202,0.17333333333333334,918510.4718768296,3620893.324690947,,
557813,580,1,2019-03-20 01:48:13,2019-03-20 01:58:36,0 days 00:10:23,133.45808221094364,32.64588944218891,10913.823407357419,229.40944350218953,True,242.85132013882446,-0.27145075044497463,-0.9624523313301601,542.782768843883,123.21651636187958,2649.266041939895,222.17088,0.00010392798,22940.944350218953,1.0997093515756575,0.3597216883687841,9.450495374123891e-05,20656863231564.29,9.67874818218473e-06,56.92546,-10.175022,0.019856337,0.09085507,223.48326,55.224304,-10.454333,0.0046998038274210785,0.021673493113268934,0.002425871194050936,1088.5952688967714,972.9238,115.67144077177136,-264.04752,264.04752,49819.98426925631,17921.328855843145,1.2978436013369967e-06,0.0009628052025687817,32.90536891556035,0.9027314583599715,414630063.3079795,0.36126769149413784,8.181245453115255e-19,2.1884289122351212e-05,-34.760254,9.397791,-25.362463,True,-3340114.580011523,1202,0.17305555555555555,918288.7182494793,3620820.630964054,,
557814,581,1,2019-03-20 01:48:14,2019-03-20 01:58:36,0 days 00:10:22,133.4555859298119,32.64529658647621,10913.893566986846,229.40691199216923,True,242.964302381795,-0.2714832674923599,-0.9624431596056319,541.688603009496,123.04135589231359,2640.0484444913054,222.17213,0.00010396357,22940.691199216923,1.0999023763987796,0.35971569183510776,9.452072323777159e-05,20616457290499.816,9.69701583057196e-06,56.92841,-10.160827,0.020263433,0.09103734,223.48436,55.226242,-10.440303,0.004700976282359192,0.021698730300965464,0.0024294368397601482,1088.586270473049,972.96704,115.6192294574239,-264.10965,264.10965,49649.12417594014,17859.56905195548,1.298012970072857e-06,0.0009629631576880952,32.85008809418606,0.9025728061321814,415243121.257122,0.3614760540849078,8.212889953026672e-19,2.193914965948818e-05,-34.785046,9.408111,-25.376934,True,-3336828.349544617,1202,0.17277777777777778,918057.0670257637,3620744.9704278223,,
557815,582,1,2019-03-20 01:48:15,2019-03-20 01:58:36,0 days 00:10:21,133.453088527648,32.64470338387842,10913.946047991007,229.40501837968273,True,243.19051603133104,-0.2714631957694742,-0.962448821154987,540.380119623183,122.8665702426396,2629.675991486027,222.17351,0.00010400031,22940.501837968273,1.1000936976257265,0.35971049731002,9.453768521587412e-05,20566186474640.82,9.715450148086474e-06,56.931206,-10.146651,0.02067127,0.09121981,223.48557,55.22802,-10.4262905,0.004702260745490037,0.021724075831566107,0.0024318754947685625,1088.5772665944326,973.0101,115.56719579365131,-264.17172,264.17172,49459.36833344285,17791.053979862183,1.2982279757999822e-06,0.0009631633027141559,32.79508650312481,0.9024061629522241,415819836.92126167,0.3617048831239213,8.248845106163162e-19,2.2002964625647057e-05,-34.811806,9.419208,-25.392597,True,-3333959.7605675794,1202,0.1725,917825.309314677,3620669.2727134023,,
557816,583,1,2019-03-20 01:48:16,2019-03-20 01:58:36,0 days 00:10:20,133.45058880212753,32.64410967284378,10913.904392191565,229.40652139756222,True,246.42458389368406,-0.26992519337133297,-0.9628812958944879,535.0129547683056,122.94469831494312,2590.391725051885,222.1755,0.00010404285,22940.65213975622,1.1002765047968492,0.3597096152981996,9.456063679332181e-05,11817437196584.629,9.317746810487724e-06,56.933174,-10.132597,0.021085266,0.0914027,223.48743,55.228954,-10.412403,0.004703294521857799,0.021731720348961536,0.002398261675820411,1088.5682513898723,973.05304,115.51521183909108,-264.23386,264.23386,49030.27733283728,17636.662197358935,1.5354959832778142e-06,0.0011900056546044647,32.84836206354433,0.9127651026510016,241023258.26882648,0.35383859052877886,1.4382086762068091e-18,2.2344089455509797e-05,-33.95725,10.619935,-23.337315,True,-3075749.071450536,1202,0.17222222222222222,917593.3329564962,3620593.5151564507,,
557817,584,1,2019-03-20 01:48:17,2019-03-20 01:58:36,0 days 00:10:19,133.44805475160751,32.643511483475876,10912.53966466785,229.45576768754432,True,239.7329025972821,-0.24188823972758375,-0.9703041170073902,530.7703414238085,126.54683109420348,2075.9514612503694,222.1864,0.000104166065,22945.576768754432,1.100322037993349,0.35976918278649445,9.466870760353372e-05,601434370461.1302,8.891918925789825e-06,56.923622,-10.120251,0.021594407,0.09159058,223.4984,55.218067,-10.400271,0.004702436963115417,0.021498904351940254,0.0017519705114639524,1088.559064570787,973.09625,115.46281212938084,-264.2966,264.2966,51115.0861829212,18389.632784090794,4.136573902503138e-06,0.004653749814434896,34.42856140715771,1.082396516892944,11766279.104153877,0.11642738576295805,3.915393085863804e-17,2.389179037512116e-05,-10.746795,7.610736,-3.1360588,True,-398917.2662098253,1202,0.17194444444444446,917358.1512024171,3620517.1310326383,,
557818,585,1,2019-03-20 01:48:18,2019-03-20 01:58:36,0 days 00:10:18,133.44557048581976,32.6429899741091,10912.399984130752,229.46080855255383,True,239.74600982693119,-0.24197744094889953,-0.9702818755762792,531.0257896172652,126.62963461651795,2079.9465205761194,222.18893,0.000104211795,22946.080855255383,1.1004822488414319,0.3597729879643844,9.46964794641932e-05,600943151743.8575,8.907153819959728e-06,56.92458,-10.1065445,0.02200667,0.091779694,223.50082,55.21801,-10.386733,0.004703219335078473,0.021506077591366364,0.0017545104092844125,1088.5492543319858,973.1355,115.41375628511082,-264.35544,264.35544,51170.52336594837,18409.772087068595,4.141573212434093e-06,0.004663332609533906,34.48513383756584,1.0829241498372368,11743932.096339619,0.11667473895129535,3.928683827720503e-17,2.3891717745990875e-05,-10.770585,7.6352463,-3.1353388,True,-399047.59366572526,1202,0.17166666666666666,917127.2848631318,3620449.4599303277,,
557819,586,1,2019-03-20 01:48:19,2019-03-20 01:58:36,0 days 00:10:17,133.4430861556478,32.64246824391121,10912.259916547477,229.4658634755347,True,239.7556499772507,-0.24206798379410083,-0.9702592907165893,531.2899062652399,126.71419698013653,2084.024788945204,222.19148,0.000104257626,22946.586347553468,1.1006409874420133,0.3597767930621496,9.472446249474814e-05,600472331743.6251,8.922255777315215e-06,56.92553,-10.092838,0.022418402,0.091968864,223.50325,55.217945,-10.373194,0.004704117384349331,0.021513130376375245,0.0017570829849370556,1088.5394440633436,973.1747,115.36476144615608,-264.4142,264.4142,51227.50694214701,18430.468164214657,4.146547996967705e-06,0.0046728756346124155,34.54253136278779,1.083442904228579,11721677.81699311,0.11691367433675383,3.941797004423896e-17,2.389112287788847e-05,-10.793598,7.659219,-3.1343794,True,-399148.1625557926,1202,0.1713888888888889,916896.411068822,3620381.76973245,,
557820,587,1,2019-03-20 01:48:20,2019-03-20 01:58:36,0 days 00:10:16,133.44060179789585,32.64194629751371,10912.121782524857,229.47084870622604,True,236.5177163172699,-0.24345372026753845,-0.9699125146568092,536.5452499840495,126.79350253264818,2117.971730785386,222.19402,0.000104303406,22947.084870622602,1.1008011888909603,0.359780510839029,9.475226527101231e-05,608273821343.2512,8.942004816052691e-06,56.926487,-10.07913,0.022829438,0.092158094,223.50568,55.21789,-10.359652,0.004704900063193236,0.021520487525554716,0.0017883209432677735,1088.5296339480806,973.2137,115.31594986604932,-264.47296,264.47296,51747.25516985067,18617.65389952646,4.145729167375132e-06,0.004671258984725443,34.59761037119396,1.0833524975693851,11754706.976180792,0.11720904853510263,3.899315189590918e-17,2.3664866402519263e-05,-10.822512,7.6799684,-3.1425433,True,-398679.1725336493,1202,0.1711111111111111,916665.5332522948,3620314.0610982105,,
557821,588,1,2019-03-20 01:48:21,2019-03-20 01:58:36,0 days 00:10:15,133.4381519188056,32.641428460797655,10913.427855721091,229.4237162775085,True,237.83117867709478,-0.2671077038889208,-0.9636666822730713,537.745885547719,122.92335680066404,2538.812597650078,222.18683,0.000104261184,22942.37162775085,1.1011151828866879,0.35971824563271043,9.468690060659719e-05,20737750225784.816,9.823538553889815e-06,56.94004,-10.063538,0.02313593,0.092342325,223.49814,55.23076,-10.344169,0.00470782994579622,0.021797773300211515,0.002342250547595831,1088.5199963787638,973.25214,115.26786014829509,-264.53098,264.53098,49404.57697916596,17771.72775717177,1.2989507163928983e-06,0.0009638022098480501,32.93676601362485,0.9021102497286597,419753623.93103737,0.36731707341301506,8.272674560798684e-19,2.207766117883445e-05,-35.384525,9.587274,-25.797253,True,-3296244.9470190415,1202,0.17083333333333334,916437.8718024056,3620246.949836611,,
557822,589,1,2019-03-20 01:48:22,2019-03-20 01:58:36,0 days 00:10:14,133.4357042769227,32.640857149706044,10913.490309411805,229.4214626996665,True,237.8481002689402,-0.2671936588905476,-0.9636428532649851,536.7248264486963,122.73942126929491,2530.750071677514,222.18808,0.00010429654,22942.14626996665,1.1013059830560512,0.35971268532209283,9.470259797103636e-05,20703316259593.484,9.841562955239516e-06,56.942818,-10.049648,0.023529889,0.09252281,223.49924,55.23255,-10.330433,0.004709000774474248,0.021823399664500767,0.002347038730896935,1088.5110312162658,973.29285,115.21818453657829,-264.5911,264.5911,49235.867315683696,17710.766046286844,1.2989761780219917e-06,0.0009638255566810943,32.87687637699675,0.9019410382156502,420492567.4783149,0.3674332772138891,8.301547898640647e-19,2.213078089542636e-05,-35.400295,9.594331,-25.805965,True,-3291367.113755779,1202,0.17055555555555554,916210.6664037838,3620173.917567258,,
557823,590,1,2019-03-20 01:48:23,2019-03-20 01:58:36,0 days 00:10:13,133.43325653705813,32.640285614112926,10913.552507453836,229.41921836446193,True,237.86196214821902,-0.2672814445563383,-0.9636185082260911,535.7116337966901,122.55630404860834,2522.786576708787,222.18933,0.00010433197,22941.921836446192,1.101497605758775,0.3597071395656972,9.471829182793856e-05,20668871366828.25,9.859658848099533e-06,56.945587,-10.035759,0.023923274,0.09270338,223.50032,55.23434,-10.316696,0.00471028721046963,0.021848962801184497,0.0023518704161749867,1088.5020658758347,973.3335,115.16856978208466,-264.65115,264.65115,49068.42393047816,17650.262415029305,1.2990108618674787e-06,0.0009638575186632015,32.81724626402564,0.9017619618056786,421225499.23577374,0.3675545627796995,8.330597572177e-19,2.218364959016859e-05,-35.416557,9.601572,-25.814985,True,-3286484.926303023,1202,0.17027777777777778,915983.4501760215,3620100.865515247,,
557824,591,1,2019-03-20 01:48:24,2019-03-20 01:58:36,0 days 00:10:12,133.43080873202706,32.63971385743161,10913.615042207675,229.4169618973736,True,237.6921924247851,-0.2674694458531617,-0.9635663420517565,534.9192036527081,122.37308773203627,2516.9475868336754,222.19057,0.00010436744,22941.69618973736,1.1016921459996174,0.35970159688052467,9.473376236943841e-05,20650614479699.023,9.877852781045609e-06,56.948353,-10.02187,0.02431604,0.09288403,223.50142,55.236126,-10.302958,0.004711342293948633,0.02187457263850218,0.0023589970443170655,1088.4931005296455,973.3739,115.11919916245802,-264.71118,264.71118,48919.22700041932,17596.324070211707,1.298866529575097e-06,0.0009637221275550627,32.75755008362712,0.9015943015178031,422136974.4767638,0.3676122593851888,8.352974503645344e-19,2.2228381116330997e-05,-35.426678,9.6060915,-25.820587,True,-3279978.0798671762,1202,0.17,915756.226183034,3620027.794188799,,
557825,592,1,2019-03-20 01:48:25,2019-03-20 01:58:36,0 days 00:10:11,133.4283628222463,32.63914210701938,10913.71251069827,229.41344493781443,True,242.4790571124034,-0.26183487458950977,-0.965112686917282,530.5741200379682,122.14630685086998,2393.9757515607243,222.19157,0.00010440083,22941.344493781442,1.1018883341024395,0.3596944524534804,9.474719724475279e-05,20710203814616.137,9.896710530795484e-06,56.951424,-10.007939,0.024705525,0.093064524,223.50226,55.23822,-10.289177,0.0047126360541827235,0.02190330643322081,0.002234954699175409,1088.4841452057985,973.41425,115.06989960032979,-264.77112,264.77112,48626.50081390172,17490.6825849851,1.2958411571355308e-06,0.00096089554708793,32.67912051317909,0.9014459122878292,425903642.4166335,0.36827479206346025,8.339625732278608e-19,2.234068287771855e-05,-35.496914,9.607727,-25.889187,True,-3327657.0332002374,1202,0.16972222222222222,915529.1774759009,3619954.7365134708,,
557826,593,1,2019-03-20 01:48:26,2019-03-20 01:58:36,0 days 00:10:10,133.4258636659718,32.638571128242,10913.752174895504,229.41201374545025,True,242.4953788418567,-0.2619221880475022,-0.9650889945535639,529.7103595002959,121.99295911606006,2387.874330054342,222.19298,0.00010443814,22941.201374545024,1.1020819605051542,0.3596899394740191,9.476440608434495e-05,20666155631575.02,9.915188086174784e-06,56.954006,-9.993816,0.025106119,0.09325049,223.50352,55.239803,-10.275206,0.004713686748960697,0.0219271033769336,0.0022395100958416693,1088.4748294109281,973.45465,115.02017853202187,-264.83182,264.83182,48484.84135875676,17439.509653738638,1.2963010178292698e-06,0.0009613239288168624,32.63253375189311,0.9013167402122116,426239522.54806215,0.3686088777627876,8.373660664518368e-19,2.2388112621862326e-05,-35.53377,9.623015,-25.910755,True,-3325227.4656659677,1202,0.16944444444444445,915297.1220024601,3619881.561245676,,
557827,594,1,2019-03-20 01:48:27,2019-03-20 01:58:36,0 days 00:10:09,133.42336441878717,32.637999920623386,10913.791462629884,229.41059614401937,True,245.6978737381208,-0.2605333742950821,-0.9654648418655226,524.0756678641759,121.84111689460534,2349.8585295830344,222.1944,0.00010447554,22941.059614401936,1.102276621450846,0.35968542583140745,9.478159913086504e-05,20360311348452.09,9.936669862198365e-06,56.956577,-9.979692,0.02550613,0.09343653,223.50478,55.241375,-10.261234,0.004714968800780639,0.021950820548872426,0.002210655391943843,1088.4655134483928,973.49493,114.97057936636156,-264.89243,264.89243,47928.15545272414,17239.059003326976,1.2986855821194356e-06,0.0009635511861721011,32.586558922596204,0.9012679671341384,424808990.7932155,0.3697397828501782,8.521812471162951e-19,2.264060153465246e-05,-35.647472,9.670527,-25.976944,True,-3341861.0879068975,1202,0.16916666666666666,915065.0563345798,3619808.3659723024,,
557828,595,1,2019-03-20 01:48:28,2019-03-20 01:58:36,0 days 00:10:08,133.4208312351513,32.637424246661055,10912.41855673272,229.46013828951413,True,243.37976126017793,-0.26166041333100215,-0.9651600012927645,533.3339335074505,125.47609485886984,2425.4486581409205,222.20529,0.000104599305,22946.013828951414,1.102324015575707,0.35974545328235413,9.488979957500689e-05,612223392626.1315,9.08348191995607e-06,56.946774,-9.967419,0.026006958,0.09362753,223.51576,55.23025,-10.249165,0.004713993149780435,0.021710604864603925,0.0022118347396188564,1088.456027941485,973.53546,114.92056651570374,-264.9537,264.9537,50301.520269898,18095.74321028598,4.119270440220536e-06,0.004620340712121235,34.18171989119778,1.0751758085275411,12171071.358105753,0.11648991018769467,3.9171784973138056e-17,2.410390518541916e-05,-10.769597,7.6280737,-3.1415234,True,-407621.3044402789,1202,0.1688888888888889,914829.8215245518,3619734.5478269258,,
557829,596,1,2019-03-20 01:48:29,2019-03-20 01:58:36,0 days 00:10:07,133.41832272111975,32.63685152875764,10912.297321415903,229.46451355601278,True,242.30570831013043,-0.2748507281241918,-0.9614869095570681,539.5934180926824,125.49426563508345,2690.3668362471294,222.20778,0.000104646744,22946.45135560128,1.1025016460118022,0.3597483030254364,9.491754005709651e-05,611338097095.6509,9.101281833891436e-06,56.947926,-9.953478,0.026418045,0.09381472,223.51813,55.23037,-10.235379,0.004714895527290537,0.02172239604894339,0.0025088757809132206,1088.4466650903973,973.57556,114.87110356695985,-265.01443,265.01443,50426.009723257164,18140.67142628592,4.127358295021501e-06,0.0046358277255966526,34.210190348356946,1.0738253126528405,12123467.640028106,0.11565464354132907,3.936016297870793e-17,2.4045402492326202e-05,-10.692324,7.5874786,-3.104845,True,-405807.137459133,1202,0.1686111111111111,914596.8870909492,3619661.160235147,,
557830,597,1,2019-03-20 01:48:30,2019-03-20 01:58:36,0 days 00:10:06,133.4158347990109,32.636252596648546,10912.098084087007,229.47170398716926,True,242.32577004574796,-0.27493426396325765,-0.9614630260696361,540.2476286912174,125.6650209679417,2699.2631630177098,222.21082,0.00010469987,22947.170398716928,1.1026791538665364,0.3597546408707546,9.495044213333453e-05,610217190527.8751,9.118301559569297e-06,56.94842,-9.939713,0.02683234,0.09399745,223.52106,55.2298,-10.22177,0.00471566474940488,0.0217240051707276,0.0025111593214448245,1088.437758213553,973.6165,114.82124210027177,-265.07584,265.07584,50551.693153719105,18186.2062159248,4.135911397754683e-06,0.004652216450905789,34.30589180331921,1.0748011030952482,12071152.368177034,0.11600207386120039,3.9564576285389075e-17,2.402951816941895e-05,-10.72507,7.6226807,-3.1023893,True,-406025.6341088718,1202,0.16833333333333333,914366.0049814652,3619584.949403365,,
557831,598,1,2019-03-20 01:48:31,2019-03-20 01:58:36,0 days 00:10:05,133.41334674939304,32.63565343291111,10911.897552829418,229.47894130015422,True,242.33814295098597,-0.2750222952590876,-0.9614378488027312,540.9227657955244,125.83867996367809,2708.402475231816,222.21387,0.00010475316,22947.894130015422,1.1028565431093302,0.35976105204024755,9.498348897588265e-05,609127590394.8796,9.135343206464265e-06,56.9489,-9.925948,0.027246084,0.094180256,223.52399,55.229218,-10.208161,0.004716550335332954,0.02172537693871426,0.0025135213216074177,1088.4288509615178,973.65735,114.77150232870531,-265.1372,265.1372,50680.528640959055,18232.88030182733,4.144492049736553e-06,0.004668681870153362,34.40294555371765,1.075776359870987,12018966.785255553,0.11632788839624891,3.9768171837614316e-17,2.401268731911323e-05,-10.755802,7.656591,-3.0992112,True,-406151.83138373756,1202,0.16805555555555557,914135.1091101731,3619508.7180719613,,
557832,599,1,2019-03-20 01:48:32,2019-03-20 01:58:36,0 days 00:10:04,133.41085865455102,32.6350540467303,10911.698431712677,229.48612790305535,True,239.32615308885255,-0.2767150764191695,-0.9609520104991369,546.3896528591725,126.0083158952719,2753.055865755241,222.2169,0.00010480644,22948.612790305535,1.103035607199031,0.3597674055668735,9.501636772378914e-05,615728295066.6157,9.156825553929924e-06,56.94938,-9.912183,0.027659077,0.09436314,223.52692,55.228638,-10.19455,0.0047173204382781365,0.021727029052759143,0.002551965551898208,1088.4199437595616,973.69806,114.7218846775304,-265.19855,265.19855,51232.989684132335,18431.959778094682,4.1478508616451554e-06,0.004675102515465142,34.49838460280571,1.0761814130918717,12018199.57927063,0.11667111726791825,3.9457318169962175e-17,2.3795905934373686e-05,-10.788745,7.6855006,-3.1032443,True,-405679.4126785619,1202,0.16777777777777778,913904.207160367,3619432.4675826356,,
557833,600,1,2019-03-20 01:48:33,2019-03-20 01:58:36,0 days 00:10:03,133.40840276962456,32.6344584740232,10912.851692335442,229.4445073921349,True,233.9047913682629,-0.27372207926590947,-0.96180882888563,536.4003758731121,122.55789626910193,2634.9795754714214,222.21088,0.000104777,22944.45073921349,1.1033519445488724,0.3597119152487543,9.496244499246282e-05,13077974620381.38,9.666101441874512e-06,56.961742,-9.89664,0.02797451,0.094541505,223.52054,55.240246,-10.179108,0.004720219783625623,0.021979407033530886,0.0025139257571346247,1088.4111982034483,973.7383,114.6729169534483,-265.25922,265.25922,48905.78852488016,17591.99485703519,1.5014907726013116e-06,0.0011567891561447836,33.01403192591682,0.9094795750163238,267411588.99274546,0.37295624880730915,1.3402293923298679e-18,2.2414984733693228e-05,-35.903305,11.039308,-24.863998,True,-3118127.14410731,1202,0.1675,913676.3097824994,3619356.7718326324,,
557834,601,1,2019-03-20 01:48:34,2019-03-20 01:58:36,0 days 00:10:02,133.4060003643168,32.63388268203392,10912.849176064648,229.44459819624305,True,233.91741242505708,-0.273810473745156,-0.9617836682266201,535.8243824028674,122.46508173964233,2631.2390270039714,222.21252,0.00010481687,22944.459819624306,1.1035466868967283,0.35970939213368397,9.498181801807526e-05,13086259114693.29,9.685451703871382e-06,56.963863,-9.88308,0.028358962,0.09471832,223.52206,55.24139,-10.165688,0.004721146010320183,0.021998514309524306,0.0025183670762283176,1088.4025567836661,973.7771,114.62545717429111,-265.3182,265.3182,48813.973124051096,17558.844600082404,1.5012307501512054e-06,0.0011565331483724454,32.99270354664708,0.9093445746592927,268084285.649872,0.3734476928365199,1.3419881785173408e-18,2.2448235165405672e-05,-35.955566,11.056047,-24.899519,True,-3119368.8351891423,1202,0.16722222222222222,913453.3409927071,3619283.4858390642,,
557835,602,1,2019-03-20 01:48:35,2019-03-20 01:58:36,0 days 00:10:01,133.4035979076957,32.63330667303035,10912.846688488353,229.44468796488772,True,233.95008989408302,-0.27387886501786396,-0.9617641952664523,535.2935179944799,122.37340746515379,2627.1856068359916,222.21419,0.00010485681,22944.46879648877,1.1037379296420562,0.3597068454044582,9.500154475494412e-05,13057645737876.691,9.702759685021578e-06,56.96598,-9.869519,0.028742818,0.094895214,223.52357,55.242527,-10.152266,0.004722303666347614,0.022017599114606844,0.0025223863930253377,1088.3939154709726,973.81586,114.57805853737887,-265.37717,265.37717,48727.99707443698,17527.79411052339,1.5023342574489208e-06,0.0011576009490386282,32.97190699579732,0.9092506894127222,267970089.51403868,0.3736183745260208,1.3475761449582452e-18,2.247957032698677e-05,-35.976048,11.072008,-24.90404,True,-3117306.0319419387,1202,0.16694444444444445,913230.365733226,3619210.1808791817,,
557836,603,1,2019-03-20 01:48:36,2019-03-20 01:58:36,0 days 00:10:00,133.40119517961716,32.632730439679406,10912.886876268012,229.44323772038376,True,232.91342731644366,-0.2745910620691413,-0.961561099791241,535.6032311648521,122.0720091366214,2632.778655045421,222.21556,0.00010489421,22944.323772038377,1.1039376957904496,0.35970234699310877,9.50182307776427e-05,20880891353818.57,1.01088341323416e-05,56.96847,-9.855895,0.02912321,0.09507214,223.5248,55.24405,-10.138778,0.004723469859657996,0.022051721368162004,0.0025427980293990264,1088.3852729121227,973.85443,114.53084175977892,-265.43607,265.43607,48613.60655902928,17486.428375082418,1.301362840995612e-06,0.0009659939425180263,32.86053889905454,0.9002987502822734,429527715.21824574,0.37406546704903,8.457718463815727e-19,2.2383240005808446e-05,-36.10822,9.831514,-26.276705,True,-3274985.2209980926,1202,0.16666666666666666,913007.3633606299,3619136.8552811886,,
557837,604,1,2019-03-20 01:48:37,2019-03-20 01:58:36,0 days 00:09:59,133.3988036196116,32.63215526824487,10913.078186894447,229.43633405222954,True,242.546335324012,-0.26294399508929533,-0.9648110983226098,527.0291189866101,121.68418186042341,2385.7604205859166,222.21591,0.00010492232,22943.633405222954,1.1041507258166368,0.3596909512817684,9.502536074988863e-05,20707712848441.68,1.0128711486829273e-05,56.972282,-9.8421135,0.029491045,0.095247984,223.52498,55.246925,-10.125125,0.004724782796906198,0.022091791804937307,0.0022821895513919924,1088.376688248254,973.8927,114.48398805294141,-265.49475,265.49475,48086.128925840305,17296.14545679326,1.301081445463078e-06,0.0009657353707149311,32.71140474688319,0.9004021034902306,430637967.97570586,0.3766763127586246,8.544509721094794e-19,2.259285782282224e-05,-36.367386,9.899856,-26.46753,True,-3380206.828288041,1202,0.1663888888888889,912785.4023283656,3619063.69637805,,
557838,605,1,2019-03-20 01:48:38,2019-03-20 01:58:36,0 days 00:09:58,133.39630474636488,32.63158171186312,10913.138644654658,229.43415239807797,True,242.56312120656955,-0.26303202338224857,-0.964787103290379,526.0552038244683,121.50754405153096,2378.798806321008,222.21716,0.000104959174,22943.415239807797,1.1043559502762694,0.35968550460785165,9.504107234812849e-05,20675493171810.58,1.0147968983081676e-05,56.974983,-9.827963,0.029882684,0.095434755,223.5261,55.24864,-10.111114,0.004725837579747178,0.02211727803816632,0.002287112776556422,1088.3673776772935,973.93146,114.43592015776221,-265.5549,265.5549,47925.824828306635,17238.22448711698,1.3011257750052445e-06,0.0009657763174083595,32.65413344717895,0.9002463932002962,431406099.86119473,0.37683722541840003,8.574037439994349e-19,2.2646204376098157e-05,-36.387535,9.908288,-26.479248,True,-3375644.9447164154,1202,0.1661111111111111,912553.3525316133,3618990.3041590885,,
557839,606,1,2019-03-20 01:48:39,2019-03-20 01:58:36,0 days 00:09:57,133.3938057783539,32.631007923767214,10913.19882961631,229.43198060470843,True,243.1876570375825,-0.2628283019406157,-0.964842621207735,524.2005580537425,121.33185973372903,2365.712816151399,222.21843,0.00010499611,22943.198060470844,1.1045598193455637,0.359680051427875,9.505696721011582e-05,20591200408820.45,1.0167645847297178e-05,56.977676,-9.813812,0.030273736,0.09562161,223.52719,55.250343,-10.0971,0.004727123737472141,0.022142737291197107,0.002285402163992726,1088.35806694538,973.9701,114.38797417194246,-265.61502,265.61502,47690.30043028231,17153.249711374752,1.301594595812964e-06,0.0009662142827336517,32.597253974178415,0.9000921080964048,431769148.50688344,0.37716499371241635,8.626502010536684e-19,2.2737581517464905e-05,-36.42378,9.923688,-26.500092,True,-3375091.122328928,1202,0.16583333333333333,912321.2921693616,3618916.8916007103,,
557840,607,1,2019-03-20 01:48:40,2019-03-20 01:58:36,0 days 00:09:56,133.39130024874578,32.630433103934976,10913.01219576113,229.43871540060795,True,245.1905267271604,-0.261962103131814,-0.9650781608360831,521.5083779985417,121.77265984167188,2348.434670814242,222.22134,0.00010504825,22943.871540060794,1.1047408500401736,0.35968589587900246,9.508859323301343e-05,6656556816900.307,9.615488523026497e-06,56.978188,-9.799983,0.030681893,0.09580942,223.53,55.24981,-10.083418,0.004727896365527613,0.022123880388519576,0.0022640056383171066,1088.3487235000725,974.00854,114.34017857819754,-265.67523,265.67523,47644.44610480079,17137.035280864122,1.8609433474607176e-06,0.0015159793702777687,32.806574540458286,0.9253215602681274,139713174.59034482,0.22862436877109368,2.769409470175549e-18,2.3148931121012625e-05,-21.821678,8.235221,-13.586457,True,-1737461.4922667034,1202,0.16555555555555557,912088.617555297,3618843.344758164,,
557841,608,1,2019-03-20 01:48:41,2019-03-20 01:58:36,0 days 00:09:55,133.38877350084675,32.62985546364355,10912.083312920166,229.47223708257968,True,239.76356871957594,-0.24417312148072146,-0.9697316570816696,519.7069952792871,124.11650443268155,2037.6755282759693,222.22923,0.00010514609,22947.223708257967,1.1048445712299098,0.35972567043777914,9.51682217186017e-05,862086503638.1284,9.361791255263453e-06,56.972137,-9.787116,0.031142931,0.09600007,223.5379,55.242546,-10.070724,0.004727589989086027,0.02197088619717703,0.0018464402285281458,1088.3392732303464,974.0472,114.29209305456516,-265.7358,265.7358,49017.013663421785,17632.678102932183,3.680353038688397e-06,0.0035795866001661347,33.8459451381561,1.0249047676096217,17587495.426745012,0.11936569765092969,2.4860213024350242e-17,2.4052554132003612e-05,-11.10645,7.292277,-3.8141732,True,-475383.1723991712,1202,0.16527777777777777,911853.9603327527,3618769.408176969,,
557842,609,1,2019-03-20 01:48:42,2019-03-20 01:58:36,0 days 00:09:54,133.38629076200652,32.62932896096292,10911.995167657953,229.47541828980505,True,239.79258875603986,-0.24425742427216796,-0.9697104262035787,519.6525424226836,124.14688389691399,2039.5822523832228,222.23141,0.00010519029,22947.541828980506,1.1050254491878702,0.3597271328919343,9.519263774717479e-05,854379813392.2848,9.37789705375413e-06,56.973408,-9.773348,0.03153722,0.09619055,223.53996,55.242825,-10.0570965,0.004728498668304155,0.021981287637283728,0.0018494835864856847,1088.329478465265,974.0832,114.24628754729633,-265.79364,265.79364,49021.21198931208,17634.26003980295,3.6936118881660583e-06,0.003595820189147404,33.87854698569626,1.0256228545067043,17428777.843733486,0.11871513906019891,2.5151060414949134e-17,2.407093559286382e-05,-11.04527,7.2739096,-3.7713604,True,-470031.71269105055,1202,0.165,911623.1989248893,3618701.324210157,,
557843,610,1,2019-03-20 01:48:43,2019-03-20 01:58:36,0 days 00:09:53,133.38380779167392,32.62880221276868,10911.899213334156,229.47888137062083,True,240.4005747935866,-0.24410336558197807,-0.9697492185671257,518.8225621514335,124.199839738659,2036.608102968258,222.23364,0.000105235034,22947.888137062084,1.1052043627423196,0.3597289490693406,9.52177153591394e-05,834336351153.391,9.392189943808289e-06,56.974606,-9.759591,0.031931497,0.09638113,223.54207,55.24303,-10.043479,0.004729405157548854,0.02199008493437451,0.0018470308790619126,1088.3196828738983,974.1191,114.20060328405452,-265.85144,265.85144,48964.75415296773,17614.039552885715,3.723421834500821e-06,0.003632400353043929,33.92102583661813,1.0273450914393676,17039529.05689862,0.11727780483244013,2.5848448044911974e-17,2.4135946599730893e-05,-10.908488,7.229785,-3.6787033,True,-458857.8685471684,1202,0.16472222222222221,911392.4144381247,3618633.2177539677,,
557844,611,1,2019-03-20 01:48:44,2019-03-20 01:58:36,0 days 00:09:52,133.38131844352893,32.62827446256365,10911.540237782307,229.49183750756234,True,237.27639575058663,-0.24545394071421475,-0.9694082540332855,524.6321354821544,124.91120390245372,2074.286721478982,222.23763,0.000105296014,22949.183750756234,1.1053579655493382,0.35974280463961744,9.525965117889386e-05,626147485349.309,9.374607467630799e-06,56.97347,-9.746181,0.03234396,0.09657264,223.54597,55.240845,-10.030217,0.004729910273281064,0.021953133018923782,0.00187468224481876,1088.3098554465296,974.155,114.15482614965458,-265.90933,265.90933,49791.57395195857,17912.160460898496,4.117707491068676e-06,0.004616965128968964,34.25305383803338,1.0749857207333566,12575370.402097506,0.12097425305744963,3.9514053557320426e-17,2.4379250560320056e-05,-11.209337,7.9612107,-3.2481265,True,-404171.8019938994,1202,0.16444444444444445,911161.0330693303,3618564.9809979647,,
557845,612,1,2019-03-20 01:48:45,2019-03-20 01:58:36,0 days 00:09:51,133.37886235290932,32.62775069538526,10912.734878354457,229.44872286313236,True,238.36602442543298,-0.2802652368776116,-0.9599225994828626,532.8995465848259,121.25219384280071,2694.03990985998,222.2312,0.00010526159,22944.872286313235,1.1056737419311768,0.35968561534860677,9.520131271881203e-05,20821984627887.68,1.0280244939405702e-05,56.98608,-9.730695,0.032645695,0.09675944,223.53922,55.252758,-10.014821,0.004732702919210681,0.022225069985510264,0.002695809022197636,1088.3001948503463,974.19037,114.10982619800257,-265.96655,265.96655,47842.46101676529,17208.245030606955,1.3029267256608213e-06,0.0009674259132881215,32.67550794559437,0.8990778566696626,435219764.73139817,0.3766841959110424,8.627481744658886e-19,2.2660972016350767e-05,-36.402283,9.943009,-26.459274,True,-3357853.544284235,1202,0.16416666666666666,910932.7545716801,3618497.3209740277,,
557846,613,1,2019-03-20 01:48:46,2019-03-20 01:58:36,0 days 00:09:50,133.37641911260425,32.62714989529149,10912.905326874466,229.4425719012986,True,238.66614291225105,-0.28018248611865687,-0.9599467560611727,531.2182578461327,121.00425285599317,2678.897907159966,222.23174,0.000105292864,22944.25719012986,1.1058993080148163,0.35967511409360853,9.521017236678127e-05,20743879935075.234,1.0300354192615253e-05,56.98973,-9.716632,0.033018254,0.096938625,223.53958,55.255447,-10.00088,0.00473401205246887,0.022255597555450677,0.0026980476729230405,1088.2915664685147,974.22876,114.0628067028897,-266.02655,266.02655,47596.55531254474,17119.29646250228,1.3031569129624472e-06,0.0009676449822302988,32.58671094759353,0.8988871880793443,435827336.6393785,0.3767213601822192,8.677084168553576e-19,2.2744634832934035e-05,-36.41017,9.949637,-26.460533,True,-3351624.077894671,1202,0.1638888888888889,910706.0333809438,3618421.1664266847,,
557847,614,1,2019-03-20 01:48:47,2019-03-20 01:58:36,0 days 00:09:49,133.3739727506432,32.6265485162466,10913.022173535139,229.43835534252855,True,238.68507710822936,-0.2802682501101006,-0.9599217197148016,529.885379634477,120.75730815305121,2667.2712117487795,222.23264,0.00010532752,22943.835534252856,1.1061200714417465,0.35966705061189774,9.522250056020089e-05,20689084594689.098,1.0320392136168707e-05,56.9929,-9.70263,0.033394273,0.097118236,223.54031,55.257652,-9.987002,0.004735310038539922,0.022286177318152113,0.0027041562176309797,1088.2829224087448,974.26697,114.01595463530725,-266.08655,266.08655,47379.02149897078,17040.672923412516,1.3031504945598175e-06,0.000967640670657382,32.498433576062034,0.8986841316988784,436671842.0965813,0.3766640316472338,8.716799018995935e-19,2.28152419728779e-05,-36.408913,9.952271,-26.456642,True,-3342981.9631812586,1202,0.16361111111111112,910479.0188232588,3618344.94103569,,
557848,615,1,2019-03-20 01:48:48,2019-03-20 01:58:36,0 days 00:09:48,133.37152627485483,32.62594690540178,10913.138511435018,229.43415720536933,True,239.60766537686166,-0.2798470222349376,-0.9600446052898992,527.2097995428169,120.51181830388259,2645.316339321606,222.23354,0.00010536227,22943.415720536934,1.1063399229803883,0.35965901607292233,9.523498782565781e-05,20555820270317.66,1.0341181585422983e-05,56.996067,-9.688629,0.033769704,0.09729793,223.54106,55.259846,-9.973123,0.004736492277079662,0.022316815048699177,0.0026986293157221226,1088.2742781323934,974.30505,113.96922442145592,-266.14655,266.14655,47050.82378295889,16922.25298719945,1.3038026626290836e-06,0.0009682524460878744,32.410929983128206,0.8985269934843972,436885448.9166813,0.376879876880938,8.791944909555763e-19,2.2942113901784765e-05,-36.434055,9.966121,-26.467934,True,-3340421.0005119857,1202,0.16333333333333333,910251.9918057402,3618268.694995936,,
557849,616,1,2019-03-20 01:48:49,2019-03-20 01:58:36,0 days 00:09:47,133.36907004582474,32.62534387693888,10912.896661507337,229.44288460447387,True,244.5044552660656,-0.2848081825658254,-0.9585845289506563,530.7310143425611,121.1685191887312,2744.5550252727885,222.23683,0.00010541915,22944.288460447387,1.106524743776254,0.3596673672884849,9.527048818893882e-05,4781380305607.901,9.725147655595019e-06,56.99605,-9.675096,0.03417015,0.09747896,223.54425,55.258778,-9.959723,0.004737253430708961,0.0222816187944104,0.0028091933623773514,1088.265584955848,974.34314,113.9224453074105,-266.20667,266.20667,47472.23272100292,17074.21296206939,2.0832523872552697e-06,0.0017475554001592241,32.71344945764786,0.933410825026254,100719516.05285457,0.19988471769361693,4.015271631474301e-18,2.3280432052285168e-05,-19.025616,7.940307,-11.085308,True,-1437346.1688087329,1202,0.16305555555555556,910024.0523793313,3618192.2594001936,,
557850,617,1,2019-03-20 01:48:50,2019-03-20 01:58:36,0 days 00:09:46,133.36656744769465,32.62471761521766,10912.900633723622,229.44274126086268,True,244.78983155496186,-0.2847325000895223,-0.9586070119672452,530.1505329078702,121.14667114783438,2740.852252376943,222.23853,0.000105462306,22944.274126086268,1.1067442771781053,0.3596643896654501,9.529058194564501e-05,4712800359898.536,9.742964947178398e-06,56.998272,-9.660923,0.03456114,0.09766204,223.5458,55.259975,-9.945678,0.004738296170914964,0.022296259677291312,0.002809796400989707,1088.256871387004,974.3822,113.87466923856641,-266.26834,266.26834,47412.23160711887,17052.49134365137,2.0936977997427095e-06,0.0017585978431965015,32.7231410337676,0.9338005050945853,99400517.54895496,0.20076287409034918,4.086429322627678e-18,2.3318175559154063e-05,-19.110079,8.009031,-11.1010475,True,-1439432.7764869675,1202,0.16277777777777777,909791.861087284,3618113.071431323,,
557851,618,1,2019-03-20 01:48:51,2019-03-20 01:58:36,0 days 00:09:45,133.364061887451,32.62409078913367,10912.855465803677,229.44437121987517,True,244.17211036565374,-0.28517519617348025,-0.9584754078678372,530.8459276173264,121.11464723570201,2747.5697025106647,222.24057,0.00010550858,22944.437121987517,1.1069553006382982,0.35966364124337197,9.531422024620253e-05,4717455506702.372,9.763243348893385e-06,57.00005,-9.646807,0.0349552,0.0978455,223.5477,55.260723,-9.931687,0.0047394451009608925,0.022311749345906726,0.002822501863477835,1088.2481428739559,974.42126,113.82687822551839,-266.33002,266.33002,47453.08415086748,17067.14903392914,2.095059906593808e-06,0.0017600309204879368,32.72856466922572,0.9337286184556769,99413043.24296767,0.2011687049561556,4.091556991066094e-18,2.329921937269792e-05,-19.151129,8.032124,-11.119005,True,-1440011.9773643804,1202,0.1625,909559.3911359671,3618033.8151562987,,
557852,619,1,2019-03-20 01:48:52,2019-03-20 01:58:36,0 days 00:09:44,133.36156301165926,32.62346457310687,10913.092680608583,229.4358110364241,True,247.33338405027257,-0.283532488248332,-0.9589626312363321,524.3901554771277,120.33389525132141,2697.2060262616765,222.2407,0.00010553753,22943.58110364241,1.1071981793125951,0.3596500025767957,9.531945981758208e-05,15212856422707.775,1.0153518536656493e-05,57.004333,-9.632315,0.035328537,0.098028146,223.54765,55.264038,-9.917311,0.004740883691046349,0.02238211633756576,0.0027938951982940195,1088.2394483056512,974.46,113.77942633299494,-266.39154,266.39154,46572.562441441776,16749.82220207251,1.4277516979718887e-06,0.0010856202659371792,32.40985583207514,0.9031463403197688,326648473.3760512,0.38799383499219675,1.1942439192537295e-18,2.3236081253391113e-05,-37.48392,11.079641,-26.40428,True,-3422237.8051123465,1202,0.1622222222222222,909327.5432116598,3617954.6581995534,,
557853,620,1,2019-03-20 01:48:53,2019-03-20 01:58:36,0 days 00:09:43,133.35903054694205,32.6228339110795,10911.814009919533,229.48195647659477,True,240.5370044168101,-0.24499054673643067,-0.9695254674374391,513.8304896114286,123.7727428713025,2018.3813108458119,222.25099,0.00010565998,22948.19564765948,1.1072887778723097,0.3597056861442862,9.542224356035199e-05,628277067190.5797,9.550309722128697e-06,56.99513,-9.61985,0.035808343,0.09821551,223.55801,55.253517,-9.905017,0.004740041793512546,0.022147317813796523,0.0018849521590122288,1088.2305854079145,974.49896,113.73162300557078,-266.45364,266.45364,48313.191768863006,17378.529795039347,4.09707372322633e-06,0.0045774006557906715,33.92900848289689,1.07020526682695,13004255.032380061,0.12196471942758952,3.9970595166820406e-17,2.49561320296911e-05,-11.316519,8.028098,-3.2884207,True,-406243.68250135815,1202,0.16194444444444445,909092.5576852513,3617874.8838989064,,
557854,621,1,2019-03-20 01:48:54,2019-03-20 01:58:36,0 days 00:09:42,133.35654052500252,32.62230394189632,10911.608605633128,229.48936993108214,True,240.7428030913231,-0.2449946115035672,-0.9695244402975183,514.5537680212835,124.01491866132274,2026.7472787852917,222.25394,0.00010571228,22948.936993108215,1.1074649747703642,0.35971254911579753,9.545428654213331e-05,626173627298.6572,9.566146569123195e-06,56.995293,-9.606216,0.03620432,0.098407574,223.56085,55.252666,-9.891516,0.004740810506313266,0.022142817905062746,0.0018850758145498778,1088.2207572889517,974.5334,113.687371058483,-266.51114,266.51114,48473.27124903628,17436.44396497234,4.108475901412243e-06,0.0045991550793646335,34.054989765435536,1.071571876881435,12917915.609236017,0.1224846582620126,4.0251036844712874e-17,2.4937068313897083e-05,-11.365054,8.078555,-3.286499,True,-406943.3857817878,1202,0.16166666666666665,908861.0965758607,3617806.454988811,,
557855,622,1,2019-03-20 01:48:55,2019-03-20 01:58:36,0 days 00:09:41,133.3540483904112,32.62177351053675,10911.366291324359,229.49811579196077,True,240.76130672689175,-0.24508653722700272,-0.9695012064304392,515.4954932285624,124.2604509964976,2037.063453649012,222.25714,0.00010576696,22949.811579196077,1.1076378392100512,0.3597210598580706,9.548875464024288e-05,624513063249.188,9.582176123958981e-06,56.995117,-9.592625,0.036602505,0.098599926,223.56396,55.251472,-9.878057,0.004741455092278955,0.02213815597907277,0.001887191682052665,1088.210918632061,974.56775,113.64316960862357,-266.56863,266.56863,48653.85908508645,17501.817756272514,4.119545254507662e-06,0.004620307302182405,34.182773245664144,1.072923306297862,12835838.204674209,0.12296541617060394,4.050344699241072e-17,2.4907815618478464e-05,-11.409969,8.126154,-3.2838154,True,-407403.92418191984,1202,0.1613888888888889,908629.4366488152,3617737.9723279704,,
557856,623,1,2019-03-20 01:48:56,2019-03-20 01:58:36,0 days 00:09:40,133.3515561387735,32.621242839375554,10911.124011767623,229.506860668363,True,237.88701841933604,-0.24636931378207025,-0.9691760217971511,520.7830844023554,124.50534774958874,2073.4643077725327,222.26033,0.0001058217,22950.6860668363,1.1078155068210696,0.3597296128613999,9.552285693068785e-05,630373421657.704,9.602975778398804e-06,56.994938,-9.579033,0.037000105,0.098792344,223.56706,55.25027,-9.864596,0.004742100435285579,0.02213361978715417,0.0019164271048887677,1088.2010798078418,974.602,113.59909006174803,-266.6261,266.6261,49230.80624865015,17709.778872681505,4.125922294316112e-06,0.004632486333142121,34.31061136377954,1.0737877807979348,12804450.499426628,0.12343519807821075,4.025864439021312e-17,2.4666659870684255e-05,-11.454421,8.167214,-3.2872066,True,-407088.84740249946,1202,0.16111111111111112,908397.7643263461,3617669.468300978,,
557857,624,1,2019-03-20 01:48:57,2019-03-20 01:58:36,0 days 00:09:39,133.34909450621126,32.62071576503364,10912.22873994657,229.46698862548857,True,233.75589350405528,-0.2761727444581917,-0.9611080143347212,527.2008088688815,121.03163686533898,2596.743811751833,222.25452,0.000105793355,22946.698862548856,1.1081264129505612,0.35967652062905586,9.547047502559763e-05,20983847874406.984,1.0527763752342012e-05,57.00676,-9.56364,0.037301995,0.09898068,223.56093,55.261383,-9.849283,0.0047447592647452555,0.022395052428751127,0.002627380373868157,1088.1913955875527,974.6358,113.55559236489648,-266.68292,266.68292,47384.320886651825,17043.027668881627,1.3057096140353583e-06,0.0009699763647072535,32.805744426478064,0.8981888540813598,442843697.6991294,0.3869553717103622,8.771210923660308e-19,2.2921754974505645e-05,-37.45731,10.270548,-27.186762,True,-3347264.9699356537,1202,0.16083333333333333,908168.9491132575,3617601.4870887124,,
557858,625,1,2019-03-20 01:48:58,2019-03-20 01:58:36,0 days 00:09:38,133.34669574828115,32.620135188040216,10912.322698853959,229.46359770298247,True,233.86273375130284,-0.2762107352918202,-0.9610970969207805,526.0572535149765,120.84448146764406,2587.629548932906,222.2555,0.000105828876,22946.359770298248,1.1083483273040953,0.3596696199698973,9.548340864580743e-05,20942129764264.227,1.0547924478190499e-05,57.009613,-9.549961,0.037664685,0.09915876,223.56177,55.26329,-9.835714,0.004745820807036125,0.02242101797005831,0.002631867434305927,1088.1827821669829,974.67126,113.51151751854536,-266.74084,266.74084,47207.28998335679,16979.02804812268,1.305770988844938e-06,0.0009700346620871433,32.742284049298775,0.8980311162661023,443620673.2402452,0.38709716714941683,8.805460512161937e-19,2.298323910551133e-05,-37.475372,10.278653,-27.19672,True,-3342712.0325962603,1202,0.16055555555555556,907946.2804473485,3617527.8152785725,,
557859,626,1,2019-03-20 01:48:59,2019-03-20 01:58:36,0 days 00:09:37,133.34429593674594,32.61955426576528,10912.399579964853,229.46082313843644,True,233.880946696277,-0.27630173444477324,-0.9610709399117268,525.0229212526925,120.65736642135468,2579.60811733766,222.2566,0.00010586552,22946.082313843643,1.1085653484047098,0.3596634652555547,9.549776937621742e-05,20908156565007.074,1.0567784066149702e-05,57.01231,-9.536302,0.038028073,0.09933702,223.56271,55.26504,-9.822165,0.004747110214335919,0.022447030218595024,0.002637592215507004,1088.1741638431001,974.70667,113.46749880403763,-266.79877,266.79877,47039.21380981889,16918.286641736406,1.3057364878503435e-06,0.0009700026398587855,32.67883569386338,0.8978477185282379,444483546.2076269,0.3871903080209645,8.836164695185994e-19,2.304031190951968e-05,-37.488716,10.284857,-27.20386,True,-3337302.645716424,1202,0.16027777777777777,907723.5117138943,3617454.106395342,,
557860,627,1,2019-03-20 01:49:00,2019-03-20 01:58:36,0 days 00:09:36,133.34189601921366,32.618973106853396,10912.47650662838,229.45804695713002,True,233.0788669359061,-0.27688560370560783,-0.9609028891935859,524.9919151893284,120.47073424254057,2581.4127601477417,222.2577,0.00010590222,22945.804695713003,1.108783143070714,0.3596573521106198,9.551211034588304e-05,20947785937025.324,1.0586957603361526e-05,57.015,-9.522641,0.038390867,0.099515356,223.56367,55.266785,-9.808613,0.0047481691051496,0.022473051464167507,0.0026547813373876544,1088.165545505912,974.7419,113.4236631816932,-266.85666,266.85666,46950.788639521284,16886.196321595595,1.304875204357187e-06,0.0009691966845465302,32.61558412698807,0.897640870837136,446164730.0082266,0.3869405767054906,8.833785409334617e-19,2.3057021583992263e-05,-37.46886,10.276791,-27.19207,True,-3324200.6950886576,1202,0.16,907500.731422859,3617380.3761470225,,
557861,628,1,2019-03-20 01:49:01,2019-03-20 01:58:36,0 days 00:09:35,133.33950476683776,32.61839271751768,10912.711424951134,229.4495692346344,True,242.05444160031732,-0.2655611580907011,-0.9640940158063038,517.2905256390836,120.08051556193391,2350.9921724769306,222.25775,0.00010592915,22944.95692346344,1.1090175435148975,0.35964397587045666,9.551621083466639e-05,20831587689371.97,1.0607153513308892e-05,57.019096,-9.508798,0.038741183,0.099692844,223.56354,55.269974,-9.794869,0.004749606549371208,0.02251393333130974,0.002397002417457836,1088.1569724459491,974.7768,113.38017801235537,-266.9143,266.9143,46496.11972551092,16722.049360631514,1.3038751640879227e-06,0.000968267129139392,32.46358392016334,0.8976936934328021,448028519.634561,0.3893450472913208,8.897958247044184e-19,2.3243133253919574e-05,-37.70877,10.335683,-27.373089,True,-3424212.4078468047,1202,0.1597222222222222,907278.7588729521,3617306.769911787,,
557862,629,1,2019-03-20 01:49:02,2019-03-20 01:58:36,0 days 00:09:34,133.33701319918248,32.617814627708505,10912.93931056125,229.44134555073106,True,242.5381739167294,-0.2654064701966515,-0.9641366114704669,515.3527799619226,119.81133735830758,2335.4233211448122,222.25787,0.000105957224,22944.134555073106,1.1092567049624402,0.35963088772583107,9.552092286318522e-05,20731000929180.23,1.062719752737345e-05,57.02317,-9.494443,0.039105568,0.09988053,223.56348,55.27311,-9.780622,0.004751043125623368,0.022546230351327325,0.002397426044851625,1088.1477088631627,974.8121,113.33563610925648,-266.97333,266.97333,46221.12668746828,16622.54482230232,1.304205467403543e-06,0.0009685822652165059,32.36456480296572,0.8974885736781376,448517862.17493767,0.38931040606923084,8.95834694035463e-19,2.334323063905597e-05,-37.70955,10.34134,-27.36821,True,-3417582.3541428493,1202,0.15944444444444444,907047.3506243922,3617233.0389527366,,
557863,630,1,2019-03-20 01:49:03,2019-03-20 01:58:36,0 days 00:09:33,133.33451655740885,32.617235719798515,10913.077699229549,229.43635164997525,True,245.3793085334599,-0.2641392910784798,-0.9644845436338305,509.8067515365988,119.54491188574669,2297.2026374649836,222.25859,0.00010599093,22943.635164997526,1.1094860469211587,0.35962191521543757,9.55315541641859e-05,20430291389409.812,1.064945515148093e-05,57.02644,-9.480191,0.03947608,0.10006883,223.56404,55.27542,-9.766479,0.004752230474728379,0.02257865047714175,0.002371967020797374,1088.1384195908745,974.8472,113.29119058696824,-267.03235,267.03235,45637.86521673039,16412.376495584584,1.3059366737061815e-06,0.0009702049220089792,32.267117691425085,0.897376987992303,447660978.2773159,0.3898683537581729,9.112179114114158e-19,2.3612936053821606e-05,-37.767704,10.3714485,-27.396255,True,-3423952.0285171857,1202,0.15916666666666668,906815.4667219428,3617159.203433291,,
557864,631,1,2019-03-20 01:49:04,2019-03-20 01:58:36,0 days 00:09:32,133.33198980266087,32.61665283290119,10911.909939561081,229.47849424901116,True,243.7750856823191,-0.2649552320912483,-0.9642607142196932,517.0356738288472,122.8111720512934,2356.4601434234464,222.26804,0.000106105545,22947.849424901116,1.1095841656160679,0.3596726870655812,9.562640476870995e-05,638344866038.7765,9.75987098199387e-06,57.018017,-9.46769,0.03993785,0.10026118,223.57355,55.26574,-9.754133,0.004751526816176295,0.022351717760459106,0.002367555264595321,1088.1289788104054,974.88257,113.24641045103044,-267.09195,267.09195,47622.46252037067,17128.499059381647,4.085231669612007e-06,0.004554674661192677,33.71216602330699,1.0637676845176527,13404280.926584221,0.12195840681034016,4.0116104311581806e-17,2.514992211378097e-05,-11.331635,8.047025,-3.2846107,True,-413779.92029931536,1202,0.15888888888888889,906580.769556273,3617084.81653647,,
557865,632,1,2019-03-20 01:49:05,2019-03-20 01:58:36,0 days 00:09:31,133.32948013775257,32.61607196168082,10911.814713966942,229.48193106643896,True,242.28764831601288,-0.2783678536008039,-0.9604745379663541,523.5644472025723,122.8295376334186,2609.191773151099,222.27032,0.00010615395,22948.193106643896,1.1097915726195757,0.35967435222361155,9.565215136892102e-05,638476159781.2417,9.779824038250642e-06,57.019184,-9.4537115,0.040324602,0.10045099,223.5757,55.265892,-9.74027,0.00475254860589331,0.022363215720573194,0.002679075762468071,1088.1196232045343,974.91754,113.20208170062801,-267.15118,267.15118,47773.6861501391,17182.969619385403,4.092062052925315e-06,0.004567673630390162,33.73959671315478,1.0623136223306457,13364599.034177367,0.1211457969102413,4.0237463369762254e-17,2.506731085151702e-05,-11.256111,8.006656,-3.2494555,True,-412000.1529920259,1202,0.15861111111111112,906347.6657221091,3617010.72473277,,
557866,633,1,2019-03-20 01:49:06,2019-03-20 01:58:36,0 days 00:09:30,133.326995596934,32.61546541078103,10911.720234186934,229.48534100763987,True,242.76535295828558,-0.27819012291066436,-0.9605260306285038,523.6724012956313,123.00382304098449,2613.2269122421035,222.27263,0.00010620326,22948.534100763987,1.1100037170585952,0.359675975223652,9.56782928063885e-05,636227979469.4242,9.797613417547864e-06,57.020382,-9.439819,0.0407081,0.1006359,223.57788,55.26607,-9.72649,0.004753455906185593,0.022363388824822264,0.0026756529592655595,1088.1107470967715,974.95325,113.15750002645905,-267.21097,267.21097,47851.781526549385,17211.136186750788,4.101597538736294e-06,0.004585858627337102,33.83567419109906,1.0633632129369746,13295805.488797292,0.12162636122209236,4.051991244593399e-17,2.507347490085682e-05,-11.301247,8.052573,-3.2486734,True,-412815.8720542067,1202,0.15833333333333333,906117.035293236,3616933.884868849,,
557867,634,1,2019-03-20 01:49:07,2019-03-20 01:58:36,0 days 00:09:29,133.3245060414347,32.61485805207154,10911.536781338638,229.49196226032274,True,242.7812841673473,-0.2782829578332554,-0.9604991386667531,524.3267014826581,123.17917838674958,2622.772069539011,222.27553,0.00010625818,22949.196226032273,1.1102098826342683,0.3596816623678857,9.570999254020145e-05,635084415485.6416,9.816329654270002e-06,57.020775,-9.426031,0.041097607,0.100821406,223.58067,55.265427,-9.712815,0.004754228823576625,0.022363735365944548,0.0026785314148279216,1088.101845535549,974.9889,113.11295393398655,-267.2708,267.2708,47974.37226937371,17255.501968904133,4.110195163324196e-06,0.004602261268833207,33.932741645077755,1.0643208885866626,13237993.233547159,0.12207418779376084,4.073115415125255e-17,2.505612662016129e-05,-11.343433,8.095217,-3.2482166,True,-413313.83602688025,1202,0.15805555555555556,905885.934581547,3616856.941837288,,
557868,635,1,2019-03-20 01:49:08,2019-03-20 01:58:36,0 days 00:09:28,133.32201640915196,32.61425045081616,10911.354366966381,229.4985461852988,True,240.0741331500802,-0.27986935110236366,-0.9600380962824039,529.1668368488204,123.35198398847879,2663.28355242048,222.27841,0.00010631313,22949.85461852988,1.110417863604549,0.3596873128816804,9.574155018704484e-05,641159838081.3046,9.839525244076624e-06,57.02117,-9.412242,0.041486375,0.10100699,223.58345,55.264786,-9.699139,0.004755001829412606,0.022364277005719663,0.002715974104819751,1088.0929440508992,975.0243,113.06865205871168,-267.3306,267.3306,48457.915781460506,17429.697515280302,4.114148021595094e-06,0.0046097851883863394,34.028839697612376,1.0647749458890816,13231271.459813911,0.12248420787083646,4.0468363562968136e-17,2.48497605989169e-05,-11.382633,8.129635,-3.2529984,True,-413079.36927812244,1202,0.15777777777777777,905654.8248478281,3616779.977302961,,
557869,636,1,2019-03-20 01:49:09,2019-03-20 01:58:36,0 days 00:09:27,133.3195557601161,32.6136462059179,10912.432183819521,229.45964650522296,True,234.19949203598708,-0.2771523124424016,-0.9608259965820186,520.4510119828575,120.14594529117312,2559.890115483869,222.27289,0.00010629,22945.964650522295,1.1107510215695569,0.35963528548399865,9.569200953552716e-05,13261601897259.69,1.0371794938692915e-05,57.03287,-9.39676,0.041786123,0.10118888,223.57759,55.275738,-9.683721,0.004757771745219088,0.02261123648294662,0.002683186561813394,1088.0841896426577,975.0594,113.0248024356265,-267.3898,267.3898,46402.45320399781,16687.959505177638,1.5033764486412948e-06,0.0011584789184827297,32.639428781255106,0.905112201754585,285795275.4988638,0.39088224366499963,1.418151204810762e-18,2.343612097869807e-05,-37.80591,11.723625,-26.082283,True,-3177610.3474428956,1202,0.1575,905426.4195341843,3616703.5018240274,,
557870,637,1,2019-03-20 01:49:10,2019-03-20 01:58:36,0 days 00:09:26,133.3171533449111,32.61306246400725,10912.48119434634,229.45787778448243,True,234.39441337157587,-0.2771380360321235,-0.9608301145281914,519.6565471009457,120.05413673337563,2554.5948543462823,222.27417,0.00010632913,22945.787778448244,1.1109740448079612,0.35963044367723207,9.570802121309618e-05,13223330434201.547,1.0390454820048513e-05,57.035263,-9.383128,0.04214491,0.10136819,223.57874,55.277184,-9.670186,0.004758824382686839,0.022630239914504933,0.002685820060785371,1088.0755636928836,975.0932,112.98236300928988,-267.4473,267.4473,46294.98442412736,16649.08578847947,1.50455725072819e-06,0.001159624532538961,32.61695516367339,0.9050313987705606,285632031.17333806,0.3910331245513027,1.4250849310323601e-18,2.3481681406350386e-05,-37.824253,11.740094,-26.08416,True,-3175637.552574862,1202,0.15722222222222224,905203.3889006411,3616629.530035125,,
557871,638,1,2019-03-20 01:49:11,2019-03-20 01:58:36,0 days 00:09:25,133.31474893553911,32.61247826631808,10912.495931852409,229.4573459308474,True,234.25613381035646,-0.27731725366009763,-0.9607784035990927,519.3192966187402,119.96081127129956,2553.137690264877,222.27568,0.00010637046,22945.73459308474,1.1111936860621798,0.35962716616922585,9.572630181137798e-05,13239363400138.213,1.0411137418168837e-05,57.037346,-9.369535,0.042505655,0.10154778,223.58011,55.27831,-9.6566925,0.004759869732852735,0.02264952051032832,0.0026930146402073165,1088.0669279854894,975.1269,112.94003589564568,-267.50482,267.50482,46224.212153919034,16623.48242531899,1.5041750469427289e-06,0.0011592507319545943,32.59401047134014,0.9048787602483068,286416204.47858167,0.3915403693503128,1.4260819410624646e-18,2.3507043138403992e-05,-37.87811,11.756681,-26.121428,True,-3176228.7052536923,1202,0.15694444444444444,904980.1703092982,3616555.505360227,,
557872,639,1,2019-03-20 01:49:12,2019-03-20 01:58:36,0 days 00:09:24,133.31234608980037,32.611894035781916,10912.583560091107,229.45418358483948,True,233.26249804485096,-0.2780321969375704,-0.9605717555008935,519.5826406813364,119.67257295566363,2558.6437138831807,222.2767,0.00010640734,22945.41835848395,1.1114231512883812,0.3596205585793652,9.573971587034628e-05,20974544178222.273,1.0836385905254491e-05,57.040077,-9.3558445,0.042860705,0.101727225,223.58098,55.280098,-9.643096,0.004761046010348764,0.02268343954347681,0.002714549037559088,1088.0583007394325,975.1604,112.89790034880753,-267.56223,267.56223,46113.91178690449,16583.510715086166,1.306582450657607e-06,0.0009707649032032438,32.48614401072746,0.8962635622005369,454842006.7928104,0.39348803408190475,9.0322427916138e-19,2.3411811997139947e-05,-38.1602,10.504598,-27.655602,True,-3348640.4007389513,1202,0.15666666666666668,904757.0960471984,3616481.488334034,,
557873,640,1,2019-03-20 01:49:13,2019-03-20 01:58:36,0 days 00:09:23,133.30995396745578,32.6113107839976,10912.826366171299,229.4454213331509,True,242.6420175788439,-0.26648552637449757,-0.9638389202729402,511.48549103493957,119.28089687002043,2328.9105519678906,222.27669,0.00010643455,22944.54213331509,1.1116669789671945,0.3596068476321239,9.574319540950622e-05,20823278026750.527,1.0857303245068157e-05,57.044197,-9.341983,0.043203264,0.10190566,223.5808,55.283318,-9.629322,0.004762370037478263,0.02272483451078359,0.002449313356223496,1088.049729838968,975.1937,112.8560042530305,-267.61942,267.61942,45628.52416784757,16408.329738105847,1.3059496500821581e-06,0.0009701791357949224,32.332740826881924,0.8963447991890127,456365363.6955407,0.3960789534084026,9.113983439427912e-19,2.36221721809956e-05,-38.418484,10.570969,-27.847515,True,-3452793.853915973,1202,0.15638888888888888,904535.0219808377,3616407.6261675586,,
557874,641,1,2019-03-20 01:49:14,2019-03-20 01:58:36,0 days 00:09:22,133.3074572094871,32.610729273706376,10912.983755368636,229.43974170348184,True,242.84360578273265,-0.2664818022174408,-0.9638399499330503,510.03467721254356,119.04509223792746,2318.075041920505,222.27727,0.000106467814,22943.974170348185,1.111906649804956,0.3595969993638506,9.57524757086753e-05,20757119456343.195,1.0877667404512241e-05,57.047585,-9.327703,0.043565586,0.102094755,223.5812,55.28576,-9.615138,0.004763676086584496,0.022755011828220588,0.0024532165534344665,1088.0404457929953,975.2273,112.81315087112034,-267.678,267.678,45408.425583969,16328.733585831958,1.3060337996148398e-06,0.0009702611574247247,32.24779744763843,0.8961493908667745,457120439.4206368,0.3960440343717189,9.160114324355782e-19,2.3702491352150344e-05,-38.41927,10.574934,-27.844336,True,-3445458.732800811,1202,0.15611111111111112,904303.108358471,3616333.5635521025,,
557875,642,1,2019-03-20 01:49:15,2019-03-20 01:58:36,0 days 00:09:21,133.30495839055754,32.61014728835728,10913.105561485667,229.4353462217809,True,242.88406181277543,-0.2665663044819162,-0.9638165828179418,508.7622474682227,118.81047420730307,2309.0164443546105,222.27808,0.000106503365,22943.53462217809,1.1121437665687006,0.3595888115304096,9.576402620432926e-05,20703955842034.582,1.0898071969182461e-05,57.050648,-9.313465,0.04392995,0.10228415,223.58186,55.28787,-9.600995,0.004764859805205504,0.0227852681763121,0.0024592182012999806,1088.03115161902,975.26074,112.77040943151997,-267.73657,267.73657,45203.28811762049,16254.59665148184,1.305985024633265e-06,0.0009702174473375338,32.16352228411064,0.8959577943610926,458018801.37927544,0.39595946759351996,9.200582144856091e-19,2.3775585192434107e-05,-38.415234,10.576672,-27.838562,True,-3436679.467037519,1202,0.15583333333333332,904071.000501944,3616259.4460913436,,
557876,643,1,2019-03-20 01:49:16,2019-03-20 01:58:36,0 days 00:09:20,133.30245923212613,32.609565021465784,10913.216039922343,229.43135956843457,True,245.9744455778712,-0.2651399470311803,-0.9642099400484848,503.26711853499,118.60849329390156,2270.7439636264667,222.27898,0.00010653969,22943.135956843456,1.1123780623210302,0.35958111040241975,9.577650800014549e-05,18666409443407.105,1.078611379250118e-05,57.053608,-9.299241,0.044294484,0.102473654,223.58261,55.28987,-9.586866,0.004766040949636476,0.02281311810430222,0.002429425912978509,1088.021856272435,975.294,112.72784992477864,-267.79514,267.79514,44658.044641224,16058.189280492155,1.3417788622108894e-06,0.0010038426105248213,32.093436789624064,0.8972928919839893,417985372.92374146,0.40057027499661235,1.0171094149661976e-18,2.4066701817412748e-05,-38.855236,10.946056,-27.90918,True,-3451717.2457086067,1202,0.15555555555555556,903838.8592417995,3616185.3018330727,,
557877,644,1,2019-03-20 01:49:17,2019-03-20 01:58:36,0 days 00:09:19,133.2999272896157,32.60897850792083,10911.99714653026,229.4753468709079,True,242.78535016733804,-0.24487052883464383,-0.9695557870015743,502.05940169022455,121.94121432789913,1950.1471935902064,222.28876,0.00010665881,22947.534687090792,1.1124811428024812,0.3596342199469577,9.587471127326152e-05,645270537870.9546,1.0014464342223136e-05,57.04458,-9.286796,0.04475135,0.10266732,223.59245,55.279575,-9.574565,0.004765325613408322,0.022576759628757402,0.0019339549245427758,1088.0123947437578,975.3275,112.6848800953203,-267.85428,267.85428,46495.99490660334,16721.55085889401,4.072878917217226e-06,0.004530994002691741,33.570873397695344,1.0626225758994543,13877981.085620638,0.125629457884441,4.0627565600078394e-17,2.5708036441028507e-05,-11.693716,8.307572,-3.3861437,True,-412514.9153872019,1202,0.15527777777777776,903603.6546535576,3616110.567215385,,
557878,645,1,2019-03-20 01:49:18,2019-03-20 01:58:36,0 days 00:09:18,133.29741430284787,32.60844384671753,10911.865275162969,229.48010624092382,True,242.8897588976345,-0.24492754244193862,-0.969541385889923,502.4283754938925,122.0802642453388,1956.136787710702,222.2912,0.0001067084,22948.01062409238,1.1126836323427152,0.3596377158532274,9.59018342577427e-05,644129789964.5237,1.0031747060228633e-05,57.045265,-9.272939,0.04513097,0.10286324,223.59479,55.27927,-9.560814,0.004766108526790447,0.022579013143806427,0.00193616380942956,1088.0024167847916,975.35876,112.64365213635415,-267.9111,267.9111,46579.362091629104,16751.6953885339,4.080073657994161e-06,0.004544652439582796,33.65083752322171,1.0634096403103634,13828652.026135882,0.12609175318774735,4.082094041448999e-17,2.5703159046178172e-05,-11.737444,8.349647,-3.3877974,True,-413207.10624614306,1202,0.155,903369.9948414781,3616041.6654205946,,
557879,646,1,2019-03-20 01:49:19,2019-03-20 01:58:36,0 days 00:09:17,133.2949002878463,32.60790883106464,10911.715887488657,229.48549788860245,True,242.90523069697014,-0.24502499370206346,-0.969516762341582,502.89407682230814,122.22050304176298,1962.9807359655038,222.29376,0.00010675918,22948.549788860244,1.1128838527960134,0.3596420264364015,9.593020864684253e-05,643187452820.1903,1.0049079804155077e-05,57.045788,-9.259102,0.045511298,0.10305933,223.59723,55.2788,-9.547082,0.004767004288857493,0.022581180038755498,0.0019393150394097318,1087.992434019321,975.38995,112.60248040603983,-267.96793,267.96793,46671.478610038415,16785.02514409738,4.087121931190677e-06,0.004558046254334244,33.73143110377215,1.0641742263777736,13781167.25622336,0.126538613522637,4.1001733268133175e-17,2.5693290346437718e-05,-11.779746,8.390592,-3.3891544,True,-413794.55453760154,1202,0.15472222222222223,903136.2374952548,3615972.7261694167,,
557880,647,1,2019-03-20 01:49:20,2019-03-20 01:58:36,0 days 00:09:16,133.2923861915824,32.60737356845751,10911.56651975783,229.49088891904202,True,241.33964834615696,-0.24573663372684965,-0.9693366323649366,505.94929849090255,122.36195003795055,1982.9842598933744,222.29631,0.00010681002,22949.0888919042,1.1130867430680496,0.3596463579694304,9.595839495839179e-05,646472015161.2666,1.0069868427362277e-05,57.046307,-9.245265,0.045891028,0.10325549,223.59969,55.27832,-9.533349,0.004767668632478319,0.022583360153342027,0.0019567491448630662,1087.982451364508,975.42096,112.5614918918518,-268.0247,268.0247,46999.7295112891,16903.281544283484,4.092566222863318e-06,0.004568393632060136,33.81281588471009,1.0647988343987889,13754802.886812087,0.12698599215358106,4.0916591645704437e-17,2.5548230201277355e-05,-11.822295,8.429521,-3.3927746,True,-414065.5716730815,1202,0.15444444444444444,902902.4710851336,3615903.764997217,,
557881,648,1,2019-03-20 01:49:21,2019-03-20 01:58:36,0 days 00:09:15,133.28988879266046,32.60684021449533,10912.400124198586,229.46080349766677,True,235.40728210247903,-0.28896199215131657,-0.9573405700647718,520.7305278342819,119.5441268443115,2735.80702606959,222.29231,0.000106799744,22946.08034976668,1.1133883855661086,0.3596056817229072,9.59231702491846e-05,9720515603360.6,1.0493276370718841e-05,57.055702,-9.23007,0.046202693,0.10344939,223.59541,55.286953,-9.51822,0.004769925675476543,0.02280521469801709,0.002993629678560576,1087.972552920755,975.45166,112.5208927645051,-268.0811,268.0811,45769.78085220654,16459.073245665797,1.6661844648234664e-06,0.001318677301014043,32.59047225930541,0.9103696694052186,212378460.68673012,0.3286193693097728,2.010229856548468e-18,2.3802718455933266e-05,-31.706572,10.85296,-20.853611,True,-2556401.388474179,1202,0.15416666666666667,902670.2621027442,3615835.0848553893,,
557882,649,1,2019-03-20 01:49:22,2019-03-20 01:58:36,0 days 00:09:14,133.28748293128365,32.606228461208815,10912.405119745674,229.46062321418165,True,235.42434893783903,-0.2890555536273934,-0.9573123246449724,520.2507598176356,119.4737085084401,2733.509349117092,222.29391,0.000106843494,22946.062321418165,1.1136202065617709,0.35960280152178214,9.594248862018137e-05,9725195531970.898,1.0514224460218981e-05,57.057674,-9.216443,0.046558272,0.103627466,223.59688,55.28796,-9.504678,0.0047709687809413025,0.022822914554012023,0.0029990654327368233,1087.9642218452273,975.48474,112.47948063428976,-268.13913,268.13913,45696.348259472055,16432.534853421166,1.6661285506314603e-06,0.0013186178699304458,32.57735297528762,0.9102374156451833,212822159.8091273,0.32907528624746807,2.0132343606325813e-18,2.3834463984151968e-05,-31.75444,10.871273,-20.883167,True,-2557851.7245461727,1202,0.15388888888888888,902447.0011066453,3615758.0567455427,,
557883,650,1,2019-03-20 01:49:23,2019-03-20 01:58:36,0 days 00:09:13,133.28507698291043,32.605616465487614,10912.409840317385,229.46045285434369,True,235.2433746729816,-0.28926516866421115,-0.9572490074153461,520.1221976715227,119.40534954753207,2733.601416216849,222.29552,0.00010688732,22946.045285434368,1.113854790524762,0.3595999369141543,9.596162623460993e-05,9708687058505.004,1.0534781609429513e-05,57.05964,-9.202815,0.046913236,0.103805624,223.59834,55.28896,-9.491135,0.0047720118279806914,0.02284046435327331,0.0030072301919459327,1087.9558909155992,975.5177,112.43819072028668,-268.19708,268.19708,45653.40852847239,16416.962826754785,1.6676310318906835e-06,0.0013201127823782705,32.56510610936234,0.910172914227966,212660727.2368293,0.328743401092496,2.021052634735996e-18,2.3851413630178705e-05,-31.724886,10.872902,-20.851984,True,-2551442.3379234048,1202,0.15361111111111111,902223.7301804009,3615681.0067368634,,
557884,651,1,2019-03-20 01:49:24,2019-03-20 01:58:36,0 days 00:09:12,133.28267305978306,32.60500449687609,10912.532147489781,229.4560389691544,True,234.4979209886815,-0.2898748781274765,-0.9570645511304767,519.8927350070187,118.97683512229621,2734.339531382688,222.29634,0.00010692389,22945.60389691544,1.114099430119225,0.3595916988882215,9.597338481310508e-05,21013935614787.71,1.108542017521101e-05,57.062664,-9.189026,0.0472595,0.10398358,223.59901,55.291046,-9.477424,0.00477319579125151,0.022885459097707547,0.003028535269701226,1087.9475707468541,975.5505,112.39709467263538,-268.25497,268.25497,45441.65808287955,16340.443030320339,1.3092328127363451e-06,0.0009732114820841737,32.39548255142744,0.8946672676589507,462437694.86714333,0.39714062374725084,9.226280985153205e-19,2.3696164129399102e-05,-38.56676,10.664988,-27.901773,True,-3398305.9534502695,1202,0.15333333333333332,902000.6465399035,3615603.9727519117,,
557885,652,1,2019-03-20 01:49:25,2019-03-20 01:58:36,0 days 00:09:11,133.28027723297816,32.6043931819581,10912.728740681334,229.4489443553321,True,240.4804963531145,-0.2704773687604947,-0.9627263333826489,508.2501462286156,118.63642122971237,2370.308600368507,222.29666,0.00010695581,22944.89443553321,1.1143542490761706,0.35958005227880524,9.598008267264748e-05,20907276652646.25,1.110798413483046e-05,57.066353,-9.17517,0.047599066,0.10416083,223.59917,55.293816,-9.463642,0.004774510032449655,0.02292357173108132,0.0025747848127167516,1087.9392936860859,975.58307,112.35622483842963,-268.31265,268.31265,44954.35759251347,16164.6902532761,1.3076225727935226e-06,0.0009717083286235404,32.26401128229372,0.8949956280436364,465077865.0238808,0.4022278161230288,9.288996663213438e-19,2.3930192361277148e-05,-39.07071,10.789181,-28.281528,True,-3453323.4152367814,1202,0.15305555555555556,901778.3177071435,3615527.0473186476,,
557886,653,1,2019-03-20 01:49:26,2019-03-20 01:58:36,0 days 00:09:10,133.27780576442728,32.60380821943536,10912.915623413033,229.44220033522805,True,240.6810405563946,-0.27047081746320417,-0.9627281739415264,506.6585439164535,118.37085180750704,2358.0082334412855,222.29703,0.00010698786,22944.220033522804,1.1146058207252385,0.35956888909972234,9.598717461983445e-05,20832551855577.977,1.1128677618515883e-05,57.069942,-9.160978,0.047948424,0.10434823,223.59937,55.29648,-9.44953,0.004775822573975574,0.02295608991811115,0.0025791804031836,1087.930190533669,975.6148,112.31538340476277,-268.3704,268.3704,44712.408593275926,16077.191086857103,1.3076286869216714e-06,0.0009717184550566913,32.165289375093586,0.8947862486683494,465923275.23842853,0.40205662889108734,9.339446198474466e-19,2.4019472081777334e-05,-39.05803,10.78914,-28.26889,True,-3443789.3311130083,1202,0.1527777777777778,901548.7622594993,3615452.765451016,,
557887,654,1,2019-03-20 01:49:27,2019-03-20 01:58:36,0 days 00:09:09,133.27533224601837,32.60322278319259,10913.066670944103,229.43674961403576,True,240.6898805668943,-0.2705723654729836,-0.9626996390579745,505.29699544020025,118.10687605027914,2347.852828201888,222.29764,0.000107022235,22943.674961403576,1.1148525737617325,0.3595593565423394,9.59967601894595e-05,20773596666411.81,1.1149172611913083e-05,57.073208,-9.146829,0.048299816,0.1045359,223.59981,55.298805,-9.43546,0.0047771276041427765,0.022988722095485567,0.002586166872917352,1087.9210773278846,975.6465,112.27459295288463,-268.42813,268.42813,44489.83920455923,15996.737957063462,1.3074792640674085e-06,0.0009715816340542911,32.06750677871653,0.8945694422814002,466929012.0581728,0.4018186480471602,9.382702366557677e-19,2.4098951862309786e-05,-39.03886,10.786245,-28.252615,True,-3432671.9440967687,1202,0.1525,901319.0135929089,3615378.428869706,,
557888,655,1,2019-03-20 01:49:28,2019-03-20 01:58:36,0 days 00:09:08,133.27285872628198,32.602637105655965,10913.222920702603,229.43111127490818,True,243.77402495586327,-0.26907278580977284,-0.9631198450538584,499.57966516526903,117.82980028908308,2306.856048201967,222.2982,0.000107056345,22943.111127490818,1.1151003392954255,0.3595496180559005,9.600601944659568e-05,21181579583536.56,1.1172509040243802e-05,57.07651,-9.13267,0.048650242,0.104723655,223.60022,55.301178,-9.42138,0.0047783186382415015,0.023022374764561867,0.0025552423658227676,1087.9119647226853,975.6779,112.23404724221655,-268.4858,268.4858,43901.9350905531,15784.923993723305,1.2941729165486982e-06,0.0009591426108432271,31.963947037159343,0.8938386157105426,482474850.82028764,0.39798607215464515,9.196530081701076e-19,2.43815775964805e-05,-38.672775,10.599545,-28.07323,True,-3415523.3621869814,1202,0.15222222222222223,901089.2631061312,3615304.071131198,,
557889,656,1,2019-03-20 01:49:29,2019-03-20 01:58:36,0 days 00:09:07,133.27035246361163,32.60204721734056,10912.03628555445,229.47393431961947,True,244.33113242096002,-0.26724545863241717,-0.9636284890144899,505.7875328551653,121.07783685173298,2322.700633737896,222.30774,0.000107174485,22947.393431961947,1.1152163693391746,0.3596012961479236,9.610196508018454e-05,652585822469.2086,1.0253335369830483e-05,57.067627,-9.120319,0.049093008,0.10491543,223.60982,55.291046,-9.409157,0.004777609397162336,0.022788047013393604,0.002487205355266432,1087.9026854487297,975.70953,112.19315175732345,-268.54407,268.54407,45829.98469477001,16480.521898678795,4.069866664891554e-06,0.004525117629483577,33.40691818466719,1.056766763310853,14239276.465298053,0.1257868562747282,4.110364945734385e-17,2.5929815669059858e-05,-11.723944,8.3516,-3.372344,True,-416513.8417438109,1202,0.15194444444444444,900856.4526774134,3615229.127938826,,
557890,657,1,2019-03-20 01:49:30,2019-03-20 01:58:36,0 days 00:09:06,133.26783913364625,32.60145998899613,10911.914063406848,229.47834541491397,True,244.34673808249107,-0.26734301176824526,-0.96360142904558,506.1383991162645,121.19055564213633,2329.262282524297,222.31018,0.00010722644,22947.834541491397,1.1154394823729943,0.3596042683666516,9.612932291789788e-05,651869542838.4398,1.027246647962637e-05,57.0684,-9.106363,0.049465965,0.10510738,223.61215,55.290813,-9.395289,0.0047783951982236774,0.022792300472857217,0.0024908943580551866,1087.8933243208867,975.74097,112.15235752401168,-268.6023,268.6023,45898.89364791323,16505.43806909659,4.075939393448441e-06,0.004536634528789936,33.47539535961177,1.057387183592977,14202293.149784379,0.12622457385513702,4.12692780583338e-17,2.592518334715346e-05,-11.765541,8.390876,-3.3746653,True,-417124.29017182067,1202,0.15166666666666667,900622.9636226341,3615154.4590380634,,
557891,658,1,2019-03-20 01:49:31,2019-03-20 01:58:36,0 days 00:09:05,133.26532573021439,32.600872508783105,10911.792215694151,229.48274306489714,True,244.36405499613437,-0.267439721680627,-0.9635745924770893,506.4900804595026,121.30368076720576,2335.8713100128934,222.31262,0.00010727845,22948.274306489715,1.1156629449603128,0.35960719743862013,9.615668533765707e-05,651155836069.5701,1.0291614850581405e-05,57.069176,-9.092407,0.049838245,0.105299406,223.61447,55.29058,-9.38142,0.004779295832942978,0.022796523282389604,0.0024945848026565855,1087.8839633763237,975.7722,112.11174657944866,-268.66046,268.66046,45968.016627959034,16530.42963139224,4.082018117547755e-06,0.004548174946455905,33.5441333213192,1.0579997063565183,14165410.731980959,0.12665347244768496,4.143535951834003e-17,2.5920454812773112e-05,-11.806311,8.42965,-3.3766603,True,-417699.1313768962,1202,0.15138888888888888,900389.4659670948,3615079.7677138695,,
557892,659,1,2019-03-20 01:49:32,2019-03-20 01:58:36,0 days 00:09:04,133.2628122351514,32.60028477441178,10911.67016394295,229.48714814731997,True,243.49921891544656,-0.2679553505969024,-0.9634313312771653,508.34255889548734,121.41845167079673,2351.103897718574,222.31505,0.000107330554,22948.714814731997,1.1158896022090694,0.3596101821174136,9.618384619897074e-05,652790202664.2781,1.0312962675524995e-05,57.069942,-9.07845,0.050209887,0.10549151,223.61679,55.29034,-9.36755,0.00478008153201813,0.022800622144051257,0.00250811570744821,1087.8746025227827,975.80334,112.07125779622015,-268.7186,268.7186,46170.816579781815,16603.495758765035,4.087431331397113e-06,0.0045584581650715125,33.61368131814458,1.0585541266304408,14138589.070355205,0.12708402299528088,4.1456364751342335e-17,2.583967664656037e-05,-11.84732,8.46771,-3.37961,True,-418111.9152753254,1202,0.1511111111111111,900155.9580123083,3615005.053644009,,
557893,660,1,2019-03-20 01:49:33,2019-03-20 01:58:36,0 days 00:09:03,133.26030802894968,32.599697992154375,10912.147479096353,229.46992131519218,True,235.03588400690546,-0.2791876686954518,-0.9602365571297515,510.7068206007282,119.7277015287315,2532.04927618774,222.31349,0.00010734525,22946.99213151922,1.1161737133531826,0.35958569661714984,9.617253123244085e-05,2405326593071.848,1.0485584850063187e-05,57.076153,-9.063658,0.050540265,0.10568241,223.615,55.29569,-9.352819,0.004781917135365461,0.022940281452682128,0.0027905412010975593,1087.8652888672111,975.83417,112.03112138674237,-268.77652,268.77652,45311.972501524615,16293.537197057867,2.644389023841513e-06,0.0023598152252950894,32.884256900241716,0.9560693120626541,53083687.605762824,0.1886236650102267,9.152833920619055e-18,2.4753215296425485e-05,-17.91931,9.169846,-8.749464,True,-1050578.183857614,1202,0.15083333333333335,899923.3156326988,3614930.4860733743,,
557894,661,1,2019-03-20 01:49:34,2019-03-20 01:58:36,0 days 00:09:02,133.25789888846003,32.59910786345421,10912.112920668073,229.471168531951,True,235.05115242350215,-0.27928455338086994,-0.9602083827184847,510.5245886017618,119.72364739873078,2533.3588471299495,222.3153,0.0001073913,22947.1168531951,1.1164061667130012,0.35958472358978283,9.619375460834058e-05,2396379881638.4478,1.050503761312798e-05,57.077667,-9.050115,0.050890494,0.105864085,223.61671,55.29624,-9.339351,0.004782721237721717,0.02295281470366347,0.002795382699469463,1087.8566420655043,975.8646,111.99201804206677,-268.83313,268.83313,45289.19653393417,16285.30321725807,2.648865764769142e-06,0.0023648402474897826,32.89999478447084,0.956208170514955,52912837.16731196,0.1879925654058409,9.208034809661156e-18,2.477356469011599e-05,-17.859743,9.155075,-8.704668,True,-1044897.9845028878,1202,0.15055555555555555,899699.616328941,3614855.911108062,,
557895,662,1,2019-03-20 01:49:35,2019-03-20 01:58:36,0 days 00:09:01,133.25548967803462,32.598517491624676,10912.078103310558,229.47242509904024,True,233.9485197683691,-0.2800240779745567,-0.9599929769297793,512.0900823349608,119.72206359813269,2547.2070949471977,222.31714,0.000107437445,22947.242509904023,1.1166379812295082,0.35958372120927434,9.621510890120403e-05,2391231946672.7173,1.0525610393600246e-05,57.07917,-9.036571,0.051240116,0.106045835,223.61841,55.296787,-9.325881,0.004783755813798507,0.022965108196262837,0.002815447139388004,1087.8479955396463,975.895,111.95297600839626,-268.8897,268.8897,45413.953503456316,16330.118395597783,2.654925415033348e-06,0.0023716486674668527,32.91674505599054,0.9563882432200507,52654124.166721754,0.1870171886686544,9.251359386793157e-18,2.471273770984434e-05,-17.766853,9.128016,-8.638837,True,-1035287.6129112403,1202,0.1502777777777778,899475.9088014225,3614781.3142393096,,
557896,663,1,2019-03-20 01:49:36,2019-03-20 01:58:36,0 days 00:09:00,133.25309232851282,32.59792833485836,10912.58160774013,229.4542540413011,True,233.98489887691244,-0.28016273189239027,-0.9599525215647869,509.0372039477201,118.2509271144391,2523.142521368559,222.31537,0.0001074499,22945.42540413011,1.1169246995712188,0.3595581082866478,9.620156260122338e-05,21041620355949.11,1.1344558430338096e-05,57.08557,-9.022295,0.05155225,0.106226206,223.61642,55.30236,-9.311658,0.004785481591463565,0.023090076389309072,0.002835103072883992,1087.8394101725098,975.92505,111.91436134438482,-268.946,268.946,44539.01754846185,16014.364894670753,1.3099460114920758e-06,0.0009738479344909135,32.28750440907016,0.8936820912793302,472431174.150939,0.40701270225657016,9.429684621480459e-19,2.413399214038456e-05,-39.58442,10.9740095,-28.610409,True,-3404352.6022506887,1202,0.15,899253.3074240198,3614706.9022081136,,
557897,664,1,2019-03-20 01:49:37,2019-03-20 01:58:36,0 days 00:08:59,133.25069471824838,32.597338793548175,10912.77038352972,229.4474415797598,True,240.72363637914796,-0.2716233883238583,-0.9624036237023769,503.19826563205487,117.9354865580372,2359.0716251211006,222.3157,0.00010748206,22944.74415797598,1.1171799705601477,0.35954690485995633,9.62083674713726e-05,20955830903285.383,1.1365802454364483e-05,57.089104,-9.008484,0.051884413,0.10640691,223.6166,55.30499,-9.29791,0.004786795267837647,0.023126448660090847,0.0026366053439749655,1087.8308255819948,975.9551,111.87574745699476,-269.00232,269.00232,44189.70704367717,15888.272394222337,1.3090954598574972e-06,0.0009730558488780483,32.16606632294072,0.8936911250640397,474224255.0413971,0.4090134915493948,9.484165810065674e-19,2.4291791319945353e-05,-39.785343,11.02398,-28.761364,True,-3480481.7748492495,1202,0.14972222222222223,899030.6805409126,3614632.451809664,,
557898,665,1,2019-03-20 01:49:38,2019-03-20 01:58:36,0 days 00:08:58,133.24822177496583,32.59675075868072,10912.953867955406,229.44082022769834,True,240.74327277284246,-0.2717187183567042,-0.9623767131921834,501.65932432938195,117.63542518004408,2347.336829996956,222.31577,0.000107513224,22944.082022769835,1.1174630635026614,0.3595364190828635,9.621188169635944e-05,20886385492111.664,1.1390335327975888e-05,57.092316,-8.994425,0.052144557,0.10652873,223.61652,55.307274,-9.28375,0.004787875231855025,0.02316167689067723,0.0026460592864986487,1087.8217222589496,975.9677,111.8540098566059,-269.04987,269.04987,43939.38736371924,15797.809989446436,1.308993189962906e-06,0.0009729650655320832,32.05134448084044,0.8934830985286536,475345396.1298868,0.4087832959431812,9.535816466902236e-19,2.4382384400405724e-05,-39.765144,11.020989,-28.744156,True,-3468256.7746280786,1202,0.14944444444444444,898800.9669032109,3614557.8906673514,,
557899,666,1,2019-03-20 01:49:39,2019-03-20 01:58:36,0 days 00:08:57,133.24574871534696,32.59616246945771,10913.136990132964,229.4342121022515,True,240.79539946074354,-0.2717947457170811,-0.9623552442838285,500.09440595259974,117.33685904953322,2335.335073914942,222.3157,0.0001075437,22943.42121022515,1.1177562318664849,0.3595261741093397,9.621391497199122e-05,20813213939721.297,1.1416393435022355e-05,57.09541,-8.980421,0.052372377,0.10662549,223.61635,55.309437,-9.269578,0.004788724631289938,0.023196812371730467,0.002655901142668724,1087.812618935004,975.97345,111.83916922797266,-269.09357,269.09357,43688.48828235407,15707.155044775474,1.3090104737908533e-06,0.0009729862408571374,31.937228593540354,0.8933012120082625,476400414.8005237,0.4086470757084957,9.591041808170074e-19,2.4474973384886023e-05,-39.753464,11.0210085,-28.732456,True,-3456761.9980406184,1202,0.14916666666666667,898571.2406773882,3614483.3064826042,,
557900,667,1,2019-03-20 01:49:40,2019-03-20 01:58:36,0 days 00:08:56,133.24327519165013,32.595573888211916,10913.316211775182,229.42774488028806,True,243.89250739967574,-0.27025090044183014,-0.9627899307794925,494.28352671739066,117.02542254711118,2293.006091971743,222.31566,0.00010757445,22942.774488028805,1.118050576749725,0.35951610591408045,9.621608671928022e-05,21219445889265.72,1.1445380325997526e-05,57.09846,-8.966425,0.05260026,0.10672335,223.6162,55.311558,-9.255413,0.00478957244091248,0.02323309060384567,0.0026270556466499195,1087.8035137742445,975.979,111.8245098679945,-269.13718,269.13718,43085.328093685006,15489.869378272164,1.2956727753133634e-06,0.0009605162482747923,31.817600306738395,0.8925917474802308,492498185.0695444,0.4048254495987891,9.406018704741446e-19,2.477064693534624e-05,-39.385765,10.831296,-28.55447,True,-3439039.025355101,1202,0.14888888888888888,898341.4693584885,3614408.693769953,,
557901,668,1,2019-03-20 01:49:41,2019-03-20 01:58:36,0 days 00:08:55,133.2407687660815,32.59498112894877,10912.156924282872,229.4695804385234,True,243.8401956899408,-0.2687822716215692,-0.9632009605798517,500.9393759696262,120.19667015393682,2315.1743529344662,222.32455,0.000107689615,22946.95804385234,1.11821234367479,0.35956726845649034,9.630515681154879e-05,661228182395.2632,1.0517246051630725e-05,57.08928,-8.954233,0.05291722,0.10682494,223.62518,55.301132,-9.2431,0.00478863653860401,0.02299999461182472,0.0025698582140287634,1087.7942401296455,975.9843,111.80992616480171,-269.18112,269.18112,44996.885491060304,16179.407205070036,4.061487427052496e-06,0.004509078678493253,33.22864310259098,1.053320974372594,14694976.667365829,0.12773690915037403,4.154468253801344e-17,2.6296332919132028e-05,-11.92028,8.50143,-3.418851,True,-417377.1845345741,1202,0.1486111111111111,898108.6226758286,3614333.4995256816,,
557902,669,1,2019-03-20 01:49:42,2019-03-20 01:58:36,0 days 00:08:54,133.2382617964809,32.59439171056696,10912.173913899525,229.4689672844931,True,244.38201022860932,-0.2685862467405082,-0.9632556400363544,500.550566697206,120.2740035031409,2314.8896146243915,222.32559,0.000107730964,22946.89672844931,1.1184952346233696,0.3595646350229005,9.631776787105196e-05,659447932992.6508,1.054149545794696e-05,57.090843,-8.940308,0.05315779,0.10692716,223.62613,55.30172,-9.22901,0.004789335228297773,0.0230059607357205,0.002569891552530881,1087.784919324278,975.9893,111.79560047662176,-269.22485,269.22485,44990.84042249816,16177.115115889108,4.068068731434876e-06,0.00452157434521516,33.2800453154379,1.0539528724570435,14657381.964860711,0.12823722889302752,4.1800549762623645e-17,2.632849515401564e-05,-11.966998,8.545046,-3.4219522,True,-418364.3515580943,1202,0.14833333333333334,897875.7072337258,3614258.679790604,,
557903,670,1,2019-03-20 01:49:43,2019-03-20 01:58:36,0 days 00:08:53,133.23574913045866,32.59380141327825,10912.08431244895,229.47220100928362,True,244.394646691921,-0.2686845176709955,-0.9632282335790955,500.7449575583219,120.35219206258098,2320.105340834456,222.32736,0.000107779146,22947.220100928364,1.1187650426747577,0.3595668409633938,9.633760588994887e-05,658988199640.5289,1.0566549353492892e-05,57.09143,-8.926513,0.053405397,0.10703084,223.62782,55.301304,-9.215051,0.004789895806814002,0.023012196464297353,0.002576978954286296,1087.7755692384653,975.9941,111.78148964862157,-269.2686,269.2686,45031.85787344654,16191.962878267706,4.0734810551297735e-06,0.0045318403390018505,33.332361460639504,1.0544726720655881,14633822.159691695,0.12870410088423204,4.196874641645464e-17,2.6331837425936852e-05,-12.010714,8.584886,-3.425828,True,-419032.21213819674,1202,0.14805555555555555,897642.2576763672,3614183.7469380754,,
557904,671,1,2019-03-20 01:49:44,2019-03-20 01:58:36,0 days 00:08:52,133.23323642256253,32.59321086948552,10911.99518253965,229.47541775271438,True,243.80163881409547,-0.2690594041823059,-0.9631235834621964,502.0983627458529,120.43070049228687,2330.975254012684,222.32912,0.00010782737,22947.54177527144,1.119037046933336,0.3595690422687917,9.635728424471278e-05,660157205158.0302,1.0593502735526994e-05,57.092014,-8.912719,0.053652607,0.10713563,223.6295,55.300888,-9.201094,0.004790456361578492,0.023018362209126172,0.0025906071346757553,1087.766219475577,975.9988,111.76744017870192,-269.3122,269.3122,45176.75136029921,16244.161219438121,4.078907473630482e-06,0.004542142828745657,33.38480505691095,1.0549926572247492,14612763.983250208,0.12918582766612036,4.204103082617458e-17,2.6274117513041835e-05,-12.055824,8.625753,-3.4300709,True,-419665.1560776167,1202,0.14777777777777779,897408.8024365999,3614108.792373764,,
557905,672,1,2019-03-20 01:49:45,2019-03-20 01:58:36,0 days 00:08:51,133.23073010450554,32.59262093770546,10912.44424930934,229.4592110777,True,235.81155925338953,-0.2912535080287507,-0.9566459084012989,510.40598417424144,118.7910309276696,2698.594159857713,222.32729,0.00010784162,22945.92110777,1.1193611237067436,0.3595466186950787,9.63421141334733e-05,2473682283730.861,1.0777366195369108e-05,57.097523,-8.898168,0.05386469,0.107240826,223.62752,55.305523,-9.186359,0.0047917083568890465,0.02315611627520103,0.003141389248127399,1087.7569020176763,976.0032,111.75372818955134,-269.35562,269.35562,44499.04838477208,15999.482381893506,2.6278802411734047e-06,0.0023412299256947862,32.67631126675428,0.9526033792572106,55589554.687586844,0.19405932044117516,9.131546640285548e-18,2.5075631571258724e-05,-18.458115,9.4172325,-9.040882,True,-1088481.0517642393,1202,0.1475,897175.9419806643,3614033.935455341,,
557906,673,1,2019-03-20 01:49:46,2019-03-20 01:58:36,0 days 00:08:50,133.2283222424834,32.59200327437675,10912.447009329675,229.459111472321,True,235.98873663417353,-0.29123923561179194,-0.9566502535620105,510.04475157717013,118.7993193672193,2697.9643767921502,222.32845,0.00010788455,22945.911147232102,1.1196449671370656,0.35954457001124074,9.63560376093775e-05,2431791369891.512,1.0801102983960722e-05,57.098953,-8.88474,0.05409648,0.10733877,223.62859,55.305992,-9.172765,0.0047924031896283735,0.023167238951586875,0.003146567512165628,1087.7485750318929,976.009,111.73960286392412,-269.3991,269.3991,44468.04258661977,15988.243251047747,2.6442034370391233e-06,0.0023595636562129337,32.69656903519897,0.9533443180855186,54686269.69929248,0.19094635770873383,9.324236400605892e-18,2.511066456451732e-05,-18.156773,9.316856,-8.839916,True,-1064352.5481990727,1202,0.14722222222222223,896952.4513394869,3613956.3750280957,,
557907,674,1,2019-03-20 01:49:47,2019-03-20 01:58:36,0 days 00:08:49,133.22591257700083,32.59138517724217,10912.419598975659,229.46010067625733,True,234.89634354742236,-0.2920328983120748,-0.9564082738576916,511.574458820927,118.794257835971,2712.181871820192,222.32982,0.000107929474,22946.01006762573,1.1199237426522175,0.35954389731729813,9.637216375939967e-05,2434220748511.8677,1.082819280098179e-05,57.1001,-8.871349,0.054330014,0.107437946,223.62987,55.30617,-9.159209,0.004793092327396949,0.023179507969530343,0.0031712882339485437,1087.7402391768576,976.0146,111.72565177451384,-269.4425,269.4425,44584.540434413684,16030.09942788976,2.6478381208954897e-06,0.0023636437521100356,32.71109710342125,0.953424168453483,54597865.64566569,0.19056861545572878,9.34158234609662e-18,2.5051707263967486e-05,-18.120546,9.311197,-8.809349,True,-1058916.5520101374,1202,0.14694444444444443,896728.7902978119,3613878.7650564522,,
557908,675,1,2019-03-20 01:49:48,2019-03-20 01:58:36,0 days 00:08:48,133.22351469454122,32.590768266277124,10912.922165560125,229.4419642522702,True,234.78772865231457,-0.2922629466418605,-0.9563379998830001,508.8236767856465,117.37328953767323,2688.5112732106354,222.32767,0.00010794074,22944.19642522702,1.1202511393140862,0.35951897796514704,9.635405287192711e-05,21068548633855.77,1.1662923948699272e-05,57.10611,-8.857244,0.054528836,0.10753725,223.62755,55.311337,-9.144918,0.004794471700598706,0.023302278074822876,0.003197653321426494,1087.7319644275174,976.02,111.71194489626737,-269.4857,269.4857,43758.423380300825,15731.983651051947,1.313709847476298e-06,0.0009773629428651248,32.10235798306005,0.8923358437617485,481474125.58150834,0.4123084504287685,9.687974187716024e-19,2.4464788616955906e-05,-40.12598,11.178009,-28.947971,True,-3455035.888425587,1202,0.14666666666666667,896506.2281813168,3613801.336113019,,
557909,676,1,2019-03-20 01:49:49,2019-03-20 01:58:36,0 days 00:08:47,133.22111810909286,32.59015115373071,10913.148958122756,229.43378023213893,True,240.97610834766672,-0.2727525145276063,-0.9620842301061109,497.15466787459,117.0302025571725,2339.2424620723446,222.32733,0.000107969456,22943.378023213892,1.1205573155276765,0.3595066823104283,9.635335401042455e-05,20944116181850.074,1.1691331172976555e-05,57.10958,-8.8435545,0.054744698,0.10763776,223.62709,55.313904,-9.131054,0.004795444932795192,0.023340853587969265,0.0027361014647735117,1087.7236984875367,976.02527,111.6984299328492,-269.52875,269.52875,43267.85895961112,15555.084425245333,1.312417816107667e-06,0.0009761587109731362,31.967792516790592,0.8927050635817315,484057142.7719731,0.41788333018693535,9.766503793814493e-19,2.4719734729488724e-05,-40.676178,11.316879,-29.359299,True,-3514003.9701881343,1202,0.1463888888888889,896283.785948494,3613723.8949418217,,
557910,677,1,2019-03-20 01:49:50,2019-03-20 01:58:36,0 days 00:08:46,133.21864359221922,32.58956005521062,10913.322092668177,229.42753267047007,True,241.25313363866783,-0.2726978859561088,-0.9620997157234114,495.7603410285516,116.82374851656827,2329.0011981420917,222.32733,0.00010800101,22942.753267047006,1.1208542945310815,0.3594968928183761,9.635597781722826e-05,20881469920167.914,1.1717973003279168e-05,57.112537,-8.82959,0.054970257,0.10774664,223.62697,55.315937,-9.116913,0.004796407501300451,0.02336880518573265,0.002742144175316578,1087.7145941279516,976.02905,111.68554139357661,-269.5714,269.5714,43069.46666951788,15483.339443036291,1.312701672981831e-06,0.0009764294737043474,31.893250407001602,0.8925589669604078,484832330.9967205,0.4181586898102452,9.8184588306194e-19,2.4802528258516842e-05,-40.70469,11.329486,-29.375202,True,-3510067.509240891,1202,0.1461111111111111,896053.9042185249,3613649.0551895793,,
557911,678,1,2019-03-20 01:49:51,2019-03-20 01:58:36,0 days 00:08:45,133.2161662067948,32.58896839557809,10913.441998549864,229.42320594636175,True,241.26753701138705,-0.27279648332060064,-0.9620717637930724,494.66334464622923,116.61807823335758,2321.5498536372284,222.3277,0.000108036,22942.320594636174,1.1211436855395491,0.3594895190442808,9.636231556560598e-05,20840731342762.902,1.1744457990026222e-05,57.115,-8.815691,0.055199143,0.1078568,223.62723,55.317467,-9.102839,0.004797243194087173,0.023396902126751364,0.0027519055109419192,1087.7054753132209,976.0326,111.67288253978336,-269.61404,269.61404,42894.677595447996,15420.187018347087,1.3127556814122647e-06,0.0009764827987744793,31.819263201490422,0.8924117681873417,485858211.578551,0.41833570474661985,9.859817175969423e-19,2.4871822107873452e-05,-40.723625,11.3378,-29.385826,True,-3503769.373812198,1202,0.14583333333333334,895823.7526432504,3613574.148092948,,
557912,679,1,2019-03-20 01:49:52,2019-03-20 01:58:36,0 days 00:08:44,133.2136887618076,32.58837648669711,10913.562309814994,229.41886466066916,True,243.6929937039159,-0.2716036174717371,-0.9624092034972787,490.10694370208734,116.41301297176665,2290.482479218378,222.32805,0.00010807101,22941.886466066917,1.1214379074742309,0.35948216648401976,9.636825437066948e-05,20593107999185.168,1.1773192489264393e-05,57.11747,-8.801795,0.05542775,0.10796806,223.62747,55.318996,-9.088767,0.004798079746893791,0.023425055859207695,0.0027304932783088548,1087.6963567975986,976.0359,111.66046812572358,-269.6566,269.6566,42436.86836137269,15255.297377343408,1.314352009632679e-06,0.0009779819011635953,31.745611312958452,0.89234306787538,485264554.0152447,0.4191937101395566,1.0005775095815486e-18,2.5118250305777315e-05,-40.808754,11.37505,-29.433704,True,-3512148.0244766986,1202,0.14555555555555555,895593.5937573706,3613499.2187546394,,
557913,680,1,2019-03-20 01:49:53,2019-03-20 01:58:36,0 days 00:08:43,133.21118557380248,32.58778124692202,10912.4941808417,229.4574091220438,True,243.2216677869158,-0.24845659458561412,-0.9686430305364923,486.38682341631795,119.48239991246122,1941.0609695834103,222.3363,0.00010818217,22945.74091220438,1.1216262787201539,0.35952920508342534,9.645117129058579e-05,665019918932.053,1.082626273712529e-05,57.108997,-8.789508,0.0557317,0.10808258,223.63582,55.309307,-9.076346,0.004797162403818618,0.023196103475506047,0.0021549090361090086,1087.6871064134584,976.039,111.64810494861467,-269.69934,269.69934,43983.56183321537,15813.375022633607,4.061971246512085e-06,0.0045099463855486945,33.114859126642884,1.053994841616821,15119737.72051006,0.13237030653747883,4.2520124972429355e-17,2.688684619731556e-05,-12.361904,8.830879,-3.531025,True,-417480.2068565941,1202,0.14527777777777778,895361.0280337317,3613423.829477104,,
557914,681,1,2019-03-20 01:49:54,2019-03-20 01:58:36,0 days 00:08:42,133.20867103597334,32.587237781178295,10912.38530194015,229.46133841641222,True,243.23461531163463,-0.24855642311582446,-0.9686174190710527,486.7122836663498,119.59627842680023,1947.186998194992,222.33812,0.00010823013,22946.13384164122,1.1218890891029787,0.3595324130347166,9.64713290259284e-05,664282436698.6907,1.0850189936736985e-05,57.10928,-8.775842,0.05597603,0.10820252,223.63757,55.308617,-9.062514,0.004797602629515154,0.023199119163985912,0.002161585473106365,1087.6771411621612,976.0402,111.63691899419246,-269.74026,269.74026,44049.75259840466,15837.313845286706,4.068516200101928e-06,0.004522351056511564,33.18232608389737,1.0546888802290988,15080276.222090492,0.1329023351037527,4.27103133438543e-17,2.6883582620168632e-05,-12.411564,8.876646,-3.5349178,True,-418253.6760568972,1202,0.145,895127.1653459296,3613354.1495346413,,
557915,682,1,2019-03-20 01:49:55,2019-03-20 01:58:36,0 days 00:08:41,133.2061564460306,32.58669406814168,10912.276090287334,229.46527977406447,True,243.42084170484358,-0.24857221640267363,-0.9686133662265157,486.86285751582216,119.71258414666585,1951.8368609751249,222.33994,0.000108278175,22946.527977406447,1.1221532903244908,0.35953566183992147,9.649142904733491e-05,663055677875.0142,1.087402488673615e-05,57.109554,-8.762178,0.056220036,0.10832348,223.63931,55.30792,-9.048684,0.004798159312269661,0.02320194471024518,0.0021662490820618307,1087.6671762058854,976.0412,111.62597747541668,-269.78107,269.78107,44102.47133712436,15856.411220969174,4.07563947378859e-06,0.0045358708116826655,33.25094548737291,1.0554348489699878,15034433.621792763,0.13343931841396126,4.2936746176644775e-17,2.6890143823913904e-05,-12.461607,8.923606,-3.538001,True,-419077.1995992552,1202,0.14472222222222222,894893.2962611241,3613284.4477478894,,
557916,683,1,2019-03-20 01:49:56,2019-03-20 01:58:36,0 days 00:08:40,133.20363995685165,32.586149904275054,10912.131679194557,229.47049153437595,True,241.78328795531687,-0.2493719790749344,-0.9684077736430302,489.76999801091307,119.82870719502318,1971.625780251393,222.34198,0.00010832858,22947.049153437594,1.1224171716397484,0.359540527003436,9.651365389365166e-05,666794619205.0411,1.0902211554551043e-05,57.1095,-8.748559,0.056466013,0.108445585,223.64131,55.306885,-9.034898,0.004798477141958415,0.02320488784578537,0.0021896363954339443,1087.6572018111444,976.042,111.61520962364443,-269.82184,269.82184,44397.947370850685,15962.86139558647,4.080610149574591e-06,0.004545299189415295,33.31971065603591,1.0559839853872426,15018591.144211832,0.13396311094630345,4.284396481478952e-17,2.6740845616709425e-05,-12.510685,8.9667225,-3.5439625,True,-419445.9384528629,1202,0.14444444444444443,894659.2481225128,3613214.6946588606,,
557917,684,1,2019-03-20 01:49:57,2019-03-20 01:58:36,0 days 00:08:39,133.20114095909844,32.5856076659916,10913.027292349057,229.4381706251223,True,234.80564636034083,-0.2819015260617334,-0.9594433436134027,498.7019566810778,116.85149358938763,2485.074916668628,222.3371,0.00010831213,22943.81706251223,1.1227705951179603,0.35949778472765204,9.646862142518521e-05,21109675269542.168,1.1907762091419694e-05,57.11903,-8.733512,0.056646887,0.10856711,223.6362,55.31568,-9.019648,0.0048004010057044865,0.023449760371587625,0.0030031042535100215,1087.6473172152882,976.0427,111.60459260591324,-269.8623,269.8623,43022.5373327689,15466.506864493127,1.3145011289101563e-06,0.0009780912617092397,32.01893959915432,0.8919938589680301,490665511.10790944,0.42249007967346597,9.872909255890774e-19,2.4859719279699523e-05,-41.140068,11.476573,-29.663494,True,-3470223.162489688,1202,0.14416666666666667,894426.8323738007,3613145.2260868903,,
557918,685,1,2019-03-20 01:49:58,2019-03-20 01:58:36,0 days 00:08:38,133.1987365450732,32.58501238495165,10913.118502632604,229.43487923302968,True,234.82304216424728,-0.2819967468179493,-0.9594153609277336,497.7850181635854,116.68914368433114,2478.8034662110913,222.33765,0.000108348875,22943.487923302968,1.123058793082134,0.359491725454862,9.647658318614136e-05,21067067598119.516,1.1934522022611103e-05,57.121185,-8.720046,0.056868866,0.10867984,223.63664,55.316917,-9.006005,0.004801230195427877,0.023474202443916847,0.0030126016938855785,1087.6387098808354,976.04553,111.59317765427295,-269.90375,269.90375,42879.79093574172,15414.930030633544,1.3149064369452318e-06,0.0009784728511509095,31.963310324978316,0.8918771755787307,491305277.8100049,0.42292247798610416,9.915752621024884e-19,2.4918774576741496e-05,-41.183834,11.494034,-29.6898,True,-3467161.095141525,1202,0.1438888888888889,894203.5336201754,3613070.227985975,,
557919,686,1,2019-03-20 01:49:59,2019-03-20 01:58:36,0 days 00:08:37,133.19633203901907,32.584416858728446,10913.20957954194,229.4315926919955,True,234.9212457207841,-0.2820402543168341,-0.9594025718877845,496.77738247841904,116.52743891871208,2471.663155128377,222.33818,0.000108385684,22943.15926919955,1.1233495790864536,0.3594857178181787,9.648437686817772e-05,21033737597114.297,1.1961558744774802e-05,57.123337,-8.706583,0.05709059,0.10879364,223.63708,55.318153,-8.992366,0.004801944472998514,0.023498591526399874,0.0030208378964002537,1087.6301027014194,976.0483,111.5818238928257,-269.94507,269.94507,42730.71035344772,15361.080084289833,1.3150584152581891e-06,0.000978616929454622,31.90790093307941,0.891761595960778,492239361.88126564,0.4233006620397315,9.954112874151481e-19,2.4982204987544533e-05,-41.222393,11.50822,-29.714172,True,-3464425.787019036,1202,0.1436111111111111,893980.2245362633,3612995.207652683,,
557920,687,1,2019-03-20 01:50:00,2019-03-20 01:58:36,0 days 00:08:36,133.19392657538742,32.58382099151609,10913.283477103576,229.4289261015388,True,234.20406895986895,-0.28260999074482857,-0.9592348998713547,496.718404154712,116.36579889669851,2473.6853923012904,222.33882,0.000108423636,22942.89261015388,1.123640063833867,0.35948050556340944,9.649320901593669e-05,21018945039307.34,1.1988096652517866e-05,57.125324,-8.693143,0.05731316,0.10890858,223.63763,55.319218,-8.978749,0.004802655007836165,0.02352310873067751,0.0030419076514350153,1087.6214911178763,976.0507,111.57077090303255,-269.98633,269.98633,42653.2372613769,15333.00729463582,1.3155365118706388e-06,0.000979066115041427,31.852639539489967,0.8916493425501224,492786629.7815638,0.42365331095516123,9.98402577737511e-19,2.5002307771048622e-05,-41.25826,11.52413,-29.734129,True,-3455710.0573657253,1202,0.14333333333333334,893756.8242143996,3612920.151243565,,
557921,688,1,2019-03-20 01:50:01,2019-03-20 01:58:36,0 days 00:08:35,133.19152889129202,32.583225743756515,10913.510719968459,229.42072620939703,True,244.48877318123462,-0.2814183570331539,-0.9595851751276487,493.7122894962449,115.99421144297504,2435.946370973228,222.33846,0.000108451655,22942.072620939703,1.123940870063911,0.35946825160409895,9.64923139104347e-05,20872913269440.7,1.2014572949818053e-05,57.128723,-8.6795225,0.057525568,0.10902405,223.63715,55.321735,-8.964946,0.004803629079337668,0.023564282669069042,0.003022276599951621,1087.6129212333876,976.05304,111.55988168260637,-270.0274,270.0274,42293.758883035865,15203.263559450232,1.315834845893812e-06,0.0009793527994556466,31.70493428435669,0.8914786316250555,493522302.5970595,0.4236458502548535,1.0076402572188584e-18,2.5155095992760923e-05,-41.25878,11.529518,-29.729263,True,-3585070.665138617,1202,0.14305555555555555,893534.1493720277,3612845.197752784,,
557922,689,1,2019-03-20 01:50:02,2019-03-20 01:58:36,0 days 00:08:34,133.18902501901454,32.58260697532983,10913.617459446918,229.41687467550244,True,244.5066594947241,-0.281515144615147,-0.9595567848503354,492.7187493611168,115.81295284483909,2429.0370171899767,222.33893,0.00010848922,22941.687467550244,1.1242454402644468,0.3594614467905874,9.649958730952649e-05,20839826294819.77,1.2042469645927458e-05,57.131058,-8.665498,0.057754878,0.109146066,223.63751,55.32312,-8.950735,0.004804461935474364,0.02359085627696976,0.0030322866897254668,1087.6039344482513,976.05524,111.54869763184502,-270.0701,270.0701,42138.61463993927,15147.207384223595,1.315927705716801e-06,0.0009794420083178326,31.641566363503504,0.891342151657146,494554139.30641276,0.42394378944874683,1.0115850318432378e-18,2.522004982269943e-05,-41.289486,11.541317,-29.748169,True,-3580379.940823657,1202,0.14277777777777778,893301.5973724201,3612767.2457319433,,
557923,690,1,2019-03-20 01:50:03,2019-03-20 01:58:36,0 days 00:08:33,133.18652105493277,32.581987948816774,10913.724139555205,229.4130253362059,True,244.7582450424128,-0.28147595122306535,-0.959568282553707,491.40576174444544,115.6324848381591,2419.766738090057,222.33942,0.000108526845,22941.30253362059,1.1245488802209231,0.3594546234444472,9.65070055253075e-05,20786621014360.094,1.2070410345219648e-05,57.13339,-8.651476,0.057983913,0.10926925,223.63788,55.324505,-8.936526,0.004805410563975556,0.023617366468141266,0.0030389846211565834,1087.594947788392,976.0571,111.53781888214189,-270.1127,270.1127,41958.61084604325,15082.216661916575,1.3161795003179588e-06,0.0009796801597285927,31.57847733911828,0.8912039580372035,495407750.5242359,0.4243074978241456,1.0165606999909232e-18,2.530113521523837e-05,-41.326553,11.556,-29.770554,True,-3577197.6986135384,1202,0.1425,893069.0348902752,3612689.270496567,,
557924,691,1,2019-03-20 01:50:04,2019-03-20 01:58:36,0 days 00:08:32,133.18401450144245,32.58136837153875,10913.725822084216,229.41296462591544,True,247.0683649910256,-0.2802519211838262,-0.9599264871190786,487.70400124623364,115.71197329392633,2394.0562918173564,222.34059,0.00010857132,22941.296462591545,1.12484496412253,0.35945263629893087,9.652114414767273e-05,11094185917255.492,1.1581298783983824e-05,57.134743,-8.637596,0.058219098,0.1093938,223.63896,55.324886,-8.922462,0.004806106211595136,0.023622845899199274,0.003014071790656894,1087.5859482894552,976.0589,111.527049363674,-270.1552,270.1552,41691.911809942874,14986.267612426496,1.5969786927113992e-06,0.00124998070319593,31.62924437221114,0.9027478222173669,266099236.89346626,0.38674347348306665,1.921717748652284e-18,2.565077526214552e-05,-37.51159,12.421023,-25.090565,True,-3022837.827083528,1202,0.14222222222222222,892836.228527142,3612611.2303214795,,
557925,692,1,2019-03-20 01:50:05,2019-03-20 01:58:36,0 days 00:08:31,133.18148338579647,32.58074567138011,10912.682296434701,229.45062040952863,True,241.4282861386756,-0.2520892047467306,-0.9677040006376748,481.3357115266235,118.57795904838763,1974.444795472668,222.34871,0.00010868395,22945.062040952864,1.1250590327145982,0.3594985010012047,9.660288421624099e-05,670541683219.4547,1.1138727053069361e-05,57.126415,-8.625113,0.05851769,0.10952154,223.64717,55.315334,-8.909829,0.004805193591162435,0.02340645918815078,0.002311283291607452,1087.5768218404314,976.06036,111.51645807090017,-270.19794,270.19794,43076.407939989236,15485.904082942521,4.060967064252656e-06,0.004507964581909465,32.91119584226266,1.0511127812661787,15566332.36813994,0.13474914006625263,4.337503200473561e-17,2.7329213745653496e-05,-12.591305,9.012401,-3.5789042,True,-415655.4411452895,1202,0.14194444444444446,892601.1249343579,3612532.758495033,,
557926,693,1,2019-03-20 01:50:06,2019-03-20 01:58:36,0 days 00:08:30,133.17899000463632,32.58019832627136,10912.511552257736,229.45678221584342,True,241.44516139308016,-0.2521868089267629,-0.9676785692590987,482.0536930818971,118.78936304941179,1983.9803674802763,222.35092,0.00010873657,22945.67822158434,1.1253254237012562,0.35950459078488206,9.662677560557527e-05,669144930619.575,1.1162659901675824e-05,57.126057,-8.611673,0.058759786,0.10965263,223.64934,55.314007,-8.896219,0.004805506136318911,0.023401577142613927,0.002317201313451808,1087.5670160623297,976.0596,111.50744574982969,-270.23764,270.23764,43212.023995047326,15534.921003325993,4.0709853081051855e-06,0.004526958436740778,33.02176138260848,1.052271114038896,15485155.953265876,0.13546109489716127,4.36355875749524e-17,2.7305614841524207e-05,-12.657404,9.074922,-3.5824823,True,-416730.8236799205,1202,0.14166666666666666,892369.234854315,3612462.794768464,,
557927,694,1,2019-03-20 01:50:07,2019-03-20 01:58:36,0 days 00:08:29,133.1764965299618,32.5796507309792,10912.33981526402,229.46297998603376,True,241.4600648697662,-0.2522852701253806,-0.9676529039266941,482.7824119788242,119.00377178608223,1993.6421483777794,222.35315,0.00010878934,22946.297998603375,1.1255884940529826,0.3595106927892415,9.665107656536248e-05,667748967222.1445,1.1186274088431135e-05,57.125687,-8.598238,0.059001572,0.10978475,223.6515,55.31266,-8.882611,0.004805933347831513,0.023396577958397276,0.0023231601340302855,1087.5572103725328,976.05865,111.49855558737659,-270.27725,270.27725,43349.880384498545,15584.745529361824,4.081044533305233e-06,0.004546063711606745,33.133994356084564,1.0534321490316698,15403709.56734922,0.1361466864841801,4.3896525064300175e-17,2.7281516058157618e-05,-12.721008,9.135906,-3.585102,True,-417708.1725113322,1202,0.1413888888888889,892137.3344886457,3612392.8086288953,,
557928,695,1,2019-03-20 01:50:08,2019-03-20 01:58:36,0 days 00:08:28,133.17400298274833,32.57910288808548,10912.168028620365,229.46917968364,True,239.29591953557863,-0.2534040671154022,-0.9673605216098974,486.6280166684764,119.21853712419448,2022.2316574312774,222.35536,0.0001088422,22946.917968364,1.125856474011825,0.3595168196934592,9.667502214028191e-05,672415215396.1815,1.1214770721686373e-05,57.125305,-8.584805,0.05924299,0.109917894,223.65367,55.31131,-8.869004,0.0048062447727969014,0.023391479462261982,0.0023536440814228344,1087.5474048779452,976.05756,111.4898487256014,-270.31677,270.31677,43757.50979803677,15731.56076029556,4.087793148121996e-06,0.004558886276341528,33.24644915897271,1.0542732015154568,15366852.878505215,0.13678698904006545,4.375461253746689e-17,2.70784179149302e-05,-12.780783,9.189309,-3.5914736,True,-418005.5500188342,1202,0.1411111111111111,891905.4257947655,3612322.8004408535,,
557929,696,1,2019-03-20 01:50:09,2019-03-20 01:58:36,0 days 00:08:27,133.17153256605172,32.57855755235875,10913.140445248946,229.4340874228222,True,234.87713354339644,-0.28315241786008777,-0.9590749231733599,493.9070883408572,116.22681612590624,2474.5093938610657,222.34998,0.00010882023,22943.40874228222,1.1262113048221802,0.3594705514183923,9.662505869892464e-05,21125466051582.523,1.2238314646315486e-05,57.13554,-8.569833,0.059415635,0.110050075,223.64804,55.320847,-8.853819,0.004808300761041266,0.023640369569252775,0.003107863290744987,1087.5377196799768,976.05646,111.48126216044557,-270.35593,270.35593,42320.33990160071,15212.915920642197,1.3189346524544646e-06,0.0009822303761529677,31.935001706923757,0.8912138550032204,499179971.1604746,0.43254476928368435,1.0147303047895526e-18,2.5229863803498807e-05,-42.143303,11.809185,-30.334118,True,-3515600.4696160313,1202,0.14083333333333334,891675.6769847246,3612253.161544999,,
557930,697,1,2019-03-20 01:50:10,2019-03-20 01:58:36,0 days 00:08:26,133.16912853280206,32.577959447965235,10913.25741357312,229.42986660009316,True,234.89249129142175,-0.2832497863165276,-0.9590461712303749,492.85583209476505,116.03512161364192,2466.821641045601,222.35033,0.00010885585,22942.986660009316,1.12651095941344,0.3594633663614785,9.66309722410841e-05,21091220518685.89,1.2265496214057547e-05,57.137882,-8.556365,0.059632566,0.11017571,223.6483,55.322285,-8.840165,0.00480902010193006,0.023667230836099794,0.0031179069667127994,1087.5291219758915,976.05707,111.47205410479773,-270.39624,270.39624,42156.79816791648,15153.824584460668,1.3189122652472643e-06,0.000982212011001178,31.865913299502143,0.8910792573401317,500304136.82454205,0.4327361762116126,1.0186131904822493e-18,2.529783207909924e-05,-42.163418,11.817258,-30.34616,True,-3509661.891023316,1202,0.14055555555555554,891452.3930623296,3612177.9169707275,,
557931,698,1,2019-03-20 01:50:11,2019-03-20 01:58:36,0 days 00:08:25,133.1667244304806,32.57736109878722,10913.374730745258,229.4256332522806,True,234.95139477615496,-0.283318748049602,-0.9590258010103828,491.75461126604523,115.84355287521288,2458.6562128513656,222.3507,0.00010889148,22942.56332522806,1.1268063016469603,0.35945616170356265,9.663726538770331e-05,21052661691761.035,1.2292324004051016e-05,57.140224,-8.542899,0.05984922,0.11030241,223.64854,55.323727,-8.826512,0.0048099718401516615,0.02369408518839673,0.003127269319216564,1087.520524570727,976.0576,111.46290738322705,-270.43646,270.43646,41989.90295961557,15093.529348168477,1.3189245394288822e-06,0.000982226179636244,31.796819603594777,0.890926189108822,501374383.0751111,0.43292798547419603,1.0226956092558641e-18,2.536819203825284e-05,-42.183556,11.825593,-30.357964,True,-3504111.8298489912,1202,0.14027777777777778,891229.1009417435,3612102.650292761,,
557932,699,1,2019-03-20 01:50:12,2019-03-20 01:58:36,0 days 00:08:24,133.16431979237382,32.57676245383867,10913.483227874578,229.4217182288263,True,234.2413643739895,-0.28389316367771666,-0.95885591806958,491.54525263084486,115.65219665955426,2459.0992710046016,222.3511,0.00010892772,22942.171822882632,1.127105006300659,0.35944934581287946,9.664380918259643e-05,21083539002214.86,1.2318893308709624e-05,57.14248,-8.529446,0.060066164,0.11043024,223.64886,55.32508,-8.812872,0.004810688963859491,0.023720980727281602,0.0031490392821781443,1087.51192499259,976.058,111.45394159415241,-270.47662,270.47662,41889.85027509218,15057.279277581354,1.3181725017565396e-06,0.0009815227391641776,31.727833129619963,0.8907536874961867,503309008.3578357,0.43278732494307026,1.023236237994492e-18,2.5396456753644088e-05,-42.171345,11.819464,-30.351881,True,-3491287.387493481,1202,0.14,891005.756988376,3612027.3541339803,,
557933,700,1,2019-03-20 01:50:13,2019-03-20 01:58:36,0 days 00:08:23,133.16192286307404,32.57616440839428,10913.746396303155,229.4122222523651,True,243.58170786408357,-0.27233092528216757,-0.96220365159095,483.80562172680374,115.25331633415344,2254.2243946974427,222.3505,0.000108953776,22941.22222523651,1.1274134116294972,0.35943545778512337,9.664048275282712e-05,20937006660947.004,1.2345925441417473e-05,57.146168,-8.515812,0.06027332,0.11055859,223.64812,55.327904,-8.799046,0.0048117863913955715,0.023764708645027915,0.002875244436349246,1087.503366971982,976.0581,111.4452615032319,-270.51657,270.51657,41440.32226266065,14895.12120324247,1.3174426484763025e-06,0.0009808462947090248,31.567439423353004,0.8908448300580594,505232718.22651976,0.43571522913657085,1.032478764827344e-18,2.562865364899897e-05,-42.460968,11.893777,-30.567192,True,-3598708.298058659,1202,0.13972222222222222,890783.1320068643,3611952.1582049252,,
557934,701,1,2019-03-20 01:50:14,2019-03-20 01:58:36,0 days 00:08:22,133.1594216699889,32.575567841755436,10913.927172131265,229.40569945444062,True,243.60471930206427,-0.272426546533146,-0.9621765829326878,482.37911676269647,114.97651706269451,2243.741166079605,222.35043,0.0001089859,22940.569945444062,1.127722357841667,0.359425348069209,9.664249268174456e-05,20873972342937.074,1.2372833230737238e-05,57.149105,-8.501769,0.060494248,0.11069542,223.64795,55.329933,-8.784807,0.004812635510708958,0.023798971476568773,0.002886008877763912,1087.4940961009463,976.0574,111.43672305407131,-270.55722,270.55722,41215.548837256334,14813.91298669434,1.317322066158799e-06,0.0009807383733603803,31.4612870857848,0.8906643701266151,506458677.1696288,0.43553292203483696,1.037805275126227e-18,2.5720964532393036e-05,-42.444347,11.891466,-30.552881,True,-3586712.7121596704,1202,0.13944444444444445,890550.7006669308,3611876.7480519754,,
557935,702,1,2019-03-20 01:50:15,2019-03-20 01:58:36,0 days 00:08:21,133.15692032762217,32.57497100927735,10914.106825811334,229.3992172949181,True,245.8885441280322,-0.27129448420352265,-0.9624963910793353,477.8409780490583,114.70246925043249,2212.202039583341,222.35039,0.00010901814,22939.92172949181,1.1280309959520927,0.3594152580242769,9.66446311086752e-05,20618583506817.38,1.2401256834396787e-05,57.15203,-8.48773,0.060715012,0.110833384,223.64778,55.331947,-8.770572,0.004813599295723634,0.02383315709267811,0.0028666169380189813,1087.4848250884747,976.05634,111.42848963925599,-270.5978,270.5978,40741.5034853888,14643.117987497992,1.3186438012996611e-06,0.0009819833441977908,31.356466003840243,0.8905472510706658,506083029.4152463,0.43598681663957445,1.0533238666086403e-18,2.5983221397841648e-05,-42.48957,11.9167185,-30.572853,True,-3588654.782982146,1202,0.13916666666666666,890318.2535904793,3611801.313594273,,
557936,703,1,2019-03-20 01:50:16,2019-03-20 01:58:36,0 days 00:08:20,133.15439473112428,32.57437108885,10913.146820610022,229.43385736516663,True,244.75531903306086,-0.2719670704736386,-0.962306558523835,483.22350408471186,117.50236718383393,2259.905784130845,222.35791,0.00010912573,22943.385736516662,1.1282575762638838,0.3594573652627476,9.672058168626862e-05,679407551319.867,1.1426626266870579e-05,57.144337,-8.475214,0.061001927,0.11097453,223.65538,55.323074,-8.757897,0.0048128197480130554,0.023617297364859527,0.0028613307581146132,1087.4754285232927,976.05505,111.42037481235525,-270.63855,270.63855,42273.82202147812,15195.636683426841,4.052125335321288e-06,0.004491178807675438,32.60794498997957,1.04520007020428,16071590.379849719,0.1349155129504084,4.384241119559056e-17,2.762147404148141e-05,-12.612495,9.036777,-3.5757189,True,-422642.1107020647,1202,0.1388888888888889,890083.5379820443,3611725.453067321,,
557937,704,1,2019-03-20 01:50:17,2019-03-20 01:58:36,0 days 00:08:19,133.151881267853,32.573772448464,10913.086176925683,229.43604572624798,True,243.66904168865548,-0.2850773698557924,-0.9585045086988918,488.86041568432637,117.5250692961174,2472.434966882562,222.35945,0.0001091741,22943.604572624798,1.1285533491967281,0.35945830793867434,9.67380936950021e-05,678397096764.3745,1.1454098981310496e-05,57.14501,-8.461463,0.06123651,0.11111561,223.65686,55.322784,-8.743957,0.0048132708291899464,0.0236273084705451,0.0031866777875155165,1087.4660943574186,976.0536,111.41250549023107,-270.67908,270.67908,42365.37063576491,15228.584443926855,4.0603130036158435e-06,0.004506688085621248,32.634373761874734,1.0439894224165736,16013009.8376071,0.13415079932147528,4.407632517539892e-17,2.7556363897232383e-05,-12.539781,9.001196,-3.5385847,True,-421261.35560390534,1202,0.1386111111111111,889849.9540345066,3611649.7850101218,,
557938,705,1,2019-03-20 01:50:18,2019-03-20 01:58:36,0 days 00:08:18,133.14938886413415,32.57314773690359,10912.945991631805,229.44110445524603,True,243.6873138505891,-0.2851725209808992,-0.9584762038138447,489.4311768898884,117.70086799155528,2481.7889936333527,222.36156,0.000109228786,22944.110445524602,1.1288467018231636,0.3594628236393214,9.676139865175477e-05,677273298888.3878,1.1480235800755785e-05,57.144966,-8.447897,0.061473597,0.111254886,223.6589,55.321747,-8.730201,0.004813704739981404,0.02362527976797956,0.003193035588645443,1087.4572183437635,976.0529,111.4043008632948,-270.72018,270.72018,42471.90570909881,15267.071151535674,4.069067363308248e-06,0.004523281802408678,32.7292679215053,1.044935258983553,15946383.558279907,0.13481378635578992,4.4318139087233255e-17,2.7539374217062616e-05,-12.601431,9.058968,-3.5424633,True,-422261.43674546137,1202,0.13833333333333334,889618.4591131276,3611571.3067843677,,
557939,706,1,2019-03-20 01:50:19,2019-03-20 01:58:36,0 days 00:08:17,133.14689636449714,32.57252276997985,10912.804878627197,229.44619675284403,True,243.74347377121381,-0.2852432889284054,-0.9584551455969685,489.968428795303,117.87943880645828,2490.845479891199,222.36368,0.000109283625,22944.619675284404,1.1291417903000636,0.35946736984659494,9.678467802996313e-05,676046445301.4719,1.1506464421039394e-05,57.144905,-8.434334,0.061710343,0.11139533,223.66095,55.320698,-8.716447,0.004814254216974234,0.023622994670312487,0.0031987617801887466,1087.4483424070872,976.052,111.39634045396224,-270.7612,270.7612,42577.11920873428,15305.085057608647,4.078004706139667e-06,0.004540248928960882,32.82547892716256,1.0458958358215442,15878163.151131831,0.1354659028564684,4.4569595861094447e-17,2.752405973872627e-05,-12.662023,9.11639,-3.5456324,True,-423210.59831307904,1202,0.13805555555555554,889386.9532781921,3611492.805581786,,
557940,707,1,2019-03-20 01:50:20,2019-03-20 01:58:36,0 days 00:08:16,133.14440336264568,32.57189750391496,10912.655562426635,229.45158517607032,True,241.61650988999696,-0.28664433982484705,-0.958037067365547,493.6373443720921,118.05638985489877,2523.207148055785,222.36584,0.00010933909,22945.158517607033,1.1294356993848467,0.3594723138983859,9.680860035574656e-05,680909823706.2787,1.1537098153988662e-05,57.14476,-8.420783,0.061947174,0.11153697,223.66306,55.31956,-8.702705,0.004814686622517002,0.023620907908123726,0.003237002474908404,1087.439464384876,976.0509,111.38856106456342,-270.80212,270.80212,42937.31575890084,15434.776248437714,4.083348623622832e-06,0.004550390973078057,32.92119440012553,1.0464903782112898,15858229.879335834,0.13604169706030603,4.4410596090042995e-17,2.734201954529811e-05,-12.7158985,9.163777,-3.5521212,True,-423435.2681474051,1202,0.13777777777777778,889155.398537981,3611414.275055318,,
557941,708,1,2019-03-20 01:50:21,2019-03-20 01:58:36,0 days 00:08:15,133.14193322870767,32.57127465466619,10913.596565565658,229.41762859573072,True,235.37683527350922,-0.28413164583436,-0.9587852772312776,486.64193052991817,115.29533139458835,2438.974621723124,222.36076,0.000109322056,22941.76285957307,1.1298071346023675,0.35942732006947226,9.676169753606796e-05,13470366369045.25,1.2124070514081995e-05,57.154793,-8.405785,0.06212137,0.11167784,223.65773,55.328865,-8.687476,0.004816735982697651,0.02385595393828634,0.0032115897213714976,1087.430706218861,976.04974,111.38096256651716,-270.84265,270.84265,41316.3190042341,14850.21381482727,1.515355754319801e-06,0.0011699779849475556,31.711751635877214,0.8980842494385628,326030166.61926746,0.4319783333432774,1.6342749823608686e-18,2.5849913555298968e-05,-42.006207,13.279461,-28.726746,True,-3288914.702240768,1202,0.1375,888925.9792020468,3611336.102227462,,
557942,709,1,2019-03-20 01:50:22,2019-03-20 01:58:36,0 days 00:08:14,133.13952500387842,32.57067320496597,10913.648978933816,229.41573735213285,True,235.3921642127144,-0.28422928260472896,-0.9587563376113876,486.0211184168052,115.19976617633765,2435.777086686946,222.36156,0.00010936252,22941.573735213286,1.130103824369747,0.3594230812813239,9.677209781479085e-05,13476912669845.64,1.215150500308255e-05,57.156483,-8.392422,0.062338766,0.11181699,223.65842,55.329647,-8.673921,0.00481755790583037,0.02387514305102927,0.0032207904368564276,1087.4220940684386,976.0482,111.37387629500108,-270.8819,270.8819,41224.902592346465,14817.181515263603,1.5151272320231511e-06,0.0011697557513183226,31.68466922123284,0.8979583691682362,326911934.8349333,0.4326034569521067,1.6370940072988275e-18,2.589433810638312e-05,-42.06877,13.299515,-28.769257,True,-3289802.5339551363,1202,0.13722222222222222,888702.2819227746,3611260.536491983,,
557943,710,1,2019-03-20 01:50:23,2019-03-20 01:58:36,0 days 00:08:13,133.1371167110624,32.57007150941357,10913.701227127136,229.41385208114156,True,235.48880650037734,-0.2842675189601958,-0.9587450013763903,485.3525837362562,115.10569537092012,2431.658067541136,222.36234,0.00010940302,22941.385208114156,1.1304029923759085,0.3594188738763697,9.678231907266154e-05,13434779918337.504,1.2176573269351518e-05,57.158165,-8.379062,0.06255588,0.11195723,223.65912,55.33042,-8.660367,0.004818148363555963,0.023894222096287256,0.003228528198302371,1087.413482225759,976.04645,111.36703447185278,-270.92105,270.92105,41131.73788141689,14783.522909916877,1.5166015931649901e-06,0.0011711902366680872,31.658222115145673,0.8979257150984477,326628064.12581146,0.43272382526821335,1.6460129937344206e-18,2.594176945850842e-05,-42.080933,13.31708,-28.763853,True,-3286020.728838983,1202,0.13694444444444445,888478.5765213702,3611184.9485575133,,
557944,711,1,2019-03-20 01:50:24,2019-03-20 01:58:36,0 days 00:08:12,133.1347074742127,32.56946948586093,10913.773486268672,229.41124477599558,True,234.5950295381454,-0.2849769204201498,-0.9585343785320627,485.4635930472853,114.83843981466332,2435.6396194482218,222.36299,0.00010944226,22941.12447759956,1.1307031817894342,0.3594137332655594,9.679132781339498e-05,21089767166992.934,1.2657764769384469e-05,57.16003,-8.365671,0.06277169,0.112098604,223.65967,55.331383,-8.646781,0.0048189743912607245,0.023927805964863744,0.0032548475872480726,1087.4048658751058,976.04456,111.36031021104327,-270.9601,270.9601,41024.40317133488,14744.733898800925,1.3207524040465822e-06,0.000983931105060807,31.555672886531195,0.8898025911376447,514078585.83373755,0.4416782762645256,1.0514898818940373e-18,2.5849619009280922e-05,-43.05894,12.109334,-30.949608,True,-3521252.2453649677,1202,0.13666666666666666,888254.7810280931,3611109.326104416,,
557945,712,1,2019-03-20 01:50:25,2019-03-20 01:58:36,0 days 00:08:11,133.13230792582385,32.56886825098398,10914.005878139082,229.40285961181962,True,244.06940174983342,-0.2733384438696499,-0.9619179253465018,477.6638128429775,114.43791600122778,2234.5154743762314,222.36258,0.00010947075,22940.285961181962,1.1310157661571354,0.35940125624997865,9.678976277602154e-05,20932216692130.004,1.2685394237471354e-05,57.163387,-8.352104,0.06297765,0.11224037,223.65913,55.333878,-8.633013,0.0048199494048216706,0.02397219600779677,0.002977040721748893,1087.3963019940309,976.04254,111.35376049012461,-270.99896,270.99896,40571.50951759964,14581.451488583276,1.3201112123093558e-06,0.0009833364776824331,31.39407567488579,0.8899075932778076,515933889.1014088,0.4446988967754145,1.0615534903659456e-18,2.6094741881170254e-05,-43.35756,12.186792,-31.170767,True,-3630314.0019159713,1202,0.1363888888888889,888031.8897639345,3611033.8319206247,,
557946,713,1,2019-03-20 01:50:26,2019-03-20 01:58:36,0 days 00:08:10,133.12980267264072,32.56826827839991,10914.125669830955,229.39853738456404,True,244.08535233007387,-0.27343848493905426,-0.961889492069767,476.6503073020821,114.25184151872202,2228.004467341042,222.36292,0.00010950746,22939.853738456404,1.1313251798754453,0.35939393483647475,9.679574372813562e-05,20898121458794.793,1.2712829622193937e-05,57.165707,-8.338162,0.06319883,0.11239099,223.65938,55.335285,-8.618869,0.004820669326318523,0.02399922281274018,0.002987222568471617,1087.387017256469,976.0395,111.34752751037536,-271.0385,271.0385,40415.55938108285,14525.106914584565,1.3200755587485367e-06,0.0009833056220731275,31.32734539691506,0.8897738089440259,517081089.0366272,0.44487196895773556,1.0655586724902024e-18,2.6164770120275516e-05,-43.37567,12.194296,-31.181376,True,-3624100.798470917,1202,0.1361111111111111,887799.0570443387,3610958.097021688,,
557947,714,1,2019-03-20 01:50:27,2019-03-20 01:58:36,0 days 00:08:09,133.12729734655545,32.56766804701325,10914.245670107024,229.39420769745595,True,246.4461935940897,-0.2722349336239346,-0.9622308147813454,472.4915367077428,114.06652455782711,2199.682408985772,222.36325,0.0001095442,22939.420769745597,1.1316372929467122,0.3593866237520514,9.680150979220415e-05,20664432923968.566,1.2742058099058409e-05,57.168022,-8.3242235,0.06341972,0.11254275,223.6596,55.336685,-8.604726,0.004821505844240335,0.02402628688863661,0.002965147800651965,1087.377732786467,976.03625,111.34147790365455,-271.07797,271.07797,40009.4716964007,14378.868951072707,1.3215825325661936e-06,0.0009847229435730291,31.26101518228781,0.889707541038499,516488522.5372162,0.445735871641998,1.0803878204932596e-18,2.6411030297333817e-05,-43.460968,12.231874,-31.229094,True,-3632825.120461544,1202,0.13583333333333333,887566.2157027794,3610882.3388991314,,
557948,715,1,2019-03-20 01:50:28,2019-03-20 01:58:36,0 days 00:08:08,133.12476692979948,32.56706468242465,10913.21282927257,229.43147542507253,True,245.25455662823745,-0.2729576913989708,-0.9620260384761652,478.1427881449596,116.89997319049782,2250.8070041555397,222.37125,0.000109658475,22943.147542507253,1.1318752942589891,0.35943207621914336,9.688211699724715e-05,682469900680.7217,1.1746986168822214e-05,57.15953,-8.31181,0.06370438,0.11269776,223.6677,55.327003,-8.592146,0.0048205947180809975,0.023804583740894166,0.002959916876112912,1087.3683174784408,976.03265,111.33566366984701,-271.1176,271.1176,41559.40190610193,14937.78211353604,4.060289906854716e-06,0.004506565817357685,32.530400840682034,1.0439429444560187,16421552.509891115,0.13797838814931543,4.492937487945474e-17,2.804725540520223e-05,-12.904138,9.275488,-3.6286497,True,-425258.6762571426,1202,0.13555555555555557,887331.0271404877,3610806.147305686,,
557949,716,1,2019-03-20 01:50:29,2019-03-20 01:58:36,0 days 00:08:07,133.12224927936353,32.56646263614064,10913.083706368481,229.4361348780371,True,240.823821090029,-0.2785949299715152,-0.9604086968547123,480.795805954168,116.99369535733128,2343.700345624974,222.37325,0.000109712244,22943.613487803712,1.1321709459543652,0.3594361423879936,9.69043097276972e-05,681767922408.5345,1.1773928688049948e-05,57.159496,-8.298167,0.06393885,0.11285271,223.66963,55.326,-8.578306,0.004821031022446505,0.023808815683246512,0.0031032871047410727,1087.358968432723,976.02893,111.33003776866053,-271.15698,271.15698,41652.202867581975,14971.30712068579,4.067824465691546e-06,0.004520843236978482,32.588375401271854,1.0438785699369753,16368112.019812437,0.13799529034062485,4.5138356333708753e-17,2.8006459076107382e-05,-12.905032,9.289821,-3.6152115,True,-418347.9729160566,1202,0.13527777777777777,887097.0296597212,3610730.1544294837,,
557950,717,1,2019-03-20 01:50:30,2019-03-20 01:58:36,0 days 00:08:06,133.11978128527704,32.56585925830154,10912.94728624105,229.44105773754058,True,240.84173783650164,-0.27869108263302766,-0.9603807997147961,481.35372950335125,117.1732662975139,2352.740652912126,222.37529,0.00010976627,22944.105773754058,1.1324660295102114,0.3594405551464625,9.692676436768763e-05,680626428901.2627,1.1799665553105751e-05,57.15938,-8.284791,0.064168945,0.11300511,223.6716,55.324924,-8.564734,0.004821581754606257,0.023805930705241136,0.0031095790470054637,1087.3499637656207,976.0255,111.32445107030821,-271.19595,271.19595,41758.49772356295,15009.697603839757,4.0765392571631685e-06,0.004537383946325658,32.68452952273751,1.0448210869994103,16299111.941405104,0.13865029750299715,4.538201565999724e-17,2.7989236127106114e-05,-12.965878,9.347388,-3.6184893,True,-419259.01056692563,1202,0.135,886867.7013731223,3610654.200524058,,
557951,718,1,2019-03-20 01:50:31,2019-03-20 01:58:36,0 days 00:08:05,133.11731319588364,32.56525562732049,10912.809894802785,229.44601573423176,True,240.89645207461837,-0.27876405315178726,-0.9603596215326776,481.8798108665773,117.35564840688832,2361.505838484657,222.37733,0.000109820445,22944.601573423177,1.1327604303526504,0.359445022869057,9.694940062741511e-05,679383558211.8344,1.1825253383843532e-05,57.159252,-8.271419,0.06439871,0.11315863,223.67358,55.323833,-8.551166,0.004822016617612519,0.02380283541364553,0.0031152793284478977,1087.3409592090297,976.02185,111.31910862309223,-271.2348,271.2348,41863.57946890952,15047.655279582767,4.085408020820062e-06,0.004554242964812995,32.782093777348244,1.0457963036427316,16228510.959422057,0.13928914409906004,4.5634213621359726e-17,2.797399224444547e-05,-13.025168,9.404223,-3.620945,True,-420111.0220718966,1202,0.13472222222222222,886638.3623511562,3610578.223775193,,
557952,719,1,2019-03-20 01:50:32,2019-03-20 01:58:36,0 days 00:08:04,133.11484461689645,32.564651701134885,10912.664438415059,229.4512648624694,True,238.5460379924452,-0.2802824852621265,-0.9599175633643161,485.7725423528197,117.53587352411391,2394.987169873137,222.37943,0.000109875255,22945.12648624694,1.1330585426153503,0.3594498586011202,9.697226615690436e-05,684973363353.6937,1.1856279904216995e-05,57.159042,-8.258057,0.06462855,0.1133133,223.67563,55.32266,-8.537607,0.004822333553617,0.02379998595292244,0.003156531241965682,1087.3319526548935,976.018,111.31394728379973,-271.27356,271.27356,42242.57507660859,15184.087638234163,4.090111734711264e-06,0.004563177884152152,32.87892271929174,1.0463494519135679,16215236.928891463,0.1398551061487097,4.541791767283071e-17,2.7770224046598687e-05,-13.078155,9.450244,-3.6279106,True,-420174.2671825893,1202,0.13444444444444445,886408.9757194666,3610502.2180808024,,
557953,720,1,2019-03-20 01:50:33,2019-03-20 01:58:36,0 days 00:08:03,133.11240128750245,32.56405041577786,10913.691674893405,229.4141967533504,True,235.32899417847568,-0.28547604251887654,-0.9583858456528668,481.897801314582,114.5846816357937,2428.9691556903213,222.37373,0.00010985074,22941.41967533504,1.133423226877815,0.35940098220417077,9.691943773487695e-05,21481983131031.047,1.2915290258761587e-05,57.16984,-8.2431555,0.06479422,0.11346695,223.66968,55.33278,-8.522467,0.0048245171900575205,0.02405333045992468,0.0033235195977400715,1087.3230793660566,976.0141,111.30898024496287,-271.31195,271.31195,40594.116946967384,14589.565502451052,1.3168553454402752e-06,0.0009802536189505882,31.581179260781166,0.8890475681391339,529189566.04217684,0.44804826714752655,1.052425488063287e-18,2.6128136792287314e-05,-43.69685,12.27309,-31.42376,True,-3559963.1669832375,1202,0.13416666666666666,886181.947704202,3610426.602872792,,
557954,721,1,2019-03-20 01:50:34,2019-03-20 01:58:36,0 days 00:08:02,133.10999474928678,32.56344624326829,10913.79651815074,229.41041372847744,True,235.34300713100134,-0.2855755089436512,-0.9583562117978756,480.971265861191,114.42235181993796,2422.563263339525,222.37418,0.00010988824,22941.041372847743,1.1337292099891678,0.3593943519204724,9.692635700128177e-05,21440760049747.99,1.2942557079811045e-05,57.171967,-8.22976,0.065005,0.11361918,223.67001,55.33402,-8.508868,0.004825350385650324,0.024078028326476916,0.0033336897739417327,1087.314484216475,976.01044,111.30404720475622,-271.35,271.35,40454.65485385774,14539.174463368598,1.317105525818885e-06,0.000980490351388842,31.52409741863037,0.8889245892890236,529994882.59639436,0.4483813873285852,1.0567100243982187e-18,2.6192236704648777e-05,-43.73043,12.286878,-31.443554,True,-3555566.1200483665,1202,0.1338888888888889,885958.3867165198,3610350.8064740626,,
557955,722,1,2019-03-20 01:50:35,2019-03-20 01:58:36,0 days 00:08:01,133.10758815840347,32.56284182427187,10913.902159934634,229.40660194172398,True,235.64452526580382,-0.28548089265135274,-0.9583844009221908,479.71521171206433,114.25903913756629,2413.008761619676,222.37459,0.00010992573,22940.660194172397,1.134040082715822,0.3593877205900694,9.693284175685145e-05,21426606767840.465,1.2970439811541739e-05,57.174095,-8.216367,0.06521547,0.11377251,223.67033,55.335262,-8.49527,0.004826067863270396,0.02410285171206937,0.0033390772750704284,1087.3058894833403,976.00653,111.2993587216215,-271.38803,271.38803,40290.896723270576,14480.053533906108,1.3165514689589346e-06,0.0009799728960984805,31.466581485997683,0.8887832567890004,531797713.8857082,0.4485232902736885,1.0595529735263952e-18,2.6272965258343722e-05,-43.74558,12.289363,-31.456215,True,-3552203.576822371,1202,0.13361111111111112,885734.8190277717,3610274.987854972,,
557956,723,1,2019-03-20 01:50:36,2019-03-20 01:58:36,0 days 00:08:00,133.1051784293952,32.562236831324356,10913.943553984715,229.40510836779364,True,235.2294185020845,-0.28587034319294374,-0.9582683063123545,479.28642384471567,114.10281534343565,2411.393469101328,222.37544,0.00010996763,22940.510836779365,1.1343436002087162,0.3593839952292111,9.694384497209297e-05,21093251068546.77,1.2997831929998684e-05,57.175613,-8.203051,0.06542926,0.11392717,223.6711,55.33588,-8.4817505,0.004826771369868936,0.024127310572851782,0.003356488305270978,1087.297278642298,976.00244,111.2948372360479,-271.42593,271.42593,40190.76130534561,14443.916369218688,1.3232791562580646e-06,0.0009862864808373058,31.41243732152391,0.888923061128598,524828353.17034024,0.4507668122869913,1.079989791960064e-18,2.631609523744204e-05,-43.96384,12.404051,-31.55979,True,-3554489.7141521773,1202,0.13333333333333333,885510.9560792777,3610199.099475157,,
557957,724,1,2019-03-20 01:50:37,2019-03-20 01:58:36,0 days 00:07:59,133.10277325329764,32.561632080421084,10914.081711829673,229.40012343407005,True,242.399913417663,-0.2880633095729451,-0.9576113667234123,478.9866772906157,113.80713531073714,2430.899161547545,222.37566,0.00011000297,22940.012343407005,1.1346523371129371,0.35937583400467366,9.694861223284342e-05,21054843214138.06,1.3024430171904773e-05,57.17804,-8.189625,0.065637365,0.11408258,223.6712,55.337433,-8.468117,0.004827610889479956,0.024163400976179854,0.0034206009962653395,1087.288692883575,975.99817,111.2905239382626,-271.46375,271.46375,39996.55776604548,14373.796304488702,1.322838279155732e-06,0.0009858759284144714,31.296591705220216,0.8886611954942407,526416381.56202215,0.4496480480837879,1.0840592354637405e-18,2.6386066282271133e-05,-43.854824,12.374365,-31.48046,True,-3651363.731880051,1202,0.13305555555555557,885287.517146169,3610123.2598120286,,
557958,725,1,2019-03-20 01:50:38,2019-03-20 01:58:36,0 days 00:07:58,133.10029647721927,32.56100411395251,10914.291979890406,229.39253682839487,True,242.42264437158119,-0.2881587428730397,-0.9575826538246343,477.4104048868593,113.4998182822839,2417.629345761383,222.37541,0.000110035,22939.253682839488,1.134980576779115,0.35936434475037154,9.694879407322567e-05,20983956107778.418,1.3052011927351627e-05,57.18118,-8.175696,0.065847926,0.114243545,223.67084,55.339687,-8.453972,0.004828581648056911,0.024200745386029697,0.0034327312825658735,1087.279913244823,975.9938,111.28613883076059,-271.50272,271.50272,39754.23236101846,14286.253663471416,1.3225644198992225e-06,0.0009856249176235963,31.175905397113148,0.8884547856687305,527842065.1471191,0.4492539395150729,1.0899380952600738e-18,2.649144536024526e-05,-43.81706,12.365209,-31.45185,True,-3636327.362167351,1202,0.13277777777777777,885057.4460130471,3610044.5895641213,,
557959,726,1,2019-03-20 01:50:39,2019-03-20 01:58:36,0 days 00:07:57,133.09781956048835,32.56037588054245,10914.501505458085,229.38497721443227,True,242.5659352349585,-0.28817363282887526,-0.9575781729666819,475.70994172109954,113.19440923314389,2403.1992573060415,222.37518,0.00011006709,22938.497721443226,1.1353077983779059,0.359352875765173,9.694912042493327e-05,20902098014424.71,1.307957811167057e-05,57.184307,-8.161773,0.066058286,0.1144057,223.6705,55.34193,-8.439829,0.00482943672385403,0.024238051341852657,0.003442892117560163,1087.271133548302,975.9891,111.28205884127078,-271.54156,271.54156,39504.44986863703,14196.037665815827,1.3224248999474684e-06,0.0009855001526054925,31.056152848023896,0.8882660646151904,529107431.79388237,0.4489178054857912,1.0964594456757958e-18,2.6604028786122864e-05,-43.7849,12.35861,-31.42629,True,-3622513.856885116,1202,0.1325,884827.3597955203,3609965.8948241244,,
557960,727,1,2019-03-20 01:50:40,2019-03-20 01:58:36,0 days 00:07:56,133.0953412084359,32.5597472432448,10914.683339587109,229.37841686202003,True,244.99679477456684,-0.2867539851474892,-0.9580042546888993,470.92443336846594,112.89193215325103,2365.9537289500718,222.37515,0.000110101115,22937.841686202002,1.1356305103055124,0.35934264234365954,9.69515294305447e-05,20624095847269.562,1.3108562472894728e-05,57.187176,-8.147884,0.066269934,0.11456913,223.67033,55.343906,-8.425722,0.004830516926047324,0.024275335238832137,0.0034170692382004346,1087.2623468494896,975.98425,111.27809391980213,-271.58035,271.58035,39018.64017648292,14021.061261673847,1.323836539302565e-06,0.0009868308610286932,30.937915456293048,0.8881373480459616,528570338.53527254,0.4492972567681172,1.1139845825312002e-18,2.6887603620610447e-05,-43.822372,12.38295,-31.439423,True,-3623596.577044687,1202,0.1322222222222222,884597.1374055936,3609887.1557072154,,
557961,728,1,2019-03-20 01:50:41,2019-03-20 01:58:36,0 days 00:07:55,133.0928369426996,32.55911543847017,10913.70782954206,229.41361384716856,True,245.36010969439397,-0.27429286746606035,-0.9616462046185417,470.3828435908141,115.63234004198155,2218.5414237094496,222.38278,0.000110214416,22941.361384716856,1.1358936526464436,0.3593854438444928,9.702881585551267e-05,690598052095.8154,1.2096878638931022e-05,57.179115,-8.135507,0.06654225,0.11473594,223.67805,55.33468,-8.413165,0.004829617570222524,0.024056052632898735,0.0030812204790720255,1087.253423977126,975.979,111.27442007087598,-271.61935,271.61935,40380.68441637585,14512.230191723627,4.044902547052945e-06,0.004477371549406509,32.16495842035533,1.039513205079094,17102187.891985122,0.13994876483639238,4.5593763780310457e-17,2.8642582462768817e-05,-13.095739,9.411022,-3.6847172,True,-424979.66830184276,1202,0.13194444444444445,884364.4901923419,3609807.9769519884,,
557962,729,1,2019-03-20 01:50:42,2019-03-20 01:58:36,0 days 00:07:54,133.09031942622994,32.55851018700737,10913.598691663796,229.4175518789976,True,245.37559418953663,-0.2743924878598543,-0.9616177840525204,470.79721189405177,115.77960167584607,2226.0300221037733,222.38464,0.00011026768,22941.755187899762,1.1361987955495612,0.3593886220077567,9.704963935156802e-05,689667872741.1311,1.212279192255736e-05,57.179203,-8.121873,0.0667711,0.11490564,223.67984,55.333805,-8.3993225,0.004830174510326799,0.024055567198889186,0.003088099645862102,1087.2440839831881,975.9729,111.27118359256315,-271.65747,271.65747,40461.85386130238,14541.52990309269,4.0523312348471e-06,0.004491413502468469,32.24628615838118,1.0402860461850627,17044890.604993455,0.14059415152456298,4.5812816984889357e-17,2.863238586787182e-05,-13.155821,9.466226,-3.6895952,True,-425952.9738166128,1202,0.13166666666666665,884130.4812176633,3609731.7027091486,,
557963,730,1,2019-03-20 01:50:43,2019-03-20 01:58:36,0 days 00:07:53,133.08780184227987,32.55790467752272,10913.488984471074,229.42151050861773,True,245.4717291049913,-0.2744430122744681,-0.9616033657458339,471.13172426912706,115.92949528456124,2232.796313864351,222.38649,0.00011032106,22942.151050861772,1.1365097874963817,0.3593918323848349,9.707004812325892e-05,688497170891.8745,1.2149022122436948e-05,57.179276,-8.108242,0.066999584,0.11507649,223.68163,55.33292,-8.385482,0.004830614660950801,0.024054825064552074,0.003093727234748665,1087.2347442550022,975.96655,111.26819152062717,-271.6955,271.6955,40538.024166137526,14569.034786328884,4.0601056312825804e-06,0.004506129615089926,32.32883786088046,1.0411080266755868,16983984.420903135,0.14124507231814937,4.605275622739462e-17,2.8627096124977243e-05,-13.216367,9.522393,-3.6939735,True,-426933.3679513037,1202,0.1313888888888889,883896.4640735704,3609655.405406118,,
557964,731,1,2019-03-20 01:50:44,2019-03-20 01:58:36,0 days 00:07:52,133.0852833268284,32.55729881928745,10913.361488758728,229.42611108141824,True,244.09837183849237,-0.27532267649168185,-0.9613518730462102,473.58333289960296,116.07965676008416,2253.3933810768713,222.38847,0.00011037576,22942.611108141824,1.1368147231770485,0.3593958283932091,9.709212782334978e-05,691462813211.0331,1.2178579735865627e-05,57.179173,-8.094633,0.06722865,0.11524856,223.68355,55.331856,-8.371664,0.004831051146135223,0.024054125347175354,0.0031199203983283868,1087.225400146631,975.96,111.2653781739748,-271.73343,271.73343,40788.53022995396,14659.227610935755,4.065933950512074e-06,0.004517164557208069,32.41169923963149,1.0417345133051383,16952383.655718047,0.14185266060463816,4.601382687557339e-17,2.8494816980261354e-05,-13.273089,9.57287,-3.7002192,True,-427479.9973848488,1202,0.13111111111111112,883662.3579435,3609579.071853867,,
557965,732,1,2019-03-20 01:50:45,2019-03-20 01:58:36,0 days 00:07:51,133.08277958490953,32.55669442254214,10914.101471650227,229.3994104784987,True,235.8071091199748,-0.28647713259448593,-0.9580870798108289,474.3647768937089,113.73402012547078,2390.909065168907,222.38469,0.000110370835,22939.941047849872,1.1371673528377202,0.35936011506680726,9.705768840043165e-05,9561925583332.484,1.2642300268180876e-05,57.187267,-8.079877,0.06741285,0.11542047,223.67957,55.339203,-8.3566675,0.0048327120252452,0.024262130469111326,0.003430764964055745,1087.216134128892,975.9534,111.26270395311076,-271.77112,271.77112,39621.00146961217,14238.20764718197,1.6986062053902201e-06,0.0013509330910792747,31.38410256488148,0.90348773977023,241334777.73564416,0.35741023836535235,2.4724849886500832e-18,2.68979191154e-05,-34.63287,12.23953,-22.393341,True,-2505196.300608021,1202,0.13083333333333333,883429.6310844955,3609502.959638983,,
557966,733,1,2019-03-20 01:50:46,2019-03-20 01:58:36,0 days 00:07:50,133.08036910660394,32.55608689956736,10914.144239586301,229.39786737152497,True,235.82316559159477,-0.2865754088504249,-0.9580576887861252,473.8422891784905,113.66478295362299,2388.758294225055,222.38553,0.000110413166,22939.786737152495,1.137476237386872,0.35935635636685076,9.706854744141205e-05,9564686722444.969,1.266914788440677e-05,57.18875,-8.066585,0.06762348,0.11558643,223.68031,55.339794,-8.3431635,0.004833416612898986,0.02427915572621543,0.003440029895007106,1087.2075260533472,975.94745,111.26007732287849,-271.8081,271.8081,39548.652083988934,14212.059512122523,1.6986030883736706e-06,0.001350929529610838,31.367899267138796,0.9033873362483383,241846086.23658207,0.3579074927765722,2.4769924743193853e-18,2.693884521606324e-05,-34.68214,12.258689,-22.42345,True,-2505970.593262728,1202,0.13055555555555556,883205.6797060163,3609426.8427309673,,
557967,734,1,2019-03-20 01:50:47,2019-03-20 01:58:36,0 days 00:07:49,133.0779585544401,32.55547912680792,10914.186511661639,229.39634216392813,True,235.7281908857593,-0.286740384282135,-0.9580083256536623,473.5227272866641,113.59784760498701,2387.7507362624096,222.38637,0.000110455585,22939.634216392813,1.1377864047170112,0.3593526037450922,9.70793678736472e-05,9528972601745.084,1.269491119829772e-05,57.190228,-8.053294,0.06783383,0.115753494,223.68106,55.340378,-8.329661,0.004834120211301354,0.02429599067691738,0.0034509470885247294,1087.198918282466,975.9412,111.25769513793466,-271.84497,271.84497,39493.913152566834,14192.240523457434,1.701083122208226e-06,0.0013534147870985504,31.352690663243518,0.9033917005799385,241276992.86050022,0.3569417200618819,2.4922504396509845e-18,2.6969426759729936e-05,-34.587135,12.244441,-22.342693,True,-2494266.7160615013,1202,0.13027777777777777,882981.7196186744,3609350.703177889,,
557968,735,1,2019-03-20 01:50:48,2019-03-20 01:58:36,0 days 00:07:48,133.0755491139392,32.554871249199394,10914.324275128978,229.3913716135978,True,234.89824647907432,-0.287433074532191,-0.9578007244019874,473.3678857906276,113.20093851822874,2389.2037023340367,222.38657,0.00011049145,22939.13716135978,1.1381044804730418,0.3593444874730452,9.708374761367499e-05,21136871583986.926,1.3339645735558519e-05,57.1926,-8.039879,0.06803909,0.115921564,223.68115,55.34189,-8.316029,0.004834959579442568,0.024341030012507196,0.0034791754135134758,1087.1903169427758,975.93494,111.25538041933828,-271.88174,271.88174,39317.75078447505,14128.617004240108,1.3240826603140908e-06,0.0009870322421775535,31.19169724437947,0.8878720135743681,537591066.6876956,0.4584201740211921,1.1061467051911812e-18,2.678983520578727e-05,-44.726223,12.648223,-32.078,True,-3563082.3175905533,1202,0.13,882757.8616222172,3609274.5613357993,,
557969,736,1,2019-03-20 01:50:49,2019-03-20 01:58:36,0 days 00:07:47,133.0731486940988,32.55426404889456,10914.583171084281,229.3820307999822,True,244.34411429637723,-0.27578814830020226,-0.9612184440891393,465.74086503361843,112.79639897611435,2198.0424271873826,222.38597,0.000110518886,22938.20307999822,1.1384249604276473,0.35933082244825687,9.708051880282417e-05,20982310766180.79,1.3366657009305895e-05,57.196117,-8.026342,0.06823737,0.11609004,223.68044,55.34457,-8.302272,0.004835940866645956,0.024386602851215897,0.0031969246239694827,1087.1817651895358,975.92847,111.25329839266078,-271.91833,271.91833,38879.992481573994,13970.779675186028,1.3232565811610288e-06,0.0009862644724670578,31.027142168224614,0.8879652485901633,539668591.1429825,0.46140667834870697,1.1163366978877842e-18,2.704569947804686e-05,-45.021294,12.7233925,-32.2979,True,-3671664.932305639,1202,0.1297222222222222,882534.8457050138,3609198.5324761663,,
557970,737,1,2019-03-20 01:50:50,2019-03-20 01:58:36,0 days 00:07:46,133.0706428531617,32.553658018190056,10914.73240092801,229.37664681502505,True,244.36157152001394,-0.2758887739410171,-0.9611895673660438,464.5901458051256,112.58091751178812,2190.145764258174,222.38611,0.00011055462,22937.664681502505,1.1387464259872624,0.35932216846830123,9.7084491754515e-05,20939424123501.914,1.3393835740549464e-05,57.19861,-8.012427,0.068449944,0.1162679,223.68047,55.346172,-8.288134,0.004836783155744513,0.024416482798443922,0.003207921568252171,1087.172493422684,975.9209,111.25159498518406,-271.95557,271.95557,38705.99267506837,13907.92122072375,1.3230659844167003e-06,0.0009860894875791193,30.946580752103618,0.8878046009419821,540986619.2887901,0.46134716648989116,1.1208331998376202e-18,2.712837106825625e-05,-45.016197,12.723473,-32.292725,True,-3662279.703609604,1202,0.12944444444444445,882301.9141253931,3609122.2592841065,,
557971,738,1,2019-03-20 01:50:51,2019-03-20 01:58:36,0 days 00:07:45,133.0681369254084,32.55305172306145,10914.881746376059,229.37125876168773,True,245.37441874593466,-0.27540062736356935,-0.96132954518612,462.1885244908495,112.36606956879153,2173.088208580033,222.38623,0.00011059037,22937.12587616877,1.1390700188794365,0.3593135301128684,9.708830030374562e-05,20811247344336.004,1.342178418867952e-05,57.20109,-7.998515,0.06866225,0.116446905,223.6805,55.347775,-8.273997,0.004837509697801465,0.024446283541466537,0.003204075016936986,1087.1632218898685,975.9131,111.25013595236851,-271.99268,271.99268,38435.9477353939,13810.556064038092,1.3235950072003524e-06,0.0009865902055428148,30.866204178184983,0.887690277928437,541452691.3088677,0.46161823622282,1.1301843929619789e-18,2.7285085557650337e-05,-45.043243,12.738042,-32.305202,True,-3659837.933681687,1202,0.12916666666666668,882068.97258778,3609045.9621989764,,
557972,739,1,2019-03-20 01:50:52,2019-03-20 01:58:36,0 days 00:07:44,133.06562026281813,32.55244399228302,10914.589055047272,229.3818185136417,True,246.51120061567264,-0.27483062372335487,-0.9614926563754045,461.3660498605768,113.1836981773973,2171.236379287242,222.3893,0.00011065691,22938.18185136417,1.13937308387737,0.35932512486355767,9.712087485494046e-05,3170945076914.385,1.2592526488206619e-05,57.199383,-7.9851727,0.06889653,0.11662798,223.68352,55.345074,-8.260445,0.004837796076929521,0.02438713477340065,0.0031865515821204275,1087.153893916477,975.9051,111.2488035844458,-272.02982,272.02982,38677.354469727215,13897.745224226812,2.4311038889524183e-06,0.002122422461019133,31.24125979853313,0.9356064159596823,81984539.02518812,0.25798072004484257,8.151207861931476e-18,2.7989846110877304e-05,-24.708004,11.885636,-12.822368,True,-1457839.3291271164,1202,0.1288888888888889,881835.0253085468,3608969.472975418,,
557973,740,1,2019-03-20 01:50:53,2019-03-20 01:58:36,0 days 00:07:43,133.06309153807683,32.551834711631635,10913.869292040314,229.40778788178457,True,242.61781047308995,-0.26766472314383816,-0.9635121151206831,461.9531605024568,115.00447407533802,2093.1434759497693,222.3952,0.00011075336,22940.778788178457,1.1396584659898297,0.3593562622997793,9.718118549690446e-05,693933603410.6962,1.241489321975091e-05,57.19361,-7.97237,0.069151886,0.116811216,223.68945,55.338203,-8.247445,0.004837413386896116,0.024244233353675253,0.002993409190143396,1087.1445020161786,975.8967,111.24777350055365,-272.067,272.067,39598.74559385337,14230.057208367,4.0469197305608836e-06,0.004481112062367758,32.065493480876405,1.0387347652397163,17524130.954249483,0.14345811614014153,4.6579349228303787e-17,2.916231679163378e-05,-13.4291525,9.669172,-3.7599802,True,-421123.85751698917,1202,0.12861111111111112,881599.947995821,3608892.774243685,,
557974,741,1,2019-03-20 01:50:54,2019-03-20 01:58:36,0 days 00:07:42,133.0605975305699,32.551250686570945,10913.744710580979,229.41228307771433,True,242.635842067091,-0.2677634217922643,-0.9634846910823742,462.4642274219574,115.18240124557346,2101.41203978307,222.39711,0.000110807225,22941.228307771435,1.1399641859616818,0.35936022533642553,9.720237360546138e-05,692806617679.2119,1.244012926056629e-05,57.19345,-7.958946,0.0693751,0.11699335,223.69131,55.33711,-8.233808,0.004837735098520284,0.024240663270840724,0.002999898459603707,1087.1350291168717,975.888,111.24702862859044,-272.10303,272.10303,39698.22549325024,14265.963258710639,4.055259719997597e-06,0.004496884144808337,32.160052949898194,1.0396545310412173,17451828.36439396,0.14416212672095333,4.6818534137148836e-17,2.9146199334770253e-05,-13.494574,9.729832,-3.764742,True,-422165.2259776672,1202,0.12833333333333333,881368.023597077,3608819.008628967,,
557975,742,1,2019-03-20 01:50:55,2019-03-20 01:58:36,0 days 00:07:41,133.05810342493913,32.55066640274643,10913.618823151677,229.41682546860156,True,242.6507407054279,-0.2678639975095896,-0.963456734284515,462.98679305225534,115.36399819206578,2109.8133920541436,222.39903,0.00011086127,22941.682546860156,1.140271766042316,0.35936421825463805,9.72235512755273e-05,691668618890.9635,1.2465445802459831e-05,57.193275,-7.9455266,0.069598,0.11717659,223.69318,55.336,-8.220174,0.004838171415166812,0.0242368005498269,0.0030063977194873335,1087.1255563434106,975.879,111.24652802309811,-272.13895,272.13895,39800.07458213456,14302.722688685077,4.0637174639036165e-06,0.0045129025520021645,32.25639933824536,1.0405828918940105,17378575.948735517,0.14485786853087548,4.7060760413994085e-17,2.912940557308793e-05,-13.559186,9.790225,-3.768961,True,-423150.827209786,1202,0.12805555555555556,881136.088280714,3608745.219648816,,
557976,743,1,2019-03-20 01:50:56,2019-03-20 01:58:36,0 days 00:07:40,133.05560925477687,32.55008186357557,10913.493258063892,229.4213563010013,True,240.8701069983944,-0.2689691878318045,-0.963148781859324,465.99524668802223,115.54498720032588,2134.472145192774,222.40096,0.000110915375,22942.135630100132,1.14057781286983,0.35936821498711985,9.724489928100034e-05,695695708298.8956,1.2494984971118549e-05,57.193092,-7.9321084,0.06982051,0.11736094,223.69504,55.33488,-8.206541,0.004838608681118046,0.024233010910055384,0.0030379798381713506,1087.1160838775681,975.8699,111.24621083069314,-272.1748,272.1748,40105.564564972294,14412.66514876478,4.069436304384583e-06,0.004523736887669612,32.35263033348693,1.041239095782462,17346613.01605283,0.145492334237567,4.6946267939983285e-17,2.8956012938279434e-05,-13.618399,9.842485,-3.7759132,True,-423555.74573340436,1202,0.12777777777777777,880904.1451872103,3608671.4078034917,,
557977,744,1,2019-03-20 01:50:57,2019-03-20 01:58:36,0 days 00:07:39,133.05313421174122,32.54949922408762,10914.390210647245,229.38899266969335,True,235.48429204229117,-0.2880358670000551,-0.9576196214163151,469.39217045125685,112.86643103289249,2378.39043509815,222.39609,0.00011089794,22938.899266969336,1.1409283831212658,0.3593253913525316,9.7199739248173e-05,21194076569442.55,1.3594873302404938e-05,57.20263,-7.9173584,0.06999281,0.11754471,223.68994,55.343735,-8.191541,0.004840534686078115,0.024471802731583052,0.0035537507188347197,1087.1067134133332,975.8607,111.24599563989568,-272.21036,272.21036,38833.17525146674,13953.745894694732,1.3257587745223233e-06,0.000988591859223039,31.174216548132545,0.8873057746875633,545772433.8068916,0.4658212588649041,1.1245609718864695e-18,2.711294356682136e-05,-45.459248,12.882998,-32.57625,True,-3596925.1255046967,1202,0.1275,880673.9889688857,3608597.8810043344,,
557978,745,1,2019-03-20 01:50:58,2019-03-20 01:58:36,0 days 00:07:38,133.05072840129162,32.548889232088754,10914.551221931308,229.38318348994898,True,235.50186948802576,-0.28813449962081733,-0.9575899488446301,468.1531564629828,112.63544385478824,2368.699698694109,222.39613,0.000110932546,22938.318348994897,1.1412486605013488,0.35931620364294553,9.720278291140095e-05,21148838815915.062,1.362158997002689e-05,57.20518,-7.9039583,0.07019374,0.117723644,223.68988,55.345436,-8.177916,0.004841378839074366,0.0245026102687601,0.003565193811144669,1087.098139005346,975.8525,111.2456609780022,-272.24615,272.24615,38647.91856179567,13886.823376326147,1.325446128496465e-06,0.0009883025746048922,31.08583245124209,0.8871358174591316,547218054.760164,0.4656338375735085,1.1290881228023913e-18,2.7200690746251756e-05,-45.44147,12.878617,-32.562855,True,-3586210.4152434086,1202,0.1272222222222222,880450.4526502672,3608521.5724484497,,
557979,746,1,2019-03-20 01:50:59,2019-03-20 01:58:36,0 days 00:07:37,133.04832250217032,32.548278985669725,10914.712293260402,229.37737226301218,True,235.67490819795825,-0.2881240703640872,-0.957593086899039,466.74368842458443,112.40496294813127,2357.393820864569,222.39618,0.00011096719,22937.73722630122,1.1415696462830383,0.35930703471677217,9.720579641386848e-05,21089092998633.617,1.3648448549769825e-05,57.20773,-7.8905606,0.070394404,0.11790369,223.68982,55.347134,-8.164293,0.004842223901464422,0.024533453079460876,0.003573885141935778,1087.0895648640437,975.8442,111.24538761794997,-272.28183,272.28183,38451.12371047331,13815.759241937934,1.325299595716392e-06,0.0009881692490448385,30.997713003719927,0.8869744618885528,548464933.2339115,0.46552213954814464,1.1344628775331142e-18,2.7298174948057494e-05,-45.43105,12.877569,-32.553482,True,-3577020.475762268,1202,0.12694444444444444,880226.9062330707,3608445.2406606004,,
557980,747,1,2019-03-20 01:51:00,2019-03-20 01:58:36,0 days 00:07:36,133.04591484354307,32.547668312893485,10914.83773788992,229.37284647984796,True,235.31810424168026,-0.2884858555218798,-0.957484157134628,465.92578634422233,112.17526143658264,2351.747952221843,222.39645,0.00011100436,22937.284647984798,1.1418893574083828,0.35929950562102847,9.72111341401988e-05,21076392081934.605,1.3675217141655561e-05,57.209934,-7.877207,0.07059663,0.118085,223.69,55.34848,-8.150714,0.004842945598639403,0.024564406624555567,0.003592071769395488,1087.0809819382785,975.83563,111.2453496140597,-272.31744,272.31744,38297.32642547193,13760.210451279214,1.3246516893413932e-06,0.0009875635983454356,30.91010345081846,0.8867977821432091,550335860.205544,0.46518045520633167,1.1372079104339426e-18,2.7364250216162234e-05,-45.398235,12.8663225,-32.531914,True,-3562964.0785348313,1202,0.12666666666666668,880003.1934014156,3608368.8605854665,,
557981,748,1,2019-03-20 01:51:01,2019-03-20 01:58:36,0 days 00:07:35,133.04351112047505,32.5470577992502,10915.04940094866,229.36521027774745,True,246.13457120148954,-0.29767996167342425,-0.9546657218200038,468.1004078873113,111.8196938930535,2466.3370149382804,222.39616,0.000111035464,22936.521027774746,1.1422135597747562,0.3592880056204989,9.721077399657947e-05,20971313798656.707,1.3701042308142161e-05,57.21296,-7.863756,0.07079425,0.11826709,223.68959,55.35067,-8.137034,0.004843916476687014,0.024606329321638983,0.0038366060856370454,1087.0724210842104,975.82697,111.24545575217917,-272.3529,272.3529,38077.41989228635,13680.760252273874,1.3251348791839533e-06,0.0009880238286009329,30.766878056564057,0.8863146444613396,550754590.4628122,0.4613594392887469,1.1451435622895511e-18,2.7435874364098164e-05,-45.022285,12.7726,-32.249687,True,-3711626.708502481,1202,0.12638888888888888,879779.8469538246,3608292.5175630725,,
557982,749,1,2019-03-20 01:51:02,2019-03-20 01:58:36,0 days 00:07:34,133.04100432819598,32.54639887127309,10915.198642780922,229.35982617998488,True,246.22955652725818,-0.29772458793593287,-0.9546518054968414,466.97733584292826,111.63446252374578,2457.5308060228185,222.39636,0.00011107396,22935.98261799849,1.1425541665189038,0.359279241966568,9.721548838708056e-05,20931355159613.035,1.3729443523829253e-05,57.215446,-7.8498,0.07100338,0.11845782,223.68968,55.35226,-8.122839,0.0048447584388677,0.024633982951754636,0.0038467972445407925,1087.0637638572543,975.8181,111.24564862287934,-272.39047,272.39047,37920.10392031254,13623.906191783373,1.3250525308208774e-06,0.0009879502474615838,30.69949334349839,0.8861715677155295,551985701.3999585,0.4614772237726497,1.1496657861743715e-18,2.751706197463872e-05,-45.03439,12.778235,-32.256153,True,-3704906.8821873534,1202,0.12611111111111112,879547.0143942257,3608210.4391639084,,
557983,750,1,2019-03-20 01:51:03,2019-03-20 01:58:36,0 days 00:07:33,133.03849662339474,32.54573959015858,10915.33034432411,229.35507495650464,True,246.33242902845902,-0.2977668794774953,-0.9546386151241917,465.8216625703298,111.44955483917283,2448.6982294959466,222.39668,0.000111113724,22935.507495650465,1.1428949048672592,0.35927129382167466,9.722129650065746e-05,20890581496507.285,1.3758070606162138e-05,57.217766,-7.835867,0.07121309,0.11864987,223.68988,55.35368,-8.108665,0.004845713221820631,0.02466171004693599,0.0038569683686873173,1087.0551023895923,975.8091,111.24602035834232,-272.42795,272.42795,37760.253024887905,13566.174959285281,1.3249581409279468e-06,0.0009878646384089346,30.632318123172627,0.8860178604388987,553242624.7975149,0.4615941258844714,1.1542681692989094e-18,2.7600729890326693e-05,-45.04639,12.783715,-32.262676,True,-3697984.3684988515,1202,0.12583333333333332,879314.094345287,3608128.3241000543,,
557984,751,1,2019-03-20 01:51:04,2019-03-20 01:58:36,0 days 00:07:32,133.0359879237825,32.54507993985197,10915.415091025676,229.35201770327458,True,248.26124041682937,-0.29657909322856607,-0.955008293921954,462.4548468459427,111.39204419796317,2423.6643232240676,222.39731,0.000111156856,22935.201770327458,1.1432344438954263,0.35926549358913185,9.723014984850747e-05,14371785325468.645,1.337686840153913e-05,57.21963,-7.8219976,0.071424715,0.118843265,223.69041,55.354633,-8.094557,0.004846426215354711,0.024678217358612527,0.003833996883119404,1087.0464363255044,975.7999,111.24650956769187,-272.4653,272.4653,37483.5345782812,13466.540551731487,1.483248588785311e-06,0.0011388141714692224,30.62119484130323,0.8920718591893839,383415958.1576914,0.4618747907568887,1.6798870161957371e-18,2.78967127451759e-05,-44.99168,14.050249,-30.941431,True,-3550103.885964618,1202,0.12555555555555556,879081.0791357463,3608046.1703025047,,
557985,752,1,2019-03-20 01:51:05,2019-03-20 01:58:36,0 days 00:07:31,133.03345863644608,32.544417780246945,10914.524715531834,229.38413981497266,True,242.176905529131,-0.2581965898477616,-0.9660923977503326,450.84659294833506,113.96651260280296,1916.8832723264568,222.40439,0.00011126913,22938.413981497266,1.1435422718124022,0.3593043784170752,9.730215868410462e-05,699726972685.9109,1.2731817344169706e-05,57.21218,-7.809383,0.071681984,0.11903971,223.69756,55.346035,-8.081734,0.004845776080200608,0.024465762610992006,0.002837384996583575,1087.0376609622133,975.79034,111.24731672393204,-272.50275,272.50275,38515.63638382202,13838.836790227257,4.032129534093397e-06,0.004453152953115728,31.777027913455505,1.0361882562843596,18167348.07943669,0.1461814239833871,4.72432041677072e-17,2.9831315038732975e-05,-13.69023,9.850463,-3.8397675,True,-418930.36429582775,1202,0.12527777777777777,878846.1361993402,3607963.670435793,,
557986,753,1,2019-03-20 01:51:06,2019-03-20 01:58:36,0 days 00:07:30,133.030962700215,32.54385543684791,10914.374800287127,229.38954867145497,True,242.27197912403412,-0.2582529598671471,-0.9660773306106804,451.5401115145761,114.21534683695063,1926.513707129741,222.40643,0.00011132444,22938.954867145498,1.1438462902138344,0.35930953103469243,9.732465312524073e-05,697957855383.0201,1.275564326098717e-05,57.21169,-7.7960534,0.071902364,0.119235866,223.69954,55.344624,-8.068186,0.004846207213734601,0.024455618984701354,0.002842116733285064,1087.027880219697,975.77875,111.2491326611032,-272.5369,272.5369,38654.2118423704,13888.826729597764,4.042905530307489e-06,0.004473488291893534,31.902710680065436,1.0374132426804719,18056450.3094579,0.1470696089546233,4.7541899434887425e-17,2.9803472472601633e-05,-13.772624,9.927067,-3.8455572,True,-420388.64514588326,1202,0.125,878613.9048522229,3607892.371730515,,
557987,754,1,2019-03-20 01:51:07,2019-03-20 01:58:36,0 days 00:07:29,133.02846583885247,32.543292749891016,10914.205497862546,229.3956571304951,True,242.2896218673502,-0.2583529355938687,-0.9660505994356767,452.3208370670515,114.46879460977492,1936.9376387562495,222.4086,0.000111381225,22939.56571304951,1.144152399004586,0.35931560350503533,9.734824232661468e-05,696390003099.3826,1.277997214155204e-05,57.211006,-7.782748,0.07212331,0.11943316,223.70166,55.343014,-8.054662,0.004846519423509506,0.02444522456453607,0.002847926788552525,1087.0180951248085,975.767,111.25106631621475,-272.57098,272.57098,38801.43497599803,13941.961025262119,4.053664168804995e-06,0.004493825501924386,32.03083427366774,1.0386567150008752,17947532.186120402,0.1479429426318839,4.7830377577542764e-17,2.97704275373381e-05,-13.853604,10.002807,-3.8507977,True,-421731.32807313337,1202,0.12472222222222222,878381.5853162811,3607821.037308326,,
557988,755,1,2019-03-20 01:51:08,2019-03-20 01:58:36,0 days 00:07:28,133.0259688804137,32.5427298041232,10914.03586750999,229.40177755332672,True,240.48027750053677,-0.2594268781482247,-0.9657627529027335,455.5292525084243,114.72243261947311,1962.7090051097248,222.41077,0.000111438116,22940.177755332672,1.1444576003099447,0.3593216945966188,9.737199148249908e-05,700099259933.2924,1.280865113629266e-05,57.21031,-7.7694454,0.0723439,0.11963152,223.70378,55.341396,-8.04114,0.004846831556980362,0.024434817635970996,0.002878192771423269,1087.0083101719354,975.7551,111.25318321881036,-272.60498,272.60498,39148.02069734721,14066.733137074305,4.06156144064735e-06,0.004508767709861221,32.15924148685523,1.0396244114557038,17883388.418171886,0.1487381118089416,4.775006491134025e-17,2.9574242751258167e-05,-13.927611,10.069059,-3.858552,True,-422403.6063805024,1202,0.12444444444444444,878149.2550627587,3607749.6795264333,,
557989,756,1,2019-03-20 01:51:09,2019-03-20 01:58:36,0 days 00:07:27,133.0234913373023,32.54216874330819,10914.88630370853,229.3710943448267,True,235.62831043617442,-0.289286936031423,-0.9572424293989225,463.43777205857464,112.13654557199972,2356.6033300788017,222.40617,0.00011142241,22937.10943448267,1.1447985284460451,0.35928106434346163,9.732927161272434e-05,21249120774271.754,1.3932316323702707e-05,57.21937,-7.754829,0.07251709,0.11982924,223.69899,55.34978,-8.026269,0.0048485168771082955,0.02466906716525925,0.003669482873714994,1086.9986295483288,975.74316,111.25546548582884,-272.63867,272.63867,38035.303416836614,13665.364294227562,1.3262188915919893e-06,0.0009890203264140147,31.020377169084036,0.8863293644619596,558668365.0554414,0.47366422236588784,1.149446102376751e-18,2.760166089352239e-05,-46.23604,13.128865,-33.107174,True,-3611299.1459504124,1202,0.12416666666666666,877918.7391278555,3607678.6056694044,,
557990,757,1,2019-03-20 01:51:10,2019-03-20 01:58:36,0 days 00:07:26,133.02108520034676,32.54155572729623,10915.062182156455,229.36474917465554,True,235.79754526461116,-0.28928279416523334,-0.9572436810969062,462.1772164936388,111.93977646431728,2346.888290153758,222.40611,0.00011145641,22936.474917465555,1.1451231559675283,0.35927121336005197,9.733137163987613e-05,21198225712805.94,1.3957996415591748e-05,57.222015,-7.7414427,0.072713934,0.12002173,223.69882,55.351585,-8.012648,0.0048493643872785696,0.024697002722362058,0.0036780968028271516,1086.9900622368234,975.7328,111.2572741508859,-272.6733,272.6733,37863.28349784084,13603.187804064912,1.326077093307878e-06,0.0009888920743921152,30.946612737749863,0.8861800718279752,559862319.2311034,0.47362347056239695,1.154271649411043e-18,2.7691495197439437e-05,-46.232403,13.129672,-33.10273,True,-3603589.203669635,1202,0.1238888888888889,877695.1502998773,3607602.025873072,,
557991,758,1,2019-03-20 01:51:11,2019-03-20 01:58:36,0 days 00:07:25,133.01867734829437,32.54094227970386,10915.202653436749,229.35968149164924,True,235.81326509142332,-0.2893880953215528,-0.9572118523535759,461.0899623745988,111.74380177948997,2338.842050740146,222.4063,0.00011149297,22935.968149164924,1.145448288008606,0.3592629897012895,9.733566353113001e-05,21159847389617.906,1.3983766494613851e-05,57.224316,-7.7281,0.07291223,0.12021549,223.69888,55.353043,-7.9990706,0.004850320901526857,0.02472498186374195,0.0036895131764420022,1086.9814864808916,975.72217,111.25931851214159,-272.70786,272.70786,37704.22712490155,13545.733361268585,1.3258225558429895e-06,0.0009886564538250575,30.873286820181132,0.8860150196935501,561206236.0944936,0.4735305436111094,1.158419952262528e-18,2.7772003825121803e-05,-46.223667,13.128104,-33.095562,True,-3594537.199439879,1202,0.12361111111111112,877471.3992157965,3607525.397411271,,
557992,759,1,2019-03-20 01:51:12,2019-03-20 01:58:36,0 days 00:07:24,133.01626943224653,32.54032856791029,10915.343705755893,229.3545929381436,True,235.18549222117383,-0.2899548322380156,-0.9570403310528894,460.7087765203736,111.54746987845982,2337.516958774189,222.40646,0.000111529516,22935.45929381436,1.1457743589916842,0.3592547333646328,9.733986051770261e-05,21179639561559.55,1.4008879946800272e-05,57.22662,-7.7147593,0.07311024,0.12041037,223.69896,55.3545,-7.9854946,0.004851045219409116,0.024753097929532807,0.003712787026160868,1086.9729112684117,975.7113,111.26160755747424,-272.74228,272.74228,37595.30751074385,13506.29217553366,1.324913975994212e-06,0.0009878064068843079,30.79987884335006,0.8858367834052413,563358593.5028437,0.47311386536694877,1.159186779823233e-18,2.7813644171232407e-05,-46.183388,13.112562,-33.070824,True,-3579323.1927676136,1202,0.12333333333333334,877247.6403634648,3607448.7447301457,,
557993,760,1,2019-03-20 01:51:13,2019-03-20 01:58:36,0 days 00:07:23,133.01386837461894,32.539715291706536,10915.637186105274,229.3440057379811,True,244.4515069614791,-0.27840659609612356,-0.9604633086433703,453.42971186846654,111.13940075420643,2157.923927123718,222.40562,0.00011155513,22934.40057379811,1.1461047624219751,0.3592395126612523,9.733414546159958e-05,21037931334749.777,1.4033647970842394e-05,57.230377,-7.7012463,0.07330074,0.12060579,223.69798,55.357456,-7.971741,0.004852149786204336,0.024799765312960544,0.0034287675974014405,1086.9643743321183,975.70044,111.26393487899327,-272.77658,272.77658,37184.44463285501,13358.121768486153,1.3237876730085785e-06,0.0009867580740942098,30.632586787367586,0.8859010144958346,565772369.1309705,0.4759279603224441,1.1687615459321712e-18,2.8072161545759163e-05,-46.461266,13.180605,-33.280663,True,-3684758.5630674255,1202,0.12305555555555556,877024.521486518,3607372.170043115,,
557994,761,1,2019-03-20 01:51:14,2019-03-20 01:58:36,0 days 00:07:22,133.0113638084424,32.53910323862335,10915.859772102116,229.3359762904869,True,244.54755921180535,-0.27846353707949295,-0.9604468015029138,451.90619142468995,110.85622234511438,2146.418686926699,222.40526,0.000111586516,22933.59762904869,1.146438778607666,0.3592275289657489,9.733316616913504e-05,20964772423824.98,1.405825008647412e-05,57.233467,-7.68731,0.07350297,0.120810986,223.69751,55.359695,-7.95756,0.004853007782605801,0.02483596712190083,0.0034399627298622062,1086.955127338426,975.6883,111.26683388139486,-272.81143,272.81143,36962.271270458645,13277.86537344855,1.3234386370143576e-06,0.0009864371072555995,30.521173404006937,0.8857105270186613,567193835.855554,0.47538736650316094,1.1747845586262702e-18,2.8184785135080465e-05,-46.408455,13.166585,-33.24187,True,-3669540.7201586105,1202,0.12277777777777778,876791.665232456,3607295.3693827884,,
557995,762,1,2019-03-20 01:51:15,2019-03-20 01:58:36,0 days 00:07:21,133.00885831813355,32.538490819774296,10916.06427407054,229.3285993971458,True,246.3219258110102,-0.2775070554975403,-0.9607235992464663,448.17215711910984,110.57485284780195,2120.108814964838,222.40501,0.00011161923,22932.85993971458,1.1467731344315069,0.3592163695669039,9.733331335994964e-05,20748201884106.355,1.4083919412880933e-05,57.236378,-7.6733975,0.073705815,0.121017426,223.69716,55.36176,-7.9434023,0.004853861931102301,0.024872078011159038,0.0034251632378922703,1086.9458762113113,975.67596,111.26991185584257,-272.84622,272.84622,36571.08136461439,13136.931078932634,1.32411695791285e-06,0.0009870801947874741,30.410587572998004,0.8855714062591779,567339031.5491736,0.47533612917733375,1.1893431918171726e-18,2.843989429564749e-05,-46.403248,13.173988,-33.22926,True,-3664240.2739287433,1202,0.1225,876558.720688778,3607218.5306136794,,
557996,763,1,2019-03-20 01:51:16,2019-03-20 01:58:36,0 days 00:07:20,133.00633395046714,32.53787607881292,10915.283734516659,229.35675642815784,True,245.54091460762967,-0.2780580840633445,-0.9605642622370572,452.12010049495075,112.98403483926785,2157.822752642088,222.41129,0.00011172286,22935.675642815782,1.1470827677867614,0.35925034083533086,9.739738356130655e-05,704285625712.5598,1.3005037309352332e-05,57.22983,-7.66075,0.0739523,0.121226706,223.70348,55.354122,-7.930541,0.004853350019514266,0.024669888245676737,0.0034160660862787087,1086.9365247742264,975.66327,111.27325573125768,-272.88107,272.88107,37759.686662338885,13565.180303280542,4.025101173864173e-06,0.0044399275207470815,31.492079722383867,1.0307445143913538,18651786.811965443,0.14573846329691126,4.78785468509041e-17,3.018366712612106e-05,-13.650564,9.834402,-3.816162,True,-423316.89412348194,1202,0.12222222222222222,876324.0084763044,3607141.3730803397,,
557997,764,1,2019-03-20 01:51:17,2019-03-20 01:58:36,0 days 00:07:19,133.003818008719,32.53726206728225,10915.259995589942,229.35761282541338,True,244.40421124689044,-0.2911514647269934,-0.9566769698217505,457.32885166213197,113.00795215620239,2340.440238272765,222.41257,0.000111772235,22935.761282541338,1.1474111576349406,0.35924961605533,9.741253971196222e-05,702932168118.4619,1.3030257283602032e-05,57.230545,-7.6471033,0.07416505,0.12143637,223.70467,55.353928,-7.9166546,0.004854040135369359,0.024679031637814847,0.003755548271155861,1086.9272183236749,975.6505,111.27670562836238,-272.91574,272.91574,37833.35481772348,13591.618192352229,4.032901342629001e-06,0.00445463770409255,31.517090938615926,1.0295407999798942,18579694.333349608,0.1448755229024624,4.812963750554117e-17,3.0112730848781792e-05,-13.56808,9.792457,-3.7756233,True,-421693.4536895432,1202,0.12194444444444444,876090.0822441017,3607064.332150186,,
557998,765,1,2019-03-20 01:51:18,2019-03-20 01:58:36,0 days 00:07:18,133.00132386677564,32.536622120657114,10915.164195312545,229.36106890917668,True,244.495804782215,-0.2912011674194346,-0.9566618420808675,457.7327664738103,113.18718182333042,2348.357709101285,222.41434,0.00011182788,22936.10689091767,1.147746907393781,0.35925217192355263,9.743252694692593e-05,701182793177.6176,1.3054465604488911e-05,57.23058,-7.6336336,0.074378535,0.12164534,223.70638,55.35303,-7.9029436,0.004854483519434893,0.02467477737563848,0.003760940082101871,1086.9183737870949,975.6381,111.28025122850113,-272.9509,272.9509,37921.60847965714,13623.420209151438,4.0418980214217256e-06,0.00447161815338375,31.611691621976032,1.030473972060766,18490323.097812787,0.14561359410759248,4.841595737929191e-17,3.0101417042633126e-05,-13.636511,9.856665,-3.7798462,True,-422705.38675614516,1202,0.12166666666666667,875858.3104530142,3606984.49618927,,
557999,766,1,2019-03-20 01:51:19,2019-03-20 01:58:36,0 days 00:07:17,132.9988288474434,32.535981824934105,10915.050128845656,229.36518401764596,True,244.5065326889755,-0.2912955525944229,-0.956633106806737,458.2310008598905,113.36819186088728,2357.191451009909,222.41612,0.000111880516,22936.518401764595,1.1480529559830932,0.35925571602335216,9.745239988905537e-05,699613817107.3612,1.3080215690989758e-05,57.22993,-7.6207075,0.07433305,0.1218675,223.70811,55.351517,-7.889703,0.004854806484834171,0.024669420760610884,0.003768111176841885,1086.909525218017,975.6321,111.27744513989205,-272.98465,272.98465,38017.43643847728,13657.981349077434,4.050994926510923e-06,0.004488812914221388,31.705995407407546,1.0314265342845652,18402445.89451816,0.14635413050498133,4.869809077245962e-17,3.008432048728982e-05,-13.7053585,9.921198,-3.7841606,True,-423696.56426464487,1202,0.1213888888888889,875626.4545513293,3606904.6241033664,,
558000,767,1,2019-03-20 01:51:20,2019-03-20 01:58:36,0 days 00:07:16,132.99633381137778,32.53534129358179,10914.935692408266,229.36931253339768,True,242.82658908175748,-0.29252477873522004,-0.9562579431439566,461.01727878371645,113.54936657767098,2382.946615675121,222.41777,0.00011192821,22936.931253339768,1.148328353604086,0.359259522853038,9.747056171794864e-05,702920373161.0643,1.3111758013665444e-05,57.228714,-7.608375,0.07399481,0.12210349,223.70972,55.3495,-7.8769717,0.00485513004682872,0.024663089250381704,0.0038049894712084394,1086.9006769857006,975.6331,111.2675593099193,-273.0168,273.0168,38291.01053445772,13756.410174169932,4.057582156940187e-06,0.004501274082161294,31.79925214357495,1.0321232854277502,18357321.03566483,0.14703396438610036,4.864219157021163e-17,2.992315684761267e-05,-13.769065,9.977827,-3.7912378,True,-424138.3847365174,1202,0.12111111111111111,875394.5949626933,3606824.73152932,,
558001,768,1,2019-03-20 01:51:21,2019-03-20 01:58:36,0 days 00:07:15,132.99385692185172,32.5347024827835,10915.771248234872,229.33916962558305,True,236.16698375281,-0.2902740444449706,-0.9569435610951983,455.4852600470192,111.15812430641849,2314.968886355802,222.41315,0.00011190706,22933.916962558305,1.1486199687089387,0.3592197828384526,9.742740114420764e-05,13653041078888.434,1.3755765867616267e-05,57.236637,-7.5948305,0.07361984,0.1223375,223.7049,55.356857,-7.8629975,0.004856812257445426,0.024882707561025865,0.003787560341778647,1086.8919267553435,975.63403,111.25789355221855,-273.04874,273.04874,37009.72117722161,13294.624004193227,1.5164374369962393e-06,0.001170992980461075,30.74539345233372,0.8926249522690384,368904186.3760778,0.4684839998545035,1.828636285454233e-18,2.8339717986140662e-05,-45.631226,14.553859,-31.077366,True,-3341299.2707803026,1202,0.12083333333333333,875164.4308802665,3606745.099648072,,
558002,769,1,2019-03-20 01:51:22,2019-03-20 01:58:36,0 days 00:07:14,132.99144623718524,32.534085968746865,10915.864198964344,229.33581660054918,True,236.25240322945638,-0.290313804602356,-0.9569314995637384,454.7405392707938,111.0607551501057,2310.571643277523,222.41339,0.000111938214,22933.58166005492,1.1488896092352132,0.3592141352992935,9.743165331495286e-05,13635651782562.145,1.3782334756328002e-05,57.237408,-7.5826516,0.07328612,0.122565456,223.70506,55.35691,-7.8504252,0.004857411063658504,0.024900112584362328,0.0037975897996524993,1086.8833439961581,975.6347,111.2486394063144,-273.07962,273.07962,36913.35579389371,13259.799182498695,1.5167312377377368e-06,0.0011712814844693218,30.713022290018365,0.8925406386622662,369396157.2796853,0.4688426122173272,1.8345724683220822e-18,2.8397640551265735e-05,-45.667805,14.569603,-31.098202,True,-3339254.274483971,1202,0.12055555555555555,874940.394169034,3606668.1811225326,,
558003,770,1,2019-03-20 01:51:23,2019-03-20 01:58:36,0 days 00:07:13,132.9890347274868,32.53346914722455,10915.939115416917,229.3331141574702,True,236.16556234638009,-0.2904747651053826,-0.9568826525948586,454.2139801812782,110.96350280835783,2307.9317448256847,222.41377,0.00011197066,22933.31141574702,1.149153386728696,0.35920928701317545,9.743752130244886e-05,13645761846543.697,1.380989691789262e-05,57.238003,-7.570499,0.07295384,0.122793525,223.70537,55.35678,-7.837879,0.0048580061383322005,0.024917622401486317,0.0038107742285121075,1086.8747572031787,975.6352,111.23956433208491,-273.11047,273.11047,36833.24159295952,13230.84245099103,1.5162613593410276e-06,0.0011708259339055348,30.680816684081513,0.8924243762752304,370474095.04006326,0.46943110110085323,1.836709137455046e-18,2.844221822253621e-05,-45.72736,14.586082,-31.141277,True,-3338791.7503979597,1202,0.12027777777777778,874716.2783039226,3606591.230904717,,
558004,771,1,2019-03-20 01:51:24,2019-03-20 01:58:36,0 days 00:07:12,132.9866242440549,32.532852210655534,10916.069132390656,229.328424147823,True,235.357101286492,-0.29117050688355406,-0.9566711743964976,454.1871655201333,110.71669786544547,2310.2611014615695,222.41377,0.00011199908,22932.8424147823,1.1494215528000506,0.35920194095228214,9.743951400316447e-05,21160600771828.645,1.4337710816219776e-05,57.239124,-7.5582814,0.07262018,0.12302148,223.70529,55.357197,-7.825266,0.004858612887755385,0.024948532309758784,0.00383979843540206,1086.866176418727,975.6356,111.23055630153954,-273.1412,273.1412,36730.31517981456,13193.600504378463,1.325213147632441e-06,0.0009880948067340612,30.58237790746888,0.8848554505622372,576107247.3306088,0.4798934466071341,1.1873678712431776e-18,2.8355075594364704e-05,-46.86042,13.3273945,-33.533028,True,-3580622.3890684107,1202,0.12,874492.2565056768,3606514.2768765246,,
558005,772,1,2019-03-20 01:51:25,2019-03-20 01:58:36,0 days 00:07:11,132.9842225613089,32.532235913950615,10916.365055034914,229.3177498306916,True,244.38416247541863,-0.279756493461612,-0.9600709892325999,447.2401600845393,110.30636191356832,2137.7781994261145,222.41267,0.0001120153,22931.77498306916,1.1496908395160803,0.35918700165294837,9.743080402573956e-05,21040592134012.777,1.4363407407665165e-05,57.241844,-7.545885,0.0722816,0.123248495,223.70409,55.35925,-7.8124685,0.004859486496740715,0.02499401057534673,0.0035587946935711967,1086.8576444878972,975.6359,111.22171919492848,-273.17184,273.17184,36343.672533278535,13054.174766284932,1.3238242521466147e-06,0.0009868001813491678,30.41144606797687,0.8849239316020191,578934121.6066345,0.48262706118142085,1.1959167140577444e-18,2.8604691497087315e-05,-47.131813,13.390773,-33.74104,True,-3683754.2302737692,1202,0.11972222222222222,874269.0564485202,3606437.430173938,,
558006,773,1,2019-03-20 01:51:26,2019-03-20 01:58:36,0 days 00:07:10,132.98171991697183,32.53162106296837,10916.64441579864,229.30767329144498,True,244.6219915829251,-0.2797034755008205,-0.9600864366257665,445.45583758464926,109.99409747324505,2123.6838106482087,222.4117,0.00011203297,22930.7673291445,1.149962505504311,0.35917280074294433,9.742314933219051e-05,20947336527060.56,1.438870359948923e-05,57.24437,-7.533052,0.07193086,0.123485066,223.703,55.361088,-7.7992225,0.0048603565911076885,0.025030908238257394,0.003569260461767988,1086.848415765169,975.63556,111.21285668313772,-273.2029,273.2029,36095.12706108419,12964.38787970205,1.323515329695866e-06,0.0009865194908614669,30.284148652175997,0.8847256954541998,580336966.0289918,0.4819779397923561,1.2032473300594773e-18,2.873656321550457e-05,-47.06961,13.37396,-33.695652,True,-3667674.8153440244,1202,0.11944444444444445,874036.3568687668,3606360.3939312524,,
558007,774,1,2019-03-20 01:51:27,2019-03-20 01:58:36,0 days 00:07:09,132.9792148133949,32.53100573009296,10916.869393612995,229.2995586051372,True,244.81241096926922,-0.2796876783153304,-0.9600910387034034,443.6786222870359,109.68400103134351,2110.2060579253025,222.41107,0.00011205456,22929.95586051372,1.150233125853304,0.35916110128221534,9.741899633022628e-05,20857421267905.195,1.4414568434104516e-05,57.24637,-7.520288,0.07158292,0.12372191,223.70227,55.362385,-7.786046,0.004861214944721155,0.025067945335075923,0.003580740196669301,1086.8391740322443,975.6351,111.20410323146302,-273.23392,273.23392,35847.53987673653,12875.041900386823,1.323154564057242e-06,0.0009861879311972726,30.15819238509399,0.88452564766288,581836894.2366596,0.4813241023798856,1.2104903871218338e-18,2.8870006543328257e-05,-47.006958,13.356497,-33.65046,True,-3650962.29718135,1202,0.11916666666666667,873803.42514522,3606283.301310553,,
558008,775,1,2019-03-20 01:51:28,2019-03-20 01:58:36,0 days 00:07:08,132.97670776421853,32.530389952806765,10916.993622790651,229.29507790382394,True,246.81890055472923,-0.27852142702354116,-0.9604300155080381,440.18863291254905,109.64734175829675,2085.023993623467,222.4111,0.00011208349,22929.507790382395,1.150503254148063,0.3591540170552317,9.742127433862509e-05,9977838363399.705,1.3802523736995194e-05,57.24739,-7.507658,0.071239725,0.12395904,223.70224,55.362682,-7.773006,0.004861704156157316,0.025080043918541683,0.0035589351104843253,1086.8299222661026,975.63446,111.19546181688384,-273.2649,273.2649,35571.956422056304,12775.811043495169,1.6632244389690946e-06,0.0013156184188529818,30.152582004329556,0.8978034844300256,280497317.7469927,0.39867705324495084,2.57136523944259e-18,2.9309458967383196e-05,-38.716274,13.481653,-25.234621,True,-2741830.4354582457,1202,0.11888888888888889,873570.3093986162,3606206.158292811,,
558009,776,1,2019-03-20 01:51:29,2019-03-20 01:58:36,0 days 00:07:07,132.9741793050357,32.52977172014152,10916.196773315221,229.323819923254,True,245.2754340379946,-0.27958022960242035,-0.960122333463532,445.0958388740377,111.91218454252584,2132.6221304090795,222.41724,0.000112180205,22932.3819923254,1.150761397777024,0.3591891471566546,9.748346216266071e-05,705794514769.3943,1.3341159757153097e-05,57.239513,-7.496181,0.070932485,0.124199405,223.70844,55.353855,-7.7611465,0.004861073397291591,0.02488495638701553,0.003565021021522776,1086.8205546109784,975.6336,111.18694865394718,-273.296,273.296,36755.65484426305,13202.232316695206,4.020081988969203e-06,0.004430530950274475,31.166758124264756,1.0276315984326543,19202338.191494826,0.14763993372125517,4.895998667203554e-17,3.080143053563397e-05,-13.83597,9.976312,-3.8596582,True,-421037.5379747019,1202,0.11861111111111111,873335.1882241645,3606128.673386179,,
558010,777,1,2019-03-20 01:51:30,2019-03-20 01:58:36,0 days 00:07:06,132.9716674666234,32.52915501511526,10916.268793100082,229.32122208053408,True,245.8682795755076,-0.27929166225505586,-0.9602063150150637,444.7253215101261,112.02779790595427,2132.8156785009637,222.41763,0.000112213085,22932.12220805341,1.1510299146151626,0.35918441887969443,9.74892865998388e-05,703054414295.9203,1.3363702554399667e-05,57.24002,-7.4836087,0.07059236,0.124437205,223.70876,55.353626,-7.7481637,0.004861667096625411,0.024883348373030266,0.0035639694564955867,1086.8112771980213,975.6326,111.1786478034901,-273.32687,273.32687,36763.52994544318,13204.887139420252,4.027833750370054e-06,0.004445155685469922,31.22916831342914,1.0283782607744776,19123691.74938446,0.14829033306856407,4.9300656730859785e-17,3.083861388194593e-05,-13.896726,10.033024,-3.8637018,True,-422152.4911951637,1202,0.11833333333333333,873101.6201371683,3606051.4221879323,,
558011,778,1,2019-03-20 01:51:31,2019-03-20 01:58:36,0 days 00:07:05,132.96914935400775,32.52853745745128,10916.19920814839,229.32373209542092,True,245.87840367935704,-0.27938641411828957,-0.9601787498201174,444.9396406272046,112.14289077060546,2138.408177522686,222.41895,0.00011225644,22932.373209542093,1.1512990369413236,0.3591862405835717,9.750415753022963e-05,701831987221.1571,1.3389262839952402e-05,57.239155,-7.4712033,0.07025802,0.12467585,223.71004,55.35199,-7.7353516,0.004861884773047223,0.024882248179337284,0.0035728303236837104,1086.8019657073066,975.63153,111.17043494558789,-273.35776,273.35776,36813.597297707354,13222.937615721037,4.03457541413174e-06,0.004457866804216961,31.291984857183532,1.0290479695999437,19064477.2241496,0.14891216582364908,4.953981334520615e-17,3.083848223485905e-05,-13.9549265,10.086193,-3.8687334,True,-422930.7782187908,1202,0.11805555555555555,872867.462784678,3605974.060155439,,
558012,779,1,2019-03-20 01:51:32,2019-03-20 01:58:36,0 days 00:07:04,132.96663122731422,32.52791966484829,10916.128948644919,229.32626646479142,True,244.52837497569314,-0.28032980194251994,-0.9599037462906724,446.98489538989776,112.25921584838102,2156.190895688418,222.42027,0.00011229987,22932.62664647914,1.1515666168398406,0.3591880564597358,9.751921531166283e-05,704500531948.2733,1.3418210153165634e-05,57.238277,-7.458804,0.0699245,0.12491456,223.7113,55.35034,-7.7225447,0.004862332875768232,0.024881043391164096,0.0036034459493025275,1086.7926545386633,975.63025,111.16240551522583,-273.38855,273.38855,37008.03266294845,13292.843325602873,4.039470135841364e-06,0.004467099660159185,31.355418173988845,1.0295181847629054,19036422.129339565,0.14948104468126638,4.9501493935519586e-17,3.0712296360026485e-05,-14.008391,10.133,-3.875391,True,-423268.4075300211,1202,0.11777777777777777,872633.3020816466,3605896.6778168106,,
558013,780,1,2019-03-20 01:51:33,2019-03-20 01:58:36,0 days 00:07:03,132.96412767417917,32.52730319314861,10916.9203607373,229.29772031295323,True,238.00528201342408,-0.28886987042885043,-0.957368371087336,446.69705800492164,109.94387438724951,2236.926767993066,222.41591,0.000112279464,22929.772031295324,1.1518391751309056,0.35915039890703676,9.747842078687703e-05,14437099453428.922,1.4131231805034387e-05,57.24573,-7.445318,0.06955853,0.12515041,223.70676,55.35724,-7.708623,0.004863890399497848,0.025098215445197906,0.003862597593824301,1086.7834224774115,975.62897,111.15445519225523,-273.4192,273.4192,35920.3026049026,12900.791009412242,1.4869150447138676e-06,0.001142372707582051,30.33785823498146,0.8903942140246563,401920318.21743244,0.4832450045073695,1.767176807736072e-18,2.8973859323324746e-05,-47.115356,14.783484,-32.33187,True,-3435149.2449140353,1202,0.1175,872400.5029218876,3605819.498913615,,
558014,781,1,2019-03-20 01:51:34,2019-03-20 01:58:36,0 days 00:07:02,132.9616973475956,32.52668488568516,10917.139494681369,229.28981668305698,True,238.58949309161102,-0.28855143591373517,-0.957464395595012,445.4022846956854,109.8434938738727,2227.421349991861,222.41531,0.000112301044,22928.9816683057,1.1521062623799023,0.3591389862379002,9.74745541704838e-05,14266278509526.67,1.4145490353657941e-05,57.247673,-7.4329476,0.06922667,0.12538026,223.70607,55.358498,-7.6958447,0.004864632088089991,0.0251156681245201,0.0038635099673339627,1086.7747018832595,975.62787,111.14683323091572,-273.4494,273.4494,35785.90646986802,12852.114171192716,1.491447531122918e-06,0.0011467704403453547,30.303543319095663,0.8904707047428754,398656340.35395956,0.48241931370012486,1.791514329071606e-18,2.9069582782827058e-05,-47.033108,14.799464,-32.233643,True,-3423233.0306197857,1202,0.11722222222222223,872174.5921609795,3605742.3783925506,,
558015,782,1,2019-03-20 01:51:35,2019-03-20 01:58:36,0 days 00:07:01,132.95926082702886,32.52606574346138,10917.218529404698,229.28696614639918,True,238.52178203578248,-0.28869945604338476,-0.9574197742266731,444.81357376788014,109.73946810383737,2224.271858705801,222.41566,0.00011233303,22928.696614639917,1.152368320100253,0.3591339501086821,9.748014365962671e-05,14276573490250.256,1.4171956552441528e-05,57.248253,-7.420742,0.068900496,0.12561096,223.70633,55.358364,-7.683234,0.004865343555310062,0.025133882639751515,0.0038766500340777425,1086.7659476474316,975.6265,111.13942176852538,-273.47958,273.47958,35700.08645782766,12821.113068821116,1.4908176899035219e-06,0.0011461620081926315,30.26810867677967,0.8903370601217349,399903050.8543755,0.48292208831922506,1.7933525532344074e-18,2.911984323854594e-05,-47.08423,14.811766,-32.27246,True,-3421851.123643375,1202,0.11694444444444445,871948.0996570932,3605665.148994211,,
558016,783,1,2019-03-20 01:51:36,2019-03-20 01:58:36,0 days 00:07:00,132.95682512844854,32.52544645950583,10917.34362904159,229.28245425023647,True,238.06488943227117,-0.28913547684890295,-0.9572881885970167,444.40087798436934,109.50965657187936,2222.935020290452,222.4157,0.00011236156,22928.245425023648,1.1526362129481347,0.359126839145235,9.748223868013814e-05,21003272843720.586,1.4659657137086835e-05,57.249275,-7.408484,0.06857336,0.12584151,223.70628,55.35869,-7.6705694,0.004865949547655077,0.025163619941120048,0.0038990577300417758,1086.7571983421005,975.6251,111.13207627178804,-273.5097,273.5097,35579.019149762746,12777.380687142082,1.3241593234257337e-06,0.0009871367459900046,30.177131209823735,0.8838076729851746,590327483.6023872,0.48532307252703905,1.2226543370406813e-18,2.906875132392239e-05,-47.41318,13.493819,-33.91936,True,-3584434.628526842,1202,0.11666666666666667,871721.6820897684,3605587.912190573,,
558017,784,1,2019-03-20 01:51:37,2019-03-20 01:58:36,0 days 00:06:59,132.9543944469986,32.52482742854227,10917.557356169656,229.27474604400422,True,245.4458343653682,-0.29118942907015166,-0.9566654150735245,443.78883437941465,109.21028592134194,2235.9108544877754,222.41515,0.00011238343,22927.47460440042,1.1529004037902824,0.3591156446072821,9.747887118531347e-05,20943946118838.875,1.4683888625298191e-05,57.251156,-7.3961368,0.06824413,0.1260714,223.70564,55.359886,-7.6578126,0.004866689565264437,0.025199736861862256,0.0039645880149577805,1086.7484772882704,975.6236,111.1248810968641,-273.53973,273.53973,35378.04853399891,12704.810704234731,1.3236229068093182e-06,0.0009866397407029095,30.055440266701957,0.8835576682266888,592003996.4530939,0.4838619897970168,1.2279852200049261e-18,2.9163919911417774e-05,-47.270924,13.4533825,-33.817543,True,-3679377.344309773,1202,0.11638888888888889,871495.7322098385,3605510.726434306,,
558018,785,1,2019-03-20 01:51:38,2019-03-20 01:58:36,0 days 00:06:58,132.95189005339648,32.52418467092201,10917.804088564193,229.26584774257165,True,245.88624591795553,-0.2909799655891427,-0.9567291464284661,442.2918568178165,109.0190959970424,2224.084909187399,222.41441,0.00011240413,22926.584774257164,1.1531713402451436,0.3591028935501797,9.747391920621794e-05,20870478663611.95,1.4708467939817654e-05,57.253353,-7.38338,0.06790475,0.12630819,223.7048,55.36139,-7.6446314,0.004867552818050172,0.02522595318567866,0.003969983027371918,1086.739550120273,975.62195,111.11760187808545,-273.57074,273.57074,35197.94100080731,12639.682460398413,1.3236436555953521e-06,0.000986667314929065,29.981457280844992,0.8834194117641446,592946009.6297468,0.48382591839414424,1.2343420012698338e-18,2.9275445110228586e-05,-47.268723,13.455483,-33.81324,True,-3673096.1145701814,1202,0.11611111111111111,871262.947608293,3605430.6559105883,,
558019,786,1,2019-03-20 01:51:39,2019-03-20 01:58:36,0 days 00:06:57,132.94938101605032,32.523541222884674,10917.944633300443,229.2607791799896,True,246.48371418392918,-0.290678992674333,-0.9568206327299987,440.47565116413017,108.82814782354369,2210.997140330569,222.41437,0.000112432754,22926.077917998962,1.1534461389175463,0.35909502048954955,9.747551261712844e-05,20782594558220.055,1.4734947070651257e-05,57.254513,-7.37075,0.067569904,0.12654565,223.70468,55.36183,-7.631579,0.0048681616157819005,0.025252513498999898,0.003973061139840388,1086.7305977786757,975.6201,111.1104805911757,-273.6017,273.6017,34992.19750304916,12565.523879331802,1.3237028074246382e-06,0.0009867268706823834,29.907980419794246,0.8833030190265865,593920817.8168603,0.48385862337216756,1.2417854810488204e-18,2.9411221721776817e-05,-47.27326,13.4595785,-33.81368,True,-3666922.7789397994,1202,0.11583333333333333,871029.7261734902,3605350.4983280716,,
558020,787,1,2019-03-20 01:51:40,2019-03-20 01:58:36,0 days 00:06:56,132.94686566004754,32.522896878539115,10917.745044780055,229.2679771066945,True,247.3807976748172,-0.2901605179327544,-0.9569779902552596,439.8016654604557,109.56026166284828,2210.4522251775347,222.41658,0.00011248688,22926.79771066945,1.1537210643223896,0.3591027353513889,9.749919889171283e-05,3177405499090.6445,1.3827904185450323e-05,57.252373,-7.358549,0.06724873,0.12678464,223.70688,55.358887,-7.6189656,0.004868236088323101,0.025193757006554653,0.003957085267275769,1086.7216115280942,975.61816,111.10344746559417,-273.63266,273.63266,35203.56799693197,12641.697561826884,2.4285314011224475e-06,0.002119677909786626,30.24120261124082,0.9289372225134724,90258052.80213526,0.27063563476163965,8.925046701000513e-18,3.0133169971945336e-05,-25.958008,12.559553,-13.398455,True,-1457208.0911822722,1202,0.11555555555555555,870795.9112809605,3605270.225031121,,
558021,788,1,2019-03-20 01:51:41,2019-03-20 01:58:36,0 days 00:06:55,132.9443407581831,32.52225134392441,10917.174947898215,229.2885379922423,True,243.42262978814185,-0.2833200983780174,-0.9590254020906174,439.9412811455408,111.164120287582,2147.1242807567724,222.42125,0.00011256895,22928.85379922423,1.1539966875333125,0.3591274032493587,9.754703244290355e-05,703641021227.909,1.3635384476606003e-05,57.246628,-7.3468013,0.06694191,0.12702563,223.71156,55.352253,-7.6068153,0.004867999863972159,0.025056768837672837,0.0037655129133380067,1086.7125732812399,975.616,111.09654544920863,-273.6636,273.6636,35963.32051922244,12915.413910292735,4.023977471622558e-06,0.004437964723396215,30.963805971665042,1.0255141208547547,19565518.73044682,0.1494743982522461,5.021980281101787e-17,3.134454754104031e-05,-14.013897,10.12561,-3.8882866,True,-416074.5398153877,1202,0.11527777777777778,870561.200730606,3605189.7921972694,,
558022,789,1,2019-03-20 01:51:42,2019-03-20 01:58:36,0 days 00:06:54,132.9418509506063,32.5216311108479,10917.179131199353,229.28838711354314,True,244.00035046232657,-0.2830239956607048,-0.9591128285453434,439.95975572928467,111.38010638194153,2151.202187581657,222.42209,0.000112606685,22928.838711354314,1.1542610606834467,0.3591258046585973,9.755738044851582e-05,700294508642.0024,1.3656145978173918e-05,57.246437,-7.334489,0.06661731,0.12726186,223.71234,55.351326,-7.5940895,0.0048684639361673025,0.025045911246472943,0.0037628344462171752,1086.7034579009137,975.61346,111.08999354544494,-273.69363,273.69363,36035.14262755415,12941.149592107704,4.035098252740285e-06,0.0044589525126542615,31.07077556994337,1.0266896933958964,19433654.415634934,0.15034199991687913,5.063545183107175e-17,3.1356160436894546e-05,-14.094638,10.202112,-3.8925257,True,-417549.56873153127,1202,0.115,870329.6822665939,3605112.2949748463,,
558023,790,1,2019-03-20 01:51:43,2019-03-20 01:58:36,0 days 00:06:53,132.93935502404565,32.52101005552373,10917.041037772353,229.29336775768587,True,244.0120438820224,-0.2831169363872021,-0.9590853978299977,440.5501652803796,111.59803171003885,2160.617360769051,222.42386,0.0001126552,22929.33677576859,1.154529711152638,0.3591307492448814,9.757670195157056e-05,698397364127.5005,1.3680201960225403e-05,57.244858,-7.322342,0.066298366,0.12749912,223.71408,55.348976,-7.5815315,0.004868666689137626,0.025035376741639602,0.003770270183208011,1086.6943090789887,975.6108,111.08353027039493,-273.7236,273.7236,36148.64501085694,12982.089966936297,4.045375708272229e-06,0.004478359101533526,31.179360324857075,1.027798718194963,19320153.325739946,0.15117943013453022,5.095472666756121e-17,3.133047328614896e-05,-14.172644,10.275264,-3.8973799,True,-418663.06105922244,1202,0.11472222222222223,870097.5889403748,3605034.6908999286,,
558024,791,1,2019-03-20 01:51:44,2019-03-20 01:58:36,0 days 00:06:52,132.9368590665182,32.52038876649141,10916.902218768375,229.2983746596604,True,242.42607369687715,-0.2842668209121073,-0.9587452083470999,443.2146608501292,111.81653820604,2184.7460745633475,222.42563,0.00011270381,22929.83746596604,1.1547992435648575,0.3591357348785148,9.759602183690238e-05,701101445082.2928,1.3708437076492632e-05,57.243267,-7.3102,0.065980226,0.12773648,223.71582,55.346615,-7.568979,0.004868869280656725,0.025024832930774094,0.0038049569463306284,1086.6851604855156,975.6079,111.07725032926555,-273.75357,273.75357,36422.39623049887,13080.584036276658,4.053144529173374e-06,0.004493044028750939,31.288394000877023,1.0286637433383927,19249185.05211402,0.15193216669097825,5.0932641461948826e-17,3.1160042565858566e-05,-14.2430105,10.338913,-3.9040976,True,-419182.672183742,1202,0.11444444444444445,869865.4906670774,3604957.0664956653,,
558025,792,1,2019-03-20 01:51:45,2019-03-20 01:58:36,0 days 00:06:51,132.93438024130415,32.51976901212194,10917.700359898587,229.26958863978655,True,236.10917097223864,-0.2928052211441572,-0.9561721092307186,442.7906635802155,109.47654992720457,2261.639209353318,222.42122,0.00011268147,22926.958863978656,1.1550591014540368,0.3590977674173378,9.755472043336384e-05,18413425223493.83,1.466255261596925e-05,57.25078,-7.296905,0.06562805,0.1279692,223.71121,55.353584,-7.5552435,0.004870543877370892,0.02524628446886163,0.004067621536157486,1086.6761057671092,975.6049,111.07118633351547,-273.7833,273.7833,35320.95157261453,12683.674852781785,1.380238229258757e-06,0.0010400992579103758,30.2579622277164,0.8853950405428622,521317359.9142314,0.49770097807806835,1.4099066378722955e-18,2.934728153367594e-05,-48.61247,14.330189,-34.28228,True,-3580329.947003317,1202,0.11416666666666667,869634.9937560963,3604879.67764507,,
558026,793,1,2019-03-20 01:51:46,2019-03-20 01:58:36,0 days 00:06:50,132.93197249049325,32.51914727471249,10917.868452190398,229.26352654108857,True,236.4006986465995,-0.29268808689972975,-0.9562079709911314,441.66285967975114,109.34519622093663,2253.3171922211036,222.42097,0.00011270645,22926.352654108858,1.155318540311724,0.3590886680003541,9.755444012384502e-05,18270602053216.242,1.4679996131663483e-05,57.25219,-7.2847767,0.065311104,0.12819718,223.71088,55.35432,-7.542703,0.004871274601883329,0.02526666105352227,0.004074351106558057,1086.6675506546003,975.6023,111.06525573272529,-273.81262,273.81262,35188.34957640289,12635.737578521339,1.3826276737169054e-06,0.0010423739205159986,30.209759715179498,0.8853748766601274,519223046.06944126,0.49809141990708433,1.4232296714392838e-18,2.9434911210691743e-05,-48.650772,14.364211,-34.28656,True,-3576130.4424152374,1202,0.11388888888888889,869411.183940785,3604802.321284473,,
558027,794,1,2019-03-20 01:51:47,2019-03-20 01:58:36,0 days 00:06:49,132.929561692667,32.51852501851892,10917.966289299915,229.25999819268506,True,236.38701929037236,-0.29279982039638536,-0.9561737630660258,440.86574065383473,109.21203523617244,2248.0388677216965,222.42119,0.00011273676,22925.999819268505,1.1555819545171513,0.3590827901398444,9.755842697922462e-05,18287661152310.758,1.470647514038654e-05,57.252914,-7.2727323,0.06499734,0.12842569,223.71101,55.35435,-7.5302486,0.004871874353615056,0.025287495408786533,0.004087137668158355,1086.6589791450383,975.5994,111.05955287550705,-273.84192,273.84192,35078.20256304596,12595.978849429184,1.3815760676886487e-06,0.001041377560661298,30.16107509841606,0.8852304214071631,521339744.2312614,0.49813897421850717,1.4241651250299929e-18,2.950074888360159e-05,-48.657246,14.359139,-34.298107,True,-3570626.096443939,1202,0.11361111111111111,869187.0868849233,3604724.9021008164,,
558028,795,1,2019-03-20 01:51:48,2019-03-20 01:58:36,0 days 00:06:48,132.9271511373447,32.517902560829754,10918.078913584548,229.25593662146176,True,235.64750406833843,-0.293463726562481,-0.9559702093643198,440.7644444433656,109.03843587155032,2249.334319259178,222.4213,0.00011276592,22925.593662146177,1.155844994352153,0.3590762528743112,9.756145531399194e-05,21124330987638.14,1.4972190870608264e-05,57.25378,-7.2606754,0.064683825,0.12865412,223.71106,55.35453,-7.51778,0.004872361709817028,0.025312061689612024,0.004114975391634454,1086.650409452604,975.59644,111.05397390572898,-273.87115,273.87115,35000.75447727537,12567.939765473811,1.3236388704797257e-06,0.0009866584026416605,30.094473259928694,0.8829359864094682,603539303.7413907,0.4914009694228155,1.2412758245774428e-18,2.9492710043343117e-05,-48.02752,13.680806,-34.346714,True,-3563235.3230409115,1202,0.11333333333333333,868963.0105421669,3604647.4667340256,,
558029,796,1,2019-03-20 01:51:49,2019-03-20 01:58:36,0 days 00:06:47,132.9247486530158,32.51728064402147,10918.373455838482,229.2453148152933,True,244.7385663703503,-0.2819908433741361,-0.959417096081336,433.93441191238503,108.6232679091643,2085.956311205039,222.42021,0.00011278113,22924.53148152933,1.1561024574702954,0.3590613737358753,9.755288191721558e-05,21000155861142.887,1.4994527886771092e-05,57.256413,-7.248423,0.064365044,0.12888113,223.70987,55.35652,-7.5051107,0.004873235396840983,0.025358902529049435,0.003829079199990345,1086.6418851070391,975.5933,111.04856235313287,-273.90027,273.90027,34622.305502378236,12431.532575587085,1.322083855315181e-06,0.0009852080928976679,29.9210054365434,0.8829923774063717,606549897.7155166,0.4939513619254617,1.2500570962956436e-18,2.976068372191411e-05,-48.28077,13.737595,-34.543175,True,-3664175.0377625586,1202,0.11305555555555556,868739.687867566,3604570.1247019554,,
558030,797,1,2019-03-20 01:51:50,2019-03-20 01:58:36,0 days 00:06:46,132.9222445031345,32.51665998375134,10918.634112078616,229.2359153416134,True,244.89490086331583,-0.28198791618467606,-0.9594179564328699,432.22718024601727,108.30755900961337,2072.3686597532887,222.41934,0.00011279915,22923.59153416134,1.1563657868095358,0.35904805748898727,9.75462525366049e-05,20914171098357.098,1.5016744773060722e-05,57.258682,-7.2357554,0.06403506,0.12911789,223.7089,55.35812,-7.492014,0.004874101602034671,0.02539690381411961,0.0038414848194125058,1086.6326594549298,975.5896,111.04305984555481,-273.92984,273.92984,34384.29289431763,12345.613571837133,1.321488208463018e-06,0.0009846575315644252,29.79190745078551,0.8827827843211107,608247817.183217,0.49301106981898857,1.2568734542844556e-18,2.9896295809043587e-05,-48.189674,13.7104025,-34.47927,True,-3645288.6526337136,1202,0.11277777777777778,868506.7990269023,3604492.57511245,,
558031,798,1,2019-03-20 01:51:51,2019-03-20 01:58:36,0 days 00:06:45,132.9197387683446,32.5160389333542,10918.858336057012,229.22782989428913,True,245.06585462487755,-0.2819797645139215,-0.9594203522985498,430.4701379014769,107.99366280845673,2058.7995066658555,222.41873,0.00011281991,22922.782989428913,1.156625849289961,0.3590363819091378,9.754226696657773e-05,20826094156973.613,1.5039087517153737e-05,57.26059,-7.2231345,0.06370714,0.12935492,223.70818,55.359352,-7.4789643,0.0048749601256042755,0.02543493900848381,0.0038537741489407347,1086.6234254840242,975.58563,111.03779315980546,-273.95932,273.95932,34143.27860569288,12258.679217103643,1.3208894301007161e-06,0.000984102736891084,29.66383134230584,0.8825738035257827,609961755.5035026,0.4920739160074821,1.2638863028517796e-18,3.0037149267626678e-05,-48.09886,13.683201,-34.41566,True,-3626301.9511536635,1202,0.1125,868273.7597717433,3604414.9824923305,,
558032,799,1,2019-03-20 01:51:52,2019-03-20 01:58:36,0 days 00:06:44,132.91723129475469,32.515417467195746,10918.988450409923,229.2231381168407,True,246.8999720567769,-0.2808688889524921,-0.95974614727989,427.19887500077016,107.93584838064695,2034.9804081304876,222.41872,0.00011284782,22922.313811684067,1.1568897884669118,0.3590290552094572,9.754413866409683e-05,10008256399635.512,1.4393295106245887e-05,57.26158,-7.2106347,0.06338352,0.1295925,223.7081,55.359646,-7.4660378,0.004875451269084579,0.025448886496300116,0.0038335296606780062,1086.6141824689537,975.58154,111.03263950020369,-273.98874,273.98874,33882.494911475085,12164.800136206142,1.6576122464417626e-06,0.0013100829327580088,29.64832779735968,0.8954594938653395,295381329.6743383,0.41129256145070275,2.670110041704583e-18,3.0480690400265684e-05,-39.98321,13.912446,-26.070766,True,-2749941.5938224676,1202,0.11222222222222222,868040.5557327166,3604337.3434753288,,
558033,800,1,2019-03-20 01:51:53,2019-03-20 01:58:36,0 days 00:06:43,132.91470422564709,32.51479381895436,10918.242278645044,229.25004528844988,True,246.02513994895907,-0.281521491866082,-0.9595549226685754,431.0563201662208,110.06540367573714,2073.5464658553883,222.42451,0.00011294308,22925.004528844987,1.1571663692449472,0.3590618409614983,9.760314943479746e-05,702959418673.6486,1.3907547744581789e-05,57.254025,-7.199193,0.0630921,0.12983572,223.71394,55.351173,-7.454194,0.004874945869223382,0.02525936223928689,0.003828727011682565,1086.6048319437737,975.5772,111.02762247111741,-274.01825,274.01825,34910.88974820073,12535.168342592851,4.011722125377121e-06,0.0044149836749666094,30.600184327603948,1.0223295581300174,20135820.763774097,0.1506067930200758,5.115283775284838e-17,3.205466222425662e-05,-14.127287,10.202455,-3.9248323,True,-415885.23168519046,1202,0.11194444444444444,867805.5152781685,3604259.4003260736,,
558034,801,1,2019-03-20 01:51:54,2019-03-20 01:58:36,0 days 00:06:42,132.91218661835853,32.51417093387424,10918.183483440864,229.25216556936815,True,246.2453318021664,-0.2814726837963249,-0.9595692410016561,431.27338820075545,110.24456574870246,2079.242451349431,222.42575,0.000112985654,22925.216556936815,1.1574377494124237,0.3590631627529709,9.761704570608193e-05,700701371490.5477,1.3929037643315069e-05,57.25316,-7.186902,0.062776044,0.13007525,223.71515,55.349564,-7.4414797,0.004875165285924084,0.02525168920930756,0.003833032326316052,1086.5955332305975,975.5729,111.02265725403504,-274.04764,274.04764,34982.335394851485,12560.867987360572,4.020838381986553e-06,0.004432136155843928,30.690560341793926,1.023283170090598,20030148.4615482,0.15138292097399908,5.147986363059752e-17,3.2053210635859055e-05,-14.199664,10.26979,-3.9298744,True,-417004.7762703459,1202,0.11166666666666666,867571.3582445371,3604181.5804092567,,
558035,802,1,2019-03-20 01:51:55,2019-03-20 01:58:36,0 days 00:06:41,132.90966673788472,32.51354759942226,10918.070480493092,229.2562407421443,True,246.25469819293588,-0.2815680132052561,-0.9595412726608715,431.70223132618423,110.42570388340144,2086.9040902470697,222.42735,0.000113032445,22925.624074214433,1.1577055484545125,0.35906695320019894,9.763488265271553e-05,698998313550.1095,1.3951272974361325e-05,57.251762,-7.174676,0.06246258,0.13031529,223.71672,55.34741,-7.428831,0.004875373063550796,0.02524405779395007,0.0038410978138583344,1086.5862222621724,975.56824,111.01798495748494,-274.07697,274.07697,35069.55052300004,12592.316656394069,4.029598719958037e-06,0.004448634875435358,30.782190268663726,1.0242053705457832,19931772.809340052,0.15213847764771307,5.1767837314124584e-17,3.203711674141734e-05,-14.270136,10.335246,-3.9348898,True,-417979.59860323335,1202,0.11138888888888888,867336.9862932805,3604103.708586208,,
558036,803,1,2019-03-20 01:51:56,2019-03-20 01:58:36,0 days 00:06:40,132.90714685249463,32.51292403015134,10917.956973309276,229.2603341580009,True,245.3712624192782,-0.28224090000847607,-0.9593435642992585,433.33783965045046,110.60807397452233,2102.3259639726525,222.42897,0.00011307931,22926.033415800088,1.1579740944144914,0.3590707501972342,9.765271119465192e-05,699805703895.0715,1.3976246037251123e-05,57.25035,-7.162456,0.062149934,0.1305554,223.71828,55.34524,-7.4161873,0.0048758122068741725,0.025236295224691566,0.003864157477214677,1086.5769116656757,975.56354,111.0133740680194,-274.10626,274.10626,35251.01947037382,12657.610006444438,4.037404613692082e-06,0.0044633544225252415,30.87445209935143,1.0250164586077564,19852069.937529393,0.15286459975095731,5.187213249978824e-17,3.1931291816598056e-05,-14.337962,10.3973055,-3.9406567,True,-418674.96038232424,1202,0.1111111111111111,867102.6118025267,3604025.8165082503,,
558037,804,1,2019-03-20 01:51:57,2019-03-20 01:58:36,0 days 00:06:39,132.90463654756059,32.51230121464215,10918.490096306488,229.24110862761722,True,236.68576736974114,-0.2936142611535812,-0.9559239852871338,435.34540586684017,108.91386764036334,2223.6638292485236,222.4263,0.00011307616,22924.11086276172,1.158227837416519,0.35904496629368915,9.762859747467444e-05,5975350593059.751,1.4350750504778695e-05,57.25525,-7.1494474,0.061814576,0.13079153,223.71547,55.349545,-7.402735,0.004876968550764787,0.025401614111475998,0.0041940638805215156,1086.5676538336515,975.5588,111.0088769781828,-274.13538,274.13538,34519.45155437086,12394.03531981572,1.9788915873558397e-06,0.0016376839504613986,30.131980329780255,0.9083074855724276,173100971.3073831,0.2636128205156026,4.669281636863863e-18,3.0345477762724553e-05,-25.417356,10.48781,-14.929546,True,-1537608.1779449156,1202,0.11083333333333334,866869.1319543526,3603948.046930835,,
558038,805,1,2019-03-20 01:51:58,2019-03-20 01:58:36,0 days 00:06:38,132.90222374317938,32.51167623668981,10918.542989887328,229.23920124564688,True,236.76326307282218,-0.29365702308521874,-0.9559108498143157,434.80597565137407,108.87272156218917,2221.2851627085984,222.42682,0.000113109774,22923.920124564687,1.158488217090631,0.359041122196377,9.763567084983888e-05,5946571056015.338,1.4371117809494014e-05,57.255493,-7.137514,0.06151119,0.1310207,223.71591,55.349094,-7.390385,0.004877558249739024,0.025413874648692786,0.0042037860767398325,1086.559076366113,975.5543,111.0047550770505,-274.164,274.164,34460.56164360779,12372.758724038367,1.981880716256532e-06,0.001640802358908082,30.123750525927086,0.9083517101399519,172561640.68116364,0.2634834154221329,4.7003349151484996e-18,3.0394818472295534e-05,-25.404448,10.497262,-14.907186,True,-1533875.9051147725,1202,0.11055555555555556,866644.8248508951,3603870.3792622094,,
558039,806,1,2019-03-20 01:51:59,2019-03-20 01:58:36,0 days 00:06:37,132.89981019871732,32.51105096304408,10918.578722146794,229.23791272099615,True,236.46632508517322,-0.2939766903361636,-0.9558125891297914,434.74357502392246,108.82983991029545,2222.4716327184906,222.42743,0.00011314471,22923.791272099614,1.1587517944209411,0.3590381375564897,9.764361439654316e-05,5948393062437.648,1.4393455885633127e-05,57.25556,-7.125605,0.061209157,0.13125005,223.71648,55.34847,-7.3780594,0.004877914431789634,0.02542630927525302,0.004220803562829985,1086.550495251564,975.5498,111.00069056406392,-274.19257,274.19257,34435.984758186576,12363.831832502976,1.9822276159431066e-06,0.0016411641508291244,30.11475303156026,0.9083000371300158,172737707.49429542,0.26369790695591616,4.706373816378389e-18,3.041030144994635e-05,-25.425802,10.508779,-14.917024,True,-1532731.4331927937,1202,0.11027777777777778,866420.4464393482,3603792.6815750417,,
558040,807,1,2019-03-20 01:52:00,2019-03-20 01:58:36,0 days 00:06:36,132.8973999467994,32.51042579411479,10918.801142726314,229.22989224616893,True,236.0961139424985,-0.29437549804371405,-0.9556898378404551,433.83676237022297,108.27820830184295,2216.0355162429587,222.42682,0.00011316512,22922.989224616893,1.1590080350340355,0.35902654216992025,9.763963582316788e-05,21094835157542.38,1.5263404788138426e-05,57.257454,-7.1134763,0.060901262,0.13147815,223.71577,55.34971,-7.365507,0.004878656028839998,0.025486590127825594,0.004247896894816563,1086.5419327304369,975.54504,110.99688878512438,-274.22104,274.22104,34165.85728695327,12266.449602005807,1.3220424691389915e-06,0.0009851695004570648,29.88091253966391,0.8820332217199316,617424435.7567385,0.49622990275994733,1.2666286542214765e-18,3.0097751042805543e-05,-48.517433,13.824609,-34.692825,True,-3549166.7982453243,1202,0.11,866196.3742397242,3603715.012186718,,
558041,808,1,2019-03-20 01:52:01,2019-03-20 01:58:36,0 days 00:06:35,132.8949937940825,32.50980075723043,10919.016075501104,229.22214199708287,True,243.57856123285265,-0.2962577861049754,-0.9551080170180641,433.0337952804544,107.97152537982298,2224.646844772892,222.42625,0.000113186026,22922.214199708287,1.159263941583742,0.35901532602767056,9.763611393661028e-05,21028846362174.43,1.5284203988931308e-05,57.25927,-7.1013823,0.060595006,0.13170587,223.71512,55.350876,-7.35299,0.004879397244107508,0.025523725375254054,0.004310250873445251,1086.5333939080951,975.5403,110.99311070497015,-274.24942,274.24942,33957.1913250909,12191.152114561495,1.3213100171865486e-06,0.0009844887863088392,29.75517693404202,0.8817800579735514,619275197.434726,0.49453258329951805,1.2721207213366325e-18,3.0207590518427516e-05,-48.351593,13.775961,-34.57563,True,-3642498.353790028,1202,0.10972222222222222,865972.6839900925,3603637.376883186,,
558042,809,1,2019-03-20 01:52:02,2019-03-20 01:58:36,0 days 00:06:34,132.8925129138908,32.50915178762684,10919.241637692538,229.2140086906286,True,243.59616489537433,-0.2963487661186437,-0.9550797918603228,431.43310242743604,107.65221559100326,2210.839297464272,222.42566,0.0001132074,22921.400869062858,1.1595274699763602,0.35900355379756843,9.763235971361045e-05,20955209912188.22,1.530538550932965e-05,57.26118,-7.088909,0.06028006,0.13194062,223.71442,55.352116,-7.3400793,0.004880256250260686,0.025562495106203908,0.004326024785214139,1086.5246429356296,975.5353,110.98936461531707,-274.27872,274.27872,33729.10695975285,12108.869264969571,1.3204824521160795e-06,0.0009837191745764755,29.62437435580247,0.8815618934357081,621279713.6073884,0.4934297257171948,1.2781193865434952e-18,3.033905211460077e-05,-48.24438,13.742308,-34.502075,True,-3621555.3633519528,1202,0.10944444444444444,865742.0619170079,3603556.8343778322,,
558043,810,1,2019-03-20 01:52:03,2019-03-20 01:58:36,0 days 00:06:33,132.89003194562787,32.50850257181522,10919.466078588575,229.20591604771164,True,243.64753122186053,-0.29641409690221027,-0.9550595181231623,429.80588713254934,107.33477663218001,2196.8180459315963,222.42506,0.000113228816,22920.591604771165,1.1597918473377964,0.35899182322941864,9.762856709995877e-05,20878097709356.016,1.53265439203088e-05,57.263077,-7.0764437,0.05996603,0.13217536,223.71373,55.353348,-7.3271756,0.00488099845663072,0.025601143486004813,0.004341116930844514,1086.5158919620303,975.5301,110.98580162999906,-274.30795,274.30795,33500.70776253256,12026.480159147502,1.3197083589369797e-06,0.0009829998316665581,29.494448325308536,0.8813570889596419,623213630.5104047,0.4923539654250108,1.2843850912145589e-18,3.0473348123067012e-05,-48.13978,13.709836,-34.429943,True,-3601081.47255072,1202,0.10916666666666666,865511.4294322394,3603476.2698985175,,
558044,811,1,2019-03-20 01:52:04,2019-03-20 01:58:36,0 days 00:06:32,132.8875505247196,32.50785307593183,10919.680448403185,229.1981867527898,True,245.38915925218663,-0.2952484806039058,-0.9554205015076267,426.1223010600882,107.01965091910074,2167.5381940092116,222.42455,0.000113250964,22919.81867527898,1.160053872197551,0.35898055187697164,9.762560767134331e-05,20656681959331.363,1.5348295093289935e-05,57.264874,-7.0639954,0.059653215,0.1324102,223.7131,55.354473,-7.3142886,0.0048818547586154185,0.025639821504019576,0.0043236905683079994,1086.5071389459356,975.5247,110.98241970765434,-274.33713,274.33713,33126.576572635786,11891.796739839554,1.3200682025693937e-06,0.0009833443894285577,29.365814935699873,0.8811992526373544,623568267.4313776,0.49186348391569357,1.3000548846921681e-18,3.0753439522713426e-05,-48.09219,13.702676,-34.389515,True,-3591570.666298244,1202,0.10888888888888888,865280.7523925107,3603395.6784363473,,
558045,812,1,2019-03-20 01:52:05,2019-03-20 01:58:36,0 days 00:06:31,132.88505045021685,32.50720151212044,10918.938779512451,229.22492918444715,True,245.9941303727419,-0.2827649537284477,-0.9591892310399178,424.5369337233445,109.21873532885458,2047.5064448111843,222.43033,0.00011334814,22922.492918444714,1.1603513042965137,0.3590131239449515,9.768433186998947e-05,701177502650.6152,1.4164536816100464e-05,57.257305,-7.0526896,0.059374664,0.13265252,223.71895,55.345997,-7.302571,0.004881235198894274,0.02544029638890121,0.003969558716229429,1086.4982831752188,975.51917,110.97911813615633,-274.36636,274.36636,34068.79878400815,12231.14588049873,4.006771122815133e-06,0.00440571105406332,30.347048135928066,1.0198048994802031,20581221.753546152,0.15179318352338003,5.217808302338576e-17,3.267340163477115e-05,-14.244114,10.293863,-3.9502506,True,-412179.40561958327,1202,0.10861111111111112,865048.3267173285,3603314.7991571766,,
558046,813,1,2019-03-20 01:52:06,2019-03-20 01:58:36,0 days 00:06:30,132.8825343321201,32.50657595477951,10918.917181401788,229.22570798760805,True,246.27547088360487,-0.282670882070827,-0.9592169579554464,424.56494972373054,109.3695664629525,2051.3337434971536,222.43132,0.00011338783,22922.570798760804,1.1606189507477278,0.3590127403123809,9.769600278404133e-05,698883806382.0431,1.4183283952408593e-05,57.25675,-7.0404243,0.059067227,0.13289219,223.7199,55.34472,-7.2898726,0.004881578291079336,0.025434764795465036,0.0039730428955997545,1086.4889980594944,975.51306,110.9759365360569,-274.39496,274.39496,34116.04783099621,12248.09582043421,4.014771354339387e-06,0.004420753783476908,30.42430786604903,1.0206146119073374,20485485.594467673,0.15247600547659818,5.249272348433079e-17,3.268483257187248e-05,-14.307797,10.353442,-3.9543552,True,-413111.3036201789,1202,0.10833333333333334,864814.2841464905,3603236.7562628128,,
558047,814,1,2019-03-20 01:52:07,2019-03-20 01:58:36,0 days 00:06:29,132.8800152812655,32.50594989035261,10918.823695050063,229.2290790232052,True,246.28537244233874,-0.2827661496211738,-0.9591888784949584,424.85934147430817,109.52272767965302,2057.608160897411,222.4328,0.00011343322,22922.90790232052,1.1608858014998242,0.3590156258972495,9.771264281164147e-05,697288443179.1409,1.4203398560610716e-05,57.255486,-7.028242,0.058762904,0.13313265,223.72133,55.342712,-7.277259,0.004881905929261734,0.025429335718600385,0.003981514614055788,1086.4796969256172,975.5067,110.97298305842969,-274.4235,274.4235,34182.81669780447,12272.165331693222,4.022360764060519e-06,0.004435030584750689,30.503067674073044,1.0213859883643077,20398800.056284625,0.1531446382519164,5.275828530592025e-17,3.267715287591051e-05,-14.370191,10.411416,-3.9587746,True,-413885.0560737516,1202,0.10805555555555556,864579.9648325776,3603158.652851036,,
558048,815,1,2019-03-20 01:52:08,2019-03-20 01:58:36,0 days 00:06:28,132.87749622042446,32.50532358975605,10918.729585335532,229.23247257726192,True,245.84521435399807,-0.2831528155595165,-0.9590748057585072,425.80932880880124,109.67748285731743,2067.702423849942,222.43428,0.00011347868,22923.24725772619,1.1611558972568998,0.3590185467115187,9.772906473481508e-05,696938347356.9841,1.4225408107236285e-05,57.254208,-7.016066,0.05845941,0.13337319,223.72276,55.340694,-7.2646503,0.004882233427808274,0.0254237254498884,0.003997582509800298,1086.4703961441196,975.5003,110.97009096833835,-274.45197,274.45197,34301.52346063391,12314.88310282785,4.029776012487714e-06,0.004448997005446622,30.582581324765535,1.022141427553602,20317999.815863118,0.15381538640149484,5.2935909446871644e-17,3.2618462669065046e-05,-14.432804,10.46932,-3.9634838,True,-414566.1010890369,1202,0.10777777777777778,864345.6424857797,3603080.5290121543,,
558049,816,1,2019-03-20 01:52:09,2019-03-20 01:58:36,0 days 00:06:27,132.87498198008797,32.50469755414111,10919.047540523012,229.22100741939602,True,236.77123687711222,-0.2947933511464583,-0.9555610289876,429.0678916363281,108.5718625244391,2197.094867656667,222.43303,0.0001134916,22922.1007419396,1.1614106214025817,0.3590026108762366,9.771875670802468e-05,2592092889451.9263,1.4435685048234305e-05,57.256966,-7.003394,0.058142103,0.1336106,223.7214,55.34282,-7.2515326,0.0048831119672919955,0.025535894553957918,0.00432838186538348,1086.46112213416,975.49365,110.96746979040995,-274.48035,274.48035,33883.28044822635,12164.186145965,2.6029789138026064e-06,0.0023133054597838016,30.101327756055163,0.9342127054479277,76500647.3742306,0.24165926473994126,1.1625956458847219e-17,3.1331117639537524e-05,-23.122824,11.931766,-11.191058,True,-1137337.4494092306,1202,0.1075,864111.7692702796,3603002.4568855087,,
558050,817,1,2019-03-20 01:52:10,2019-03-20 01:58:36,0 days 00:06:26,132.8725694250009,32.50406983993603,10919.106885729016,229.21886753983955,True,236.97121042057478,-0.29473947709906306,-0.9555776476243941,428.5502735176177,108.58001189888981,2195.0679308618387,222.43349,0.000113524584,22921.886753983956,1.161671884339027,0.35899851267872784,9.77251712788189e-05,2530621656190.5044,1.4450460386157364e-05,57.25722,-6.9915214,0.05784828,0.13384005,223.7218,55.342392,-7.2392344,0.004883587828879854,0.025543355119995555,0.00433487091122269,1086.4525517674933,975.4875,110.96506397452458,-274.5082,274.5082,33843.76978142281,12149.863014972063,2.6237510979697334e-06,0.0023365917969996514,30.114642443680943,0.935096808895552,74773634.04060231,0.2364231388961667,1.194508492863042e-17,3.1390856109435326e-05,-22.61203,11.755058,-10.856972,True,-1103038.2386094648,1202,0.10722222222222222,863887.4608668461,3602924.5520797824,,
558051,818,1,2019-03-20 01:52:11,2019-03-20 01:58:36,0 days 00:06:25,132.87015480710522,32.50344171034263,10919.118581747538,229.2184458047177,True,236.37258467451002,-0.29529068953052967,-0.9554074568876801,429.00445671675476,108.57360312531067,2200.38424757957,222.43427,0.00011356136,22921.84458047177,1.1619327513873308,0.35899660027081237,9.773487873632207e-05,2526349447039.6343,1.4470794001199697e-05,57.257004,-6.979705,0.05755675,0.13407005,223.72252,55.341488,-7.2269936,0.004884053995953366,0.025552256254584967,0.004357543245575603,1086.4439702912516,975.48126,110.96270808422037,-274.53598,274.53598,33869.64359509165,12159.086903021996,2.6271244848783754e-06,0.002340375453066346,30.121580464478303,0.9351804226382407,74590375.89063235,0.2357930614115151,1.198604962876044e-17,3.137011606875216e-05,-22.550732,11.738142,-10.81259,True,-1096910.7741286904,1202,0.10694444444444444,863662.9572374979,3602846.599470726,,
558052,819,1,2019-03-20 01:52:12,2019-03-20 01:58:36,0 days 00:06:24,132.86774673795605,32.502813996724974,10919.508759991424,229.20437711482478,True,236.1574100750864,-0.2955831865655421,-0.9553170048835935,427.22243422916404,107.5340680364232,2185.0711150426023,222.43256,0.000113568036,22920.43771148248,1.162176398409685,0.3589773334019875,9.772013615239258e-05,21102343505835.25,1.553368727379815e-05,57.260498,-6.967446,0.057252973,0.13429682,223.72069,55.344383,-7.2142982,0.004885064041869498,0.025659330831212385,0.004390209628049279,1086.4354255825544,975.47485,110.96057206692944,-274.56366,274.56366,33367.88934275183,11978.31593751365,1.3191491320751548e-06,0.0009824630765756415,29.671361674794646,0.8810791020689058,632414693.3320822,0.4998283988812332,1.2877013549956925e-18,3.069985709006154e-05,-48.884636,13.923767,-34.96087,True,-3522838.818853995,1202,0.10666666666666667,863439.0647457837,3602768.720735205,,
558053,820,1,2019-03-20 01:52:13,2019-03-20 01:58:36,0 days 00:06:23,132.86534110340807,32.50218623282449,10919.744583848797,229.19587433309619,True,242.77911593030598,-0.28706916267873755,-0.9579098578879583,422.23706454890896,107.19863800331997,2069.3491244233887,222.43185,0.00011358686,22919.587433309618,1.1624281052594936,0.35896513646241274,9.771516902775083e-05,21028170839862.207,1.5552474463443824e-05,57.262478,-6.9554005,0.056956016,0.13452438,223.71988,55.34573,-7.201821,0.00488592453321786,0.025699512922224894,0.004178241846901427,1086.4268956255266,975.4683,110.95857287162039,-274.59128,274.59128,33086.6123139787,11876.94030436631,1.3174926759824389e-06,0.000980916634813236,29.532718605938037,0.8810732060978935,635549225.7809076,0.5014970285345416,1.293350024892026e-18,3.091392167101319e-05,-49.050793,13.955876,-35.094917,True,-3593019.6642807242,1202,0.1063888888888889,863215.3984395829,3602690.8500501295,,
558054,821,1,2019-03-20 01:52:14,2019-03-20 01:58:36,0 days 00:06:22,132.86286132158466,32.50155945462289,10920.006163120514,229.1864432220242,True,242.92825001500395,-0.28706463101142154,-0.9579112159392834,420.51320398436815,106.87676907950038,2055.1733071697267,222.43098,0.00011360379,22918.64432220242,1.1626776818726934,0.35895177098559855,9.770875601433167e-05,20943861896429.137,1.5569987284432416e-05,57.26468,-6.942991,0.056649476,0.13475877,223.71892,55.347294,-7.1889687,0.004886675452862619,0.025738575886874223,0.0041913055175291005,1086.4178511754765,975.46124,110.95660849969522,-274.61914,274.61914,32851.45411611806,11792.087634432708,1.3166027215674503e-06,0.0009800905018062867,29.400258347386476,0.880862778144033,637532263.3330058,0.5002165546061641,1.299753331914865e-18,3.1059214181071874e-05,-48.925926,13.916864,-35.009064,True,-3571796.9654042786,1202,0.10611111111111111,862984.7532801568,3602612.8410883294,,
558055,822,1,2019-03-20 01:52:15,2019-03-20 01:58:36,0 days 00:06:21,132.86038002989528,32.500932301195654,10920.231346348965,229.1783246039641,True,242.9389063381697,-0.2871612069281194,-0.9578822689848611,418.93502771088185,106.55673407892871,2042.3277106355629,222.43034,0.00011362356,22917.83246039641,1.1629320443525146,0.3589400877197699,9.770438373422552e-05,20870865463616.1,1.5588259784558706e-05,57.26652,-6.9306264,0.056344938,0.13499355,223.71819,55.34849,-7.176162,0.004887418433837922,0.025777721382220876,0.0042070957049035115,1086.408798731201,975.454,110.95481923901343,-274.64697,274.64697,32627.694687700274,11711.387593297006,1.3156363430622279e-06,0.0009791914892294258,29.26889505542165,0.8806492534687875,639667180.3933433,0.49892148764433336,1.3055479399430195e-18,3.119536981760876e-05,-48.799633,13.876748,-34.922886,True,-3549753.787587483,1202,0.10583333333333333,862753.9646488845,3602534.7909786906,,
558056,823,1,2019-03-20 01:52:16,2019-03-20 01:58:36,0 days 00:06:20,132.85789872168664,32.500304909274725,10920.45973058788,229.17009081649977,True,244.680183928321,-0.2860388423792778,-0.9582180235470019,415.318990015863,106.22661171910978,2014.6980489716368,222.42969,0.000113643015,22917.009081649976,1.1631841327512507,0.3589282679258984,9.769993540069084e-05,21480565356819.902,1.56070095369105e-05,57.26839,-6.9182644,0.05604115,0.13522829,223.71744,55.349716,-7.163357,0.004888162896799883,0.025818023720822248,0.00419069553583662,1086.3997466882827,975.4466,110.95315245000143,-274.6747,274.6747,32255.06182755365,11577.253473606594,1.29859540465169e-06,0.0009632450714360888,29.133298170555783,0.8798616690539314,665959515.8013396,0.4920965648284857,1.2656875260690323e-18,3.147740634570367e-05,-48.137314,13.55014,-34.587173,True,-3510180.1707915883,1202,0.10555555555555556,862523.1724091565,3602456.7199907056,,
558057,824,1,2019-03-20 01:52:17,2019-03-20 01:58:36,0 days 00:06:19,132.8553987800371,32.499675492431436,10919.732136984938,229.19632310643985,True,246.1309774776681,-0.2839191499077484,-0.9588482238162939,417.74881309367,108.38573760418852,2018.196635605178,222.43533,0.000113732916,22919.632310643985,1.1634217711211106,0.3589602392767027,9.775725294498311e-05,698351149411.0186,1.4390048213867987e-05,57.26089,-6.9073486,0.055753328,0.13541383,223.72314,55.341385,-7.1519775,0.004887545114139869,0.025618125190995433,0.004109723148546242,1086.3905913133656,975.42944,110.96114795399058,-274.69482,274.69482,33223.53944455269,11925.929668635603,3.99951716671213e-06,0.004392139521329809,30.09481088730179,1.017160703894957,21019769.750194985,0.1525416665656828,5.314779115946043e-17,3.332648133967563e-05,-14.318921,10.351692,-3.967229,True,-407537.9766142235,1202,0.10527777777777778,862290.6331868053,3602378.3665191075,,
558058,825,1,2019-03-20 01:52:18,2019-03-20 01:58:36,0 days 00:06:18,132.85288236793122,32.49904703237199,10919.705704641852,229.1972761304696,True,246.2071632503989,-0.2839935700413675,-0.9588261845481478,417.67845518039104,108.46550302780581,2020.839228269779,222.43633,0.00011376115,22919.727613046958,1.1635706530862022,0.35896012874710576,9.77690067852732e-05,696985422361.9963,1.4407584769045387e-05,57.260296,-6.895792,0.055422332,0.13554122,223.7241,55.34018,-7.1398892,0.004887771462099977,0.02561760980861662,0.004119500703847595,1086.3813106176076,975.4032,110.9781123754201,-274.70764,274.70764,33238.79759259826,11931.40306323806,4.004365278226705e-06,0.004401236558882001,30.138516815130025,1.0176141884887648,20969032.36106241,0.15300038819713155,5.336255808036961e-17,3.3344332634700035e-05,-14.361184,10.390427,-3.9707575,True,-407962.3740896937,1202,0.105,862056.5383501925,3602300.0688939793,,
558059,826,1,2019-03-20 01:52:19,2019-03-20 01:58:36,0 days 00:06:17,132.85036525239377,32.49841821300885,10919.661682663913,229.19886335983227,True,246.2192281983565,-0.28411384569012993,-0.9587905520431275,417.6691491107851,108.54524322715204,2024.0600452954914,222.43742,0.00011379099,22919.88633598323,1.1637256216078478,0.3589608357986526,9.77816342117183e-05,695771192599.2153,1.4425419863004713e-05,57.25953,-6.8842597,0.055092,0.13566914,223.72517,55.3388,-7.1278253,0.004887993904416135,0.02561715030735976,0.004130497200237229,1086.3720271040772,975.37665,110.99537915485848,-274.72037,274.72037,33258.217488841125,11938.397546967775,4.009129058679876e-06,0.004410179546023848,30.182305369625624,1.0180585431652438,20920279.110949412,0.15345446981742034,5.356698898569037e-17,3.335773683426637e-05,-14.403006,10.428727,-3.9742785,True,-408337.9642082117,1202,0.10472222222222222,861822.3757516316,3602221.734808218,,
558060,827,1,2019-03-20 01:52:20,2019-03-20 01:58:36,0 days 00:06:16,132.8478481246642,32.4977890965159,10919.617092172906,229.20047109622632,True,245.6476189440708,-0.28461892251014725,-0.9586407402928183,418.5335312484995,108.62649279099469,2032.129195719737,222.43854,0.000113821094,22920.047109622632,1.1638802891565836,0.35896155299980365,9.779450236586998e-05,696208529973.6091,1.4445307096658732e-05,57.25875,-6.8727336,0.054761812,0.13579738,223.72624,55.337406,-7.1157665,0.0048883320291866995,0.025616553069753172,0.004151624394380769,1086.3627446748726,975.3499,111.01283012409135,-274.73303,274.73303,33346.31404767465,11970.04467737246,4.013670857754056e-06,0.004418712062311622,30.22680238678481,1.018472093553358,20878125.509711564,0.15391604825239952,5.365018656330229e-17,3.329971353272198e-05,-14.4455595,10.467175,-3.978385,True,-408654.8983513198,1202,0.10444444444444445,861588.2101360948,3602143.373514034,,
558061,828,1,2019-03-20 01:52:21,2019-03-20 01:58:36,0 days 00:06:15,132.84533725667904,32.49716032640196,10920.163660925942,229.18076486822918,True,237.5100204329516,-0.3068880215510239,-0.9517456289516114,424.89241383854204,106.86956239936889,2267.700591118857,222.43575,0.00011380363,22918.076486822916,1.1640051805789482,0.3589351917095639,9.776900764018569e-05,9837947454218.184,1.4983248272894568e-05,57.263794,-6.8605075,0.05441146,0.13592035,223.72333,55.34198,-7.1029897,0.004889375055687139,0.025791903921707507,0.004780102198321776,1086.3534977892696,975.32306,111.03043870723832,-274.7455,274.7455,32693.46309845575,11734.834444893768,1.6694503200875765e-06,0.0013218861803228302,29.457200073271174,0.8932151247543998,300914816.6589568,0.407993815625041,2.8321744151277036e-18,3.140337198704585e-05,-39.66787,13.950035,-25.717834,True,-2595529.6136111435,1202,0.10416666666666667,861354.6286865177,3602065.0777111864,,
558062,829,1,2019-03-20 01:52:22,2019-03-20 01:58:36,0 days 00:06:14,132.84292703983942,32.49650482073439,10920.288732722274,229.17625566807973,True,237.7771315219482,-0.30679711622668904,-0.9517749363557477,424.0104437417916,106.80203675747832,2261.639268838127,222.43578,0.00011382064,22917.625566807972,1.1641518093166643,0.3589280856349556,9.777130583076745e-05,9711073810740.717,1.4994904249680314e-05,57.26474,-6.849269,0.054088604,0.1360328,223.7233,55.342373,-7.091218,0.004889865565693867,0.025804948146725657,0.004787926225785686,1086.3452556005932,975.296,111.04923509278069,-274.75745,274.75745,32604.777771863417,11702.77046820809,1.6755950214973317e-06,0.00132802420551721,29.434865833490708,0.893378839836874,297842048.75400114,0.40423094512924956,2.8741056518309822e-18,3.148094362964973e-05,-39.294292,13.869922,-25.42437,True,-2563524.8666953812,1202,0.10388888888888889,861130.6157417721,3601984.162734639,,
558063,830,1,2019-03-20 01:52:23,2019-03-20 01:58:36,0 days 00:06:13,132.84051405542579,32.495848772148854,10920.34499177232,229.1742273899668,True,237.6495427485229,-0.30703237850660714,-0.9516990693221128,423.57004903596123,106.7297477740621,2259.396500298328,222.43625,0.00011384341,22917.42273899668,1.1643063444350734,0.35892414047079896,9.777788259734422e-05,9717063522102.514,1.5012488979740174e-05,57.265007,-6.838109,0.053767987,0.13614638,223.72371,55.34207,-7.079526,0.004890340913846387,0.025818673438166947,0.00480458424191488,1086.3369990639826,975.26886,111.06813920070135,-274.76932,274.76932,32544.3869402777,11680.966109688268,1.674863788244953e-06,0.00132729501411759,29.410668134403508,0.8932702656736362,298578785.3350664,0.4048258836171574,2.8753466711470427e-18,3.152431956855515e-05,-39.351646,13.88536,-25.466286,True,-2563697.5309535954,1202,0.10361111111111111,860906.3416410116,3601903.1834653723,,
558064,831,1,2019-03-20 01:52:24,2019-03-20 01:58:36,0 days 00:06:12,132.83810257602363,32.49519257292492,10920.492727987506,229.168901202656,True,236.86657021929304,-0.3078305005256339,-0.9514412136049908,423.3833922518986,106.4087774269786,2259.445239465343,222.43613,0.00011385891,22916.8901202656,1.164455870111191,0.35891599641519795,9.777863615592556e-05,21027097330780.78,1.5767079871062238e-05,57.266174,-6.8268495,0.053444467,0.13625924,223.72353,55.342693,-7.067731,0.004890836094386657,0.02585661233570366,0.0048408033650657566,1086.3287522225155,975.2415,111.08723610923425,-274.78104,274.78104,32410.695514464707,11632.717075083687,1.314412622585716e-06,0.0009780411281938752,29.276997190336427,0.8796751335147361,648770320.9391637,0.49557273145115,1.3103040064367358e-18,3.1343859517218895e-05,-48.459526,13.787995,-34.67153,True,-3472488.819962425,1202,0.10333333333333333,860682.2065743398,3601822.1979282335,,
558065,832,1,2019-03-20 01:52:25,2019-03-20 01:58:36,0 days 00:06:11,132.83569971200933,32.49453683610047,10920.808194189809,229.15752834792525,True,245.54499531869024,-0.285380599331399,-0.9584142703055144,412.11456395335955,105.96017224775365,1985.2371250131898,222.43489,0.00011386085,22915.752834792525,1.1645970033544117,0.35890018274092067,9.77684548354162e-05,20855364975276.633,1.578194412298211e-05,57.268993,-6.815429,0.053116295,0.13637006,223.7222,55.34501,-7.055771,0.0048915987040084015,0.025906822630575924,0.004258541251591547,1086.320555598547,975.2139,111.10662737589064,-274.79263,274.79263,31947.81175646204,11466.075477566761,1.3120987428599104e-06,0.0009758830303725868,29.08703563430418,0.8800038276147365,652794787.1440129,0.501500374505908,1.3216898285616536e-18,3.176957578064753e-05,-49.043083,13.925364,-35.11772,True,-3548990.3878676593,1202,0.10305555555555555,860458.8767136896,3601741.2982169576,,
558066,833,1,2019-03-20 01:52:26,2019-03-20 01:58:36,0 days 00:06:10,132.83319057099322,32.49390664536695,10920.969090545748,229.15172805822303,True,245.55932869071808,-0.2855023090464536,-0.9583780212051731,410.91949366034777,105.73699047204191,1976.617719923147,222.43465,0.00011387517,22915.1728058223,1.1647502980636852,0.3588914937042867,9.776788106241393e-05,20809724710420.742,1.5797067058901575e-05,57.270233,-6.803724,0.052780773,0.1364973,223.72188,55.34569,-7.0435243,0.004892212410406955,0.025935530025510415,0.004274503361021913,1086.3113257826876,975.18604,111.12529062643762,-274.80457,274.80457,31784.864898645596,11407.317640663869,1.3112290796238836e-06,0.0009750729591249325,28.99672956313123,0.8798387769855208,654705463.6468654,0.500557422493029,1.3256038200227493e-18,3.18779455841698e-05,-48.949013,13.893886,-35.055126,True,-3532547.6153674205,1202,0.10277777777777777,860225.4479849965,3601662.8785925005,,
558067,834,1,2019-03-20 01:52:27,2019-03-20 01:58:36,0 days 00:06:09,132.83068139599993,32.49327614907732,10921.129739702343,229.14593679862767,True,246.52644378752666,-0.2849593371738727,-0.9585396059409476,408.58303144588115,105.51460925881614,1960.3080951600066,222.43439,0.00011388965,22914.593679862766,1.164905030145659,0.35888284074725113,9.77673242169047e-05,20683498982582.652,1.5811917685864705e-05,57.271465,-6.792025,0.052445423,0.13662478,223.72156,55.346375,-7.0312834,0.004892710255006705,0.025964139203237084,0.004272709668046042,1086.3020970192172,975.15784,111.14426010515467,-274.81644,274.81644,31539.970053284134,11319.15404980584,1.3109079191712398e-06,0.0009747768901298245,28.90674017594041,0.8797104879020036,655786893.5081301,0.49988641113571636,1.334836831939829e-18,3.207874719097497e-05,-48.88139,13.874442,-35.006947,True,-3521481.043517125,1202,0.1025,859992.0142197018,3601584.430714266,,
558068,835,1,2019-03-20 01:52:28,2019-03-20 01:58:36,0 days 00:06:08,132.8281619355222,32.49264437421721,10920.676504846248,229.16227581764582,True,246.43503930248858,-0.28513606518077667,-0.958487049642938,410.0721499805572,106.97747523989125,1978.1632506834405,222.43819,0.00011395458,22916.227581764582,1.165103603275941,0.3589023044680665,9.780639085613913e-05,1086236521970.9681,1.4630983730109674e-05,57.26664,-6.7810364,0.052130394,0.1367596,223.7254,55.340843,-7.0197697,0.004892267006717645,0.02582773887280895,0.004262942146501087,1086.2928119530561,975.1294,111.16341742180612,-274.8282,274.8282,32134.242301420258,11533.053614314955,3.4325101558256757e-06,0.0032781340993110002,29.557729804371178,0.9705652497297171,33803084.9391759,0.18729847002274164,3.0208013918559936e-17,3.338276710976568e-05,-17.712215,11.404061,-6.308154,True,-637758.7040402235,1202,0.10222222222222223,859757.6152841398,3601505.811967769,,
558069,836,1,2019-03-20 01:52:29,2019-03-20 01:58:36,0 days 00:06:07,132.8256435614827,32.492012441081634,10920.483101437172,229.1692482560792,True,244.3196895873223,-0.2879432798599666,-0.9576474651892966,411.4817816839396,107.52815482864641,2016.449324966085,222.44028,0.00011399854,22916.92482560792,1.1652844791970651,0.35890984292562883,9.782893514925892e-05,694253699615.9729,1.457412564205397e-05,57.264374,-6.769739,0.051806483,0.13689213,223.72748,55.337936,-7.0079384,0.0048923416694844945,0.02578153482354716,0.004337775098725132,1086.283533687546,975.1007,111.18282567973347,-274.83987,274.83987,32358.683254667456,11613.849924212873,3.988970798768656e-06,0.0043724064439421674,29.80939453009622,1.0140395972859515,21454942.840291034,0.15234895417609196,5.403700355028787e-17,3.400302442755959e-05,-14.296774,10.330172,-3.9666023,True,-398393.2193672934,1202,0.10194444444444445,859523.3160634974,3601427.18514096,,
558070,837,1,2019-03-20 01:52:30,2019-03-20 01:58:36,0 days 00:06:06,132.82314900872285,32.491379764617406,10920.373444473189,229.17320160515519,True,244.33222046994086,-0.2880644902365995,-0.9576110115619642,411.83875871025714,107.71094213282947,2023.5564319970258,222.44182,0.00011403579,22917.32016051552,1.1654625384116912,0.358913553226788,9.784595290741978e-05,692363631227.774,1.4587318661625666e-05,57.262936,-6.758453,0.05148276,0.13702178,223.72899,55.335888,-6.9961185,0.004892550520174553,0.025770941002883515,0.004347116055762874,1086.274423058606,975.072,111.20240157423109,-274.85135,274.85135,32437.066723801065,11642.102874093847,3.997037630190312e-06,0.004387512255087245,29.898536179433503,1.0148844131024386,21344828.653071284,0.1530272727303298,5.431166313154661e-17,3.398786566890565e-05,-14.3592205,10.388437,-3.9707832,True,-399180.7670963533,1202,0.10166666666666667,859291.2568093855,3601348.562056844,,
558071,838,1,2019-03-20 01:52:31,2019-03-20 01:58:36,0 days 00:06:05,132.82065444053865,32.49074678937666,10920.262577066112,229.1771986492241,True,244.40537316557516,-0.2881404794961956,-0.9575881495067191,412.1444698964941,107.8967209898259,2030.2429650779907,222.44336,0.00011407338,22917.71986492241,1.1656424501848173,0.3589173319079344,9.786309706526247e-05,690274594866.0016,1.4600047681259768e-05,57.261486,-6.747174,0.051159184,0.13715182,223.73051,55.333824,-6.9843044,0.00489264341156229,0.025760142084632398,0.004355233429277471,1086.2653135474725,975.043,111.22228376231624,-274.8627,274.8627,32512.965516825127,11669.46683571355,4.0053624113681475e-06,0.004403124326659134,29.98919079401853,1.0157688630564798,21230748.530422166,0.15371281402917572,5.46044277761041e-17,3.397719631587152e-05,-14.422289,10.447678,-3.9746113,True,-399989.24630729377,1202,0.10138888888888889,859059.1942352809,3601269.9114683433,,
558072,839,1,2019-03-20 01:52:32,2019-03-20 01:58:36,0 days 00:06:04,132.8181592027131,32.49011345762374,10920.133657948034,229.1818465730793,True,243.24807648145708,-0.2891072885241052,-0.9572967020324679,413.9517099702132,108.08359171167925,2047.4763434680333,222.44502,0.00011411268,22918.18465730793,1.1658269777929988,0.35892193226471186,9.788131503778162e-05,691650088128.6243,1.461706625385795e-05,57.25985,-6.735918,0.05083626,0.13728246,223.73216,55.331573,-6.9725137,0.0048927324122547584,0.025749276504616704,0.0043869358746161605,1086.2562014377784,975.0139,111.24228542215337,-274.87393,274.87393,32700.24437852606,11736.834897868855,4.011950904298232e-06,0.004415487848474025,30.080466511189602,1.0164880297340209,21151220.771390453,0.15434132103665701,5.462340576084179e-17,3.3843563723459705e-05,-14.480212,10.500319,-3.9798937,True,-400371.89154659916,1202,0.10111111111111111,858827.0670469018,3601191.22476387,,
558073,840,1,2019-03-20 01:52:33,2019-03-20 01:58:36,0 days 00:06:03,132.81567656236814,32.489481012281985,10920.795842565498,229.15797362705808,True,236.90694606316876,-0.2976705170951613,-0.9546686667385178,413.9122548763681,106.0737312768569,2114.9267713895238,222.44147,0.00011408674,22915.79736270581,1.1659560716917952,0.35889027518013733,9.784823088443428e-05,18251593345142.504,1.5644168336069423e-05,57.266033,-6.723768,0.05048775,0.13740343,223.72845,55.33734,-6.959807,0.00489403166749156,0.02595088982834417,0.004658088744124884,1086.247161214128,974.98456,111.26260310865928,-274.885,274.885,31819.7892077064,11419.812904927714,1.3658958330053072e-06,0.0010265518003532302,29.198997834356298,0.8814390727808148,573592528.4106587,0.5085480721572465,1.5127201454304091e-18,3.195790063282659e-05,-49.692005,14.5980425,-35.093964,True,-3437029.348005913,1202,0.10083333333333333,858596.1179243998,3601112.6845538095,,
558074,841,1,2019-03-20 01:52:34,2019-03-20 01:58:36,0 days 00:06:02,132.81326528703994,32.48884680863339,10920.89737469842,229.15431338916795,True,236.91942859228124,-0.29779300430182215,-0.9546304659861297,413.03523167707857,105.93705181253786,2109.0541923045253,222.4416,0.00011410696,22915.431338916795,1.1661235076742296,0.35888432323223624,9.785152090604604e-05,18266210429296.68,1.5659229843409855e-05,57.2667,-6.7126293,0.0501678,0.1375238,223.72853,55.337467,-6.948136,0.00489451699721343,0.02597081457671932,0.00467275110120661,1086.238622720332,974.95557,111.28305631408193,-274.8957,274.8957,31707.967471732904,11379.492447162624,1.364359951825158e-06,0.001025100382118123,29.14615945633455,0.8812886226875795,576076358.2711723,0.5079698070628934,1.5125013716639977e-18,3.2038628642015383e-05,-49.634052,14.569652,-35.0644,True,-3427010.893049454,1202,0.10055555555555555,858371.8838647943,3601034.1951633436,,
558075,842,1,2019-03-20 01:52:35,2019-03-20 01:58:36,0 days 00:06:01,132.81085399815595,32.48821231059933,10920.998386899582,229.1506719418181,True,237.0353977387978,-0.297830773451751,-0.9546186832369936,412.0631847093036,105.80183715346287,2102.2719668003874,222.44176,0.000114127375,22915.06719418181,1.1662932823699748,0.3588783787649328,9.785478219969564e-05,18205340688091.957,1.5669817125644805e-05,57.26736,-6.7014966,0.04984801,0.13764441,223.72862,55.33759,-6.9364705,0.004895002337738106,0.02599057623209725,0.004685128105888981,1086.2300854451273,974.92633,111.30375487872107,-274.90625,274.90625,31590.692534270063,11337.216520760307,1.3644926621423965e-06,0.0010252285592237454,29.093925744245475,0.8812009428748102,576288116.138718,0.5076497378681247,1.5186014758449462e-18,3.212748187046547e-05,-49.60052,14.563052,-35.037468,True,-3417954.342347117,1202,0.10027777777777777,858147.646723496,3600955.6783936433,,
558076,843,1,2019-03-20 01:52:36,2019-03-20 01:58:36,0 days 00:06:00,132.80844157568833,32.48757742144353,10921.077177900614,229.1478315919116,True,236.38016363427647,-0.29850011439432456,-0.9544095984987656,411.8032576250888,105.63120040283582,2102.050521045268,222.44205,0.00011414981,22914.78315919116,1.1664646498802642,0.35887344742121424,9.785963673766181e-05,20987559711631.016,1.5953343793261317e-05,57.267803,-6.6903915,0.04952898,0.13776565,223.72887,55.337486,-6.9248333,0.004895366414094724,0.026014020702264013,0.0047151141862615915,1086.2215429965515,974.89685,111.32469241061403,-274.9167,274.9167,31508.029207186963,11307.395063031494,1.3079710557251493e-06,0.000972011450478019,29.026315526396232,0.8790576990696143,666101950.509928,0.4988603057937583,1.3264359025900975e-18,3.213240409509407e-05,-48.76555,13.8283615,-34.937187,True,-3396253.2150793187,1202,0.1,857923.3015539501,3600877.1197452876,,
558077,844,1,2019-03-20 01:52:37,2019-03-20 01:58:36,0 days 00:05:59,132.80603636706735,32.48694286488485,10921.338374018866,229.1384158934809,True,245.5940370505937,-0.28692406622363903,-0.9579533288327218,405.30867741446457,105.20725131395308,1957.7256269482934,222.44113,0.00011415716,22913.84158934809,1.1666263420057665,0.35886019415178944,9.78523789386458e-05,20857439846477.613,1.5963970983841463e-05,57.270046,-6.6791067,0.049204785,0.13788427,223.72787,55.339233,-6.913011,0.004896002229530438,0.02606232529969502,0.0044210711587685915,1086.2130429805018,974.8673,111.34573341018927,-274.92703,274.92703,31149.705769128992,11178.389460080745,1.3059716233582297e-06,0.0009701483157242162,28.847256063122565,0.8791008361224733,669587058.095054,0.5006910613080205,1.335031539970517e-18,3.244374659085922e-05,-48.945026,13.859902,-35.085125,True,-3487643.240133919,1202,0.09972222222222223,857699.6304830322,3600798.6275756527,,
558078,845,1,2019-03-20 01:52:38,2019-03-20 01:58:36,0 days 00:05:58,132.8035281439071,32.486309139458726,10921.525659595738,229.13166474360986,True,245.6071465767187,-0.2870480917638819,-0.9579161722273583,403.97107703313327,104.9467962892111,1947.793996333911,222.4407,0.00011417119,22913.166474360987,1.1667967390595597,0.358850301537587,9.785011143933844e-05,20802368622546.4,1.5974383883481826e-05,57.27152,-6.667449,0.048870284,0.13801417,223.72737,55.340176,-6.9008036,0.0048966212280492985,0.02609479464898261,0.004437966080290927,1086.2038335065506,974.83673,111.36710254951936,-274.9377,274.9377,30966.66909948476,11112.398543964784,1.3048293922622544e-06,0.0009690850742135286,28.740363348927218,0.8789132660746012,671766425.885712,0.49929960583454946,1.3391053120804936e-18,3.256876255937067e-05,-48.806675,13.814193,-34.99248,True,-3467140.1249920717,1202,0.09944444444444445,857466.2654958912,3600719.8869984243,,
558079,846,1,2019-03-20 01:52:39,2019-03-20 01:58:36,0 days 00:05:57,132.8010199018246,32.48567510626827,10921.712668403132,229.1249237312563,True,246.63502138716808,-0.28644176344221656,-0.9580976548119264,401.4688564461935,104.68714360280171,1929.7904111356822,222.44028,0.00011418538,22912.49237312563,1.1669685849523714,0.3588404247625769,9.784786028840924e-05,20661190274350.664,1.5984807934276964e-05,57.272987,-6.6557984,0.04853596,0.13814427,223.72688,55.341114,-6.888603,0.004897124477527655,0.026127290570073503,0.004435261266031407,1086.1946252108278,974.806,111.38859493739028,-274.94827,274.94827,30701.572155288366,11016.96519308258,1.3043236605397574e-06,0.0009686175917341317,28.633937695218275,0.8787664172321625,672968477.6351676,0.498240384360618,1.3489701562400035e-18,3.279193119240453e-05,-48.700676,13.782865,-34.917812,True,-3452676.66368082,1202,0.09916666666666667,857232.8968679981,3600641.117968705,,
558080,847,1,2019-03-20 01:52:40,2019-03-20 01:58:36,0 days 00:05:56,132.79850070654345,32.485039765154774,10921.272148775452,229.14080317695624,True,246.64625464100897,-0.2865470701381066,-0.9580661650404252,402.59087144840265,106.05535370760595,1944.4402916497124,222.44398,0.00011425235,22914.080317695625,1.1671953381616575,0.358859322625725,9.788622627229785e-05,1077249644276.5309,1.4766489611897087e-05,57.26824,-6.6448507,0.048221655,0.13828371,223.73062,55.335682,-6.8771224,0.004896799784414156,0.02599794616425735,0.0044241677581175875,1086.1853563383147,974.775,111.4103319242522,-274.95877,274.95877,31229.35559108638,11206.945393455157,3.4197687435050553e-06,0.0032628301704162666,29.241808829474945,0.9683068143928159,34494776.59359722,0.18873531006483035,3.070893700201065e-17,3.413383211809526e-05,-17.843832,11.467122,-6.37671,True,-633437.1735653423,1202,0.09888888888888889,856998.5002651417,3600562.1728461534,,
558081,848,1,2019-03-20 01:52:41,2019-03-20 01:58:36,0 days 00:05:55,132.79598149406354,32.48440416075775,10921.056438615784,229.14857922307706,True,244.33380300879747,-0.28950748716745967,-0.9571757492090901,404.0937166145766,106.57722546701991,1982.762405581303,222.44621,0.00011430079,22914.857922307707,1.1674069753576504,0.358867900277264,9.790997716630989e-05,691108870431.8207,1.4707055745696152e-05,57.265717,-6.6336403,0.047899805,0.13842069,223.73285,55.332523,-6.8653703,0.004896754005965533,0.02595366582242129,0.004503727289239383,1086.1760880901259,974.7438,111.43231367606336,-274.96918,274.96918,31447.09546681529,11285.353119994672,3.968979231542986e-06,0.004335025948401174,29.480003344045837,1.01043912775068,21976874.498985663,0.15136211548416997,5.457687623629997e-17,3.473808285708159e-05,-14.200075,10.239746,-3.960329,True,-390627.64972860407,1202,0.09861111111111111,856764.0999851989,3600483.204262144,,
558082,849,1,2019-03-20 01:52:42,2019-03-20 01:58:36,0 days 00:05:54,132.79348823685302,32.483768010767115,10920.973318371844,229.151575647324,True,244.34026073213772,-0.28963442172694004,-0.9571373473806677,404.2978258702276,106.72328102412123,1988.4480348489499,222.44757,0.00011433824,22915.1575647324,1.1676090629863884,0.35887039754782557,9.792510462573513e-05,689404474224.598,1.4717038013074027e-05,57.264507,-6.6223946,0.047576852,0.13855372,223.73418,55.330727,-6.853583,0.004896968119339817,0.025946145715788477,0.004513784433407281,1086.1669997440738,974.7125,111.45447533001129,-274.97934,274.97934,31501.201699735557,11304.848777218338,3.9754324228613564e-06,0.004347064777655591,29.55229338381575,1.0110956447533659,21885021.428575702,0.15189643494232719,5.481224634548346e-17,3.4734434867167846e-05,-14.249054,10.285754,-3.9632998,True,-391126.0245030153,1202,0.09833333333333333,856532.1396908676,3600404.2678738614,,
558083,850,1,2019-03-20 01:52:43,2019-03-20 01:58:36,0 days 00:05:53,132.79099503141134,32.48313156504875,10920.889854705356,229.15458448362773,True,244.5036515585156,-0.2896413422663792,-0.9571352531644262,404.3546583734911,106.8712130945447,1992.8280521005408,222.44893,0.00011437594,22915.458448362773,1.1678118211476889,0.3588729361799863,9.794038244868308e-05,687239089165.7289,1.4726455093838707e-05,57.263294,-6.6111555,0.047254037,0.1386871,223.7355,55.328922,-6.8418007,0.004897183039649065,0.025938512164582435,0.004520632113040413,1086.1579129312784,974.68097,111.47694369299711,-274.9894,274.9894,31545.950448730786,11320.987862124373,3.982345305010889e-06,0.004359978443458025,29.625558027745406,1.0117986325210417,21785334.706673235,0.1524531686111598,5.5088178680284855e-17,3.474316480655346e-05,-14.300064,10.334037,-3.9660273,True,-391713.2687329537,1202,0.09805555555555556,856300.1823561775,3600325.3045379375,,
558084,851,1,2019-03-20 01:52:44,2019-03-20 01:58:36,0 days 00:05:52,132.78850018207214,32.48249467855621,10920.761259050703,229.15922037510714,True,243.5808453893396,-0.2904525198744217,-0.9568894051553705,405.7309882324507,107.02058065399284,2006.3463154554818,222.45058,0.000114417686,22915.922037510714,1.1680225033626002,0.35887753986363286,9.795846013813328e-05,688085062489.703,1.4740826380319573e-05,57.261627,-6.599967,0.04693264,0.1388216,223.73714,55.326656,-6.8300695,0.004897271967404606,0.025930866411262368,0.004548929419353896,1086.148817945411,974.64923,111.49958698837986,-274.9994,274.9994,31687.727241119675,11372.013596162851,3.987980647387789e-06,0.004370505443007462,29.699670680242644,1.0123875947333816,21714560.25400292,0.15298401373307874,5.5129812860012844e-17,3.463904492552728e-05,-14.348806,10.3784895,-3.970317,True,-391983.4366416417,1202,0.09777777777777778,856068.06908234,3600246.292489307,,
558085,852,1,2019-03-20 01:52:45,2019-03-20 01:58:36,0 days 00:05:51,132.7860154115457,32.48185842076157,10921.344398291367,229.13819873187796,True,237.86715015754186,-0.30981776887909407,-0.9507959560740571,410.1309989702439,105.13043696772056,2187.532834337746,222.44754,0.00011439939,22913.819873187796,1.1681697622661065,0.3588495140453251,9.7930446839137e-05,18267959463134.676,1.579664686676532e-05,57.267017,-6.587992,0.04658887,0.1389454,223.73396,55.331627,-6.817533,0.0048984388531968645,0.02612403280274212,0.005111955477012475,1086.1397810770757,974.61743,111.52234943645067,-275.0092,275.0092,30949.45300140559,11106.196169523024,1.3572528278952666e-06,0.001018378717813267,28.873348944028642,0.8800482812742592,590251448.4603338,0.5019830560496309,1.5234131748638863e-18,3.2619494299421924e-05,-49.0266,14.353181,-34.67342,True,-3378169.244060254,1202,0.0975,855836.8981135156,3600167.389581333,,
558086,853,1,2019-03-20 01:52:46,2019-03-20 01:58:36,0 days 00:05:50,132.78360438934874,32.481195662381865,10921.447169501907,229.13449408436142,True,237.87556786413685,-0.3099464639328634,-0.9507540110330928,409.2410852949869,104.99349692979014,2181.2847965829183,222.4477,0.00011442229,22913.449408436143,1.1683624146679379,0.35884344883105745,9.793390311154253e-05,18282787360027.387,1.5809922550501484e-05,57.267693,-6.576925,0.046270207,0.1390646,223.73407,55.33177,-6.805918,0.004898808027620305,0.026144087372840134,0.005127320240327098,1086.1315657000666,974.58527,111.54629958678538,-275.0186,275.0186,30838.326167026935,11066.13131795299,1.3556317638928963e-06,0.0010168490778784608,28.82028608556847,0.8799064580905616,592859264.1832738,0.5012794667867119,1.5229618828802172e-18,3.2704151113411156e-05,-48.95599,14.320664,-34.635326,True,-3367223.859024053,1202,0.09722222222222222,855612.7642391662,3600085.7983039385,,
558087,854,1,2019-03-20 01:52:47,2019-03-20 01:58:36,0 days 00:05:49,132.7811934059601,32.48053260524716,10921.550061415854,229.13078513437213,True,237.9908475674659,-0.3099777415130043,-0.9507438139512121,408.2457596698579,104.85686941463184,2173.9849492228523,222.44786,0.00011444534,22913.078513437213,1.1685535363656208,0.3588373768876737,9.793761106309415e-05,18223449919113.52,1.5818596248675396e-05,57.268364,-6.565864,0.045951694,0.13918404,223.73418,55.331917,-6.7943087,0.004899293934673494,0.02616408894779435,0.005140071971484973,1086.1233519260325,974.553,111.57037341040746,-275.02783,275.02783,30720.953807402104,11023.826479735562,1.3556177783433254e-06,0.0010168384326372801,28.76731915694832,0.8798138204012302,593192842.6884534,0.5008517331367222,1.5287329574713645e-18,3.279751922274589e-05,-48.9116,14.309727,-34.60187,True,-3357423.731329032,1202,0.09694444444444444,855388.6320671518,3600004.179342525,,
558088,855,1,2019-03-20 01:52:48,2019-03-20 01:58:36,0 days 00:05:48,132.77878129771386,32.47986915980361,10921.628848629645,229.12794512058412,True,237.2898505860418,-0.31069702526318405,-0.950508999690486,408.0112599082354,104.68873018923847,2173.61594043045,222.44817,0.00011447061,22912.79451205841,1.168753852045649,0.3588324462609776,9.794244609454557e-05,20936846021099.316,1.6104923458764854e-05,57.268795,-6.5548325,0.045633987,0.13930422,223.73444,55.331814,-6.7827287,0.0048996590395219645,0.026187440891136674,0.005172078655200988,1086.1151329674237,974.52045,111.59468619007998,-275.037,275.037,30641.868557446407,10995.296652475827,1.3009645742508204e-06,0.0009654598269005549,28.700728754518735,0.8777786942084718,683275759.8267083,0.4917629118806882,1.3402621816186038e-18,3.2803649152048756e-05,-48.04559,13.588761,-34.45683,True,-3331211.3879357204,1202,0.09666666666666666,855164.3925080914,3599922.5188787794,,
558089,856,1,2019-03-20 01:52:49,2019-03-20 01:58:36,0 days 00:05:47,132.77637690754244,32.479206134139474,10921.91058458388,229.11778972121584,True,245.7954147221633,-0.28830236374016077,-0.9575394232415897,397.37834998194006,104.2364688723131,1920.3030170545494,222.44714,0.00011447871,22911.778972121585,1.1689325135934798,0.3588181884056115,9.793440422037092e-05,20783543427483.414,1.6114177407165905e-05,57.27124,-6.543606,0.04531071,0.13942088,223.73332,55.33378,-6.7709484,0.004900414301217495,0.026239173687255216,0.004585174205601877,1086.1069588453026,974.48773,111.61922691170889,-275.04602,275.04602,30212.026055735954,10840.624457382308,1.2982598731993333e-06,0.0009629408546525817,28.509495737601917,0.8780693697901178,687922861.8809403,0.49711583484514016,1.3501527027628148e-18,3.3245010863112924e-05,-48.57175,13.706399,-34.865353,True,-3400550.12276872,1202,0.09638888888888889,854940.8740371029,3599840.9360585096,,
558090,857,1,2019-03-20 01:52:50,2019-03-20 01:58:36,0 days 00:05:46,132.7738679279821,32.478568842443046,10922.074201819036,229.1118921735004,True,245.8080984575236,-0.2883922807733869,-0.9575123458161384,396.1642743615239,104.0117935210835,1911.4495910166434,222.44687,0.00011449666,22911.18921735004,1.1691243378142948,0.3588093913430453,9.79336888102821e-05,20739043257169.96,1.6123434158801556e-05,57.272453,-6.532049,0.044978753,0.13955419,223.73299,55.33447,-6.758836,0.004900912759242715,0.026268352083133138,0.004600828410376673,1086.097758685319,974.45465,111.64310780641267,-275.0554,275.0554,30051.939177678756,10782.91800502113,1.2971266920948875e-06,0.000961886803403553,28.41829374284952,0.8779067968778642,690106656.1646045,0.49585396850849617,1.3534933225417321e-18,3.3363505530183414e-05,-48.44594,13.664152,-34.781784,True,-3382182.826686242,1202,0.0961111111111111,854707.4148513542,3599761.8653920526,,
558091,858,1,2019-03-20 01:52:51,2019-03-20 01:58:36,0 days 00:05:45,132.77135890767164,32.4779313190966,10922.237350408668,229.10601164040585,True,246.76520418000237,-0.28778524708474357,-0.9576949679101239,393.8859754063212,103.78791052539879,1895.2146983935284,222.4466,0.0001145148,22910.601164040585,1.1693205446090722,0.35880062090537923,9.79327683673334e-05,20614879351270.277,1.6133160497214602e-05,57.27366,-6.5204997,0.044646967,0.13968773,223.73265,55.335155,-6.74673,0.004901411121186357,0.026297481632923565,0.004597649754693199,1086.088558618073,974.4213,111.66723293447922,-275.06467,275.06467,29817.69035592725,10698.605813671036,1.2965898954992409e-06,0.0009613901140154745,28.327464108850467,0.8777727875112,691364056.209417,0.4949238500690722,1.3622937894011224e-18,3.357561647602104e-05,-48.35243,13.635873,-34.716557,True,-3369499.6559884157,1202,0.09583333333333334,854473.9496424037,3599682.7746484987,,
558092,859,1,2019-03-20 01:52:52,2019-03-20 01:58:36,0 days 00:05:44,132.7688396588672,32.47729266126984,10921.798473418807,229.12183081478923,True,246.72524987240556,-0.28789715505131247,-0.9576613326815281,395.0295995503985,105.12421214112528,1910.0462747293313,222.45029,0.00011458474,22912.183081478925,1.1695780191099174,0.3588194464562483,9.797101172447808e-05,1078116380127.57,1.4880087040613317e-05,57.268883,-6.5096064,0.044333763,0.13983215,223.73637,55.32971,-6.735295,0.004901086577815761,0.02616901466202395,0.004586328526088193,1086.0793006385716,974.38763,111.69166636122782,-275.07388,275.07388,30327.116428053243,10881.95912932826,3.3941392622630056e-06,0.0032320607777051665,28.91963973634241,0.9654755629247755,35549584.23710501,0.19125796103778653,3.0856564790427175e-17,3.49134039914929e-05,-18.079996,11.561531,-6.518465,True,-635474.3607073368,1202,0.09555555555555556,854239.5238000164,3599603.529764025,,
558093,860,1,2019-03-20 01:52:53,2019-03-20 01:58:36,0 days 00:05:43,132.7663209212102,32.47665385777467,10921.59046364202,229.12932876658854,True,244.3603654493527,-0.2908699110275965,-0.9567626115493844,396.492915326359,105.62613395151185,1946.8555523744774,222.45245,0.00011463519,22912.932876658855,1.1698170470457476,0.35882769850996377,9.799412104867652e-05,687879026285.2217,1.4817586228502445e-05,57.266396,-6.4984527,0.044013135,0.13997328,223.73854,55.326607,-6.7235923,0.00490104285553059,0.026125688515053817,0.004666704831353596,1086.0700454213427,974.3538,111.71622462056143,-275.08298,275.08298,30533.30466113572,10956.19543945888,3.945987819863789e-06,0.004292189516649504,29.14811762137568,1.0066814152586223,22528810.226060715,0.1500269482990397,5.501187136430046e-17,3.551649267011106e-05,-14.069823,10.120627,-3.9491959,True,-382231.6917318616,1202,0.09527777777777778,854005.1434830439,3599524.2762238644,,
558094,861,1,2019-03-20 01:52:54,2019-03-20 01:58:36,0 days 00:05:42,132.763828683849,32.47601464470179,10921.525884627044,229.13165663192297,True,244.37016759619863,-0.2909596427920815,-0.9567353271758623,396.55595462653844,105.74597520142589,1950.8878850288452,222.45369,0.00011467345,22913.165663192296,1.1700396862835707,0.3588293465243594,9.800817155389159e-05,686393485142.9722,1.4826573490401526e-05,57.265335,-6.4872584,0.04369127,0.14010982,223.73975,55.324978,-6.711848,0.00490126096305346,0.026120350171018634,0.004676214922002499,1086.0609724033586,974.31995,111.74102611429612,-275.09183,275.09183,30568.995462896244,10969.052665857165,3.951175068697966e-06,0.004301825598600666,29.20832740926826,1.0072020940218527,22453910.40003577,0.1504622928411173,5.521588500117822e-17,3.552341813743749e-05,-14.109544,10.157896,-3.9516478,True,-382543.6983914783,1202,0.095,853773.2540189208,3599445.0710848593,,
558095,862,1,2019-03-20 01:52:55,2019-03-20 01:58:36,0 days 00:05:41,132.76133643529516,32.47537520879525,10921.460682725463,229.1340069697404,True,244.46726983926018,-0.29098098226997304,-0.9567288372141824,396.541146445855,105.86689051988348,1954.231601858341,222.45491,0.00011471198,22913.40069697404,1.1702668654584305,0.35883105166382606,9.802206648717897e-05,684649533818.8322,1.4835586212018397e-05,57.264267,-6.4760704,0.043369547,0.14024673,223.74095,55.32334,-6.7001095,0.004901363113993398,0.026114923390327227,0.00468386374532994,1086.0518995979917,974.2859,111.76601092611668,-275.10062,275.10062,30599.81787410227,10980.16482848566,3.956663377064449e-06,0.004312031061365234,29.26907994197578,1.0077615405889213,22374300.939819507,0.15091779564583727,5.544483622418473e-17,3.5537443807346236e-05,-14.151113,10.19701,-3.9541025,True,-382917.4716125047,1202,0.09472222222222222,853541.3612823652,3599365.8468698636,,
558096,863,1,2019-03-20 01:52:56,2019-03-20 01:58:36,0 days 00:05:40,132.758843231147,32.47473547190387,10921.368611212058,229.13732591170924,True,243.4008876546197,-0.29189121291843206,-0.9564515250764183,397.8705394473262,105.98830394677732,1967.105179447746,222.45631,0.00011475305,22913.732591170923,1.1704978252469382,0.358833988279415,9.803781502134066e-05,686180271354.2609,1.4849058935463626e-05,57.26293,-6.4649143,0.043048695,0.14038454,223.74232,55.32143,-6.6884027,0.004901575603525714,0.02610956082242145,0.004715398282108987,1086.0428215566617,974.2516,111.79123464259919,-275.10928,275.10928,30727.331619412602,11026.010954177998,3.960412228041879e-06,0.00431899795612724,29.330228866409833,1.0081483260538702,22331267.805914942,0.15132067477155603,5.540880658047884e-17,3.5430929096052804e-05,-14.187954,10.229791,-3.9581633,True,-382909.7801951999,1202,0.09444444444444444,853309.3767548569,3599286.5917744758,,
558097,864,1,2019-03-20 01:52:57,2019-03-20 01:58:36,0 days 00:05:39,132.7563616484694,32.47409653559638,10922.024162885507,229.1136958029462,True,239.3504137443258,-0.29742780538953706,-0.9547443116254548,396.5006310472565,104.0533496495827,1995.0461722400403,222.4528,0.00011472958,22911.36958029462,1.1706479923502018,0.35880264584465976,9.800518839557016e-05,19676598110023.785,1.6032735230005497e-05,57.26903,-6.452962,0.04270529,0.14050855,223.73866,55.32714,-6.67588,0.004902874091149556,0.026310313016303103,0.004909585722494784,1086.033810101392,974.21716,111.81664701545446,-275.11777,275.11777,29880.50086485263,10721.202769472768,1.315066526268551e-06,0.000978667338979616,28.486437883216038,0.8781421531839849,658509648.1153255,0.49614759689149346,1.4235821319318022e-18,3.358207190535343e-05,-48.44843,13.833845,-34.614586,True,-3280249.068531121,1202,0.09416666666666666,853078.479024514,3599207.4697261145,,
558098,865,1,2019-03-20 01:52:58,2019-03-20 01:58:36,0 days 00:05:38,132.75392572672587,32.47345631294815,10922.131875194256,229.10981337851388,True,239.36093192433097,-0.2975172701917266,-0.9547164364028008,395.5719381642365,103.90923435830126,1988.6356307552064,222.45288,0.00011475337,22910.981337851386,1.1708620908650904,0.358796434095014,9.800758800875555e-05,19696179443729.51,1.60461240319304e-05,57.269695,-6.44185,0.04238551,0.1406377,223.7387,55.327293,-6.664218,0.004903244666819546,0.02633116259776792,0.004923904770217078,1086.025121706743,974.1829,111.84219934346174,-275.126,275.126,29766.53935177129,10680.128174764448,1.3133149583292005e-06,0.0009770280335393876,28.430095889122196,0.8779964679064735,661688589.6934965,0.4952235866362139,1.4228408311250625e-18,3.3674391914074805e-05,-48.35607,13.794638,-34.56143,True,-3267606.860427563,1202,0.09388888888888888,852851.8777796845,3599128.3618805264,,
558099,866,1,2019-03-20 01:52:59,2019-03-20 01:58:36,0 days 00:05:37,132.75148978638776,32.472815869589006,10922.239382757101,229.10593838714314,True,239.3957985605209,-0.2975844939005585,-0.9546954849531595,394.62180234315383,103.76543372071207,1982.0172338767095,222.45297,0.000114777344,22910.593838714314,1.1710726008007744,0.35879023399043797,9.801044240846413e-05,19696543202296.055,1.6057810303954034e-05,57.27036,-6.4307446,0.042065885,0.1407671,223.73872,55.327446,-6.652562,0.00490373190715161,0.026352014838179994,0.004937633609228737,1086.0164335449213,974.1484,111.8680570800775,-275.13412,275.13412,29651.563116864876,10638.691268882189,1.3119245439298254e-06,0.0009757275964161461,28.373913324586148,0.8778541997698573,664266606.2718724,0.4943729909576189,1.423438045603461e-18,3.376889633462286e-05,-48.270706,13.760562,-34.510143,True,-3255378.0782355797,1202,0.09361111111111112,852625.2726126887,3599049.234919625,,
558100,867,1,2019-03-20 01:53:00,2019-03-20 01:58:36,0 days 00:05:36,132.74905356199451,32.472175188207885,10922.34145946079,229.10225919420856,True,239.30266680074527,-0.2977475696708161,-0.9546446379439433,393.7793909010568,103.61186624695719,1976.3578332618806,222.45311,0.00011479336,22910.225919420856,1.1711967925515283,0.3587842307788426,9.801372306488189e-05,20795731240641.668,1.6244099861740244e-05,57.270912,-6.420001,0.04161489,0.14103328,223.73882,55.327553,-6.641238,0.004904100846638357,0.026373008094103437,0.004954298653496355,1086.0077440262364,974.1238,111.88396472936142,-275.1303,275.1303,29540.519261061836,10598.672479887655,1.2917297455105905e-06,0.0009568435004171479,28.312528762273864,0.8770572714503659,703973110.8604137,0.4920123266210361,1.3583321085817015e-18,3.384349157641277e-05,-48.048588,13.520527,-34.52806,True,-3248875.514563173,1202,0.09333333333333334,852398.6386216929,3598970.086044335,,
558101,868,1,2019-03-20 01:53:01,2019-03-20 01:58:36,0 days 00:05:35,132.7466184325355,32.471534405176214,10922.471818923117,229.09756066364628,True,245.35072365186193,-0.31284379960552594,-0.9498045888751946,398.1541451337326,103.41455160156671,2117.2711303629594,222.45308,0.000114793555,22909.75606636463,1.1711792540225974,0.35877693851601916,9.801535856804387e-05,20776403917546.76,1.6252907740016203e-05,57.271667,-6.409788,0.040956523,0.14151214,223.73871,55.327976,-6.630398,0.004904708756540401,0.026396987049600786,0.0053779257758707144,1085.9990608389169,974.11487,111.88419267485438,-275.1078,275.1078,29475.70622765491,10575.20364095559,1.2914090575959512e-06,0.0009565476911860815,28.23044121425689,0.8765243734938039,704865347.6554796,0.4856744737520147,1.3602224055285403e-18,3.380129989931912e-05,-47.425896,13.349495,-34.0764,True,-3323903.2835035324,1202,0.09305555555555556,852172.1049724208,3598890.9349470427,,
558102,869,1,2019-03-20 01:53:02,2019-03-20 01:58:36,0 days 00:05:34,132.7441344357876,32.47084411839027,10922.636007517392,229.09164294473936,True,245.3614541317851,-0.31291860265122734,-0.94977994720609,396.89115504340907,103.18527836494611,2106.6399165734583,222.45288,0.000114792376,22909.164294473936,1.1711671933483565,0.3587679783656495,9.801536149348166e-05,20732626032845.066,1.626293868154531e-05,57.272774,-6.399346,0.0402841,0.14199176,223.73845,55.328747,-6.619301,0.004905207104746694,0.026424376611123422,0.005394645218920363,1085.9906493523674,974.105,111.88566888361743,-275.08472,275.08472,29314.897189018047,10517.246400500866,1.2902175293398795e-06,0.0009554405200810399,28.134566681573016,0.8763623772063031,707238572.2236791,0.4844119696938755,1.3635812353153661e-18,3.3924511796947097e-05,-47.302998,13.303654,-33.999344,True,-3305967.0616259803,1202,0.09277777777777778,851941.1650453724,3598806.135272457,,
558103,870,1,2019-03-20 01:53:03,2019-03-20 01:58:36,0 days 00:05:33,132.74165041389432,32.47015363636063,10922.79962479038,229.0857459406415,True,245.37476639058943,-0.31299095799562343,-0.9497561056465927,395.62667126952744,102.95620279327889,2096.0056553894565,222.4527,0.000114791364,22908.57459406415,1.1711514743371985,0.35875905064029745,9.801581348151586e-05,20688159431967.6,1.6272643537582106e-05,57.273872,-6.3889117,0.039612398,0.14246924,223.73817,55.329514,-6.6082115,0.004905937747435871,0.02645178372197129,0.005411322218016973,1085.9822376181435,974.09515,111.88708380954972,-275.06168,275.06168,29154.52981433069,10459.451438053526,1.2890281644564277e-06,0.0009543356077879187,28.038837031267956,0.8761809133345729,709603604.095803,0.4831417319624887,1.366972441856678e-18,3.404824782238823e-05,-47.179333,13.257684,-33.92165,True,-3288088.468691294,1202,0.0925,851710.2201573594,3598721.3195131593,,
558104,871,1,2019-03-20 01:53:04,2019-03-20 01:58:36,0 days 00:05:32,132.73916633863183,32.46946295720498,10922.961859684787,229.07989888083554,True,246.32423509090796,-0.31226973480799003,-0.9499934803581275,393.2504390340888,102.72871507076096,2077.4239451466583,222.45251,0.00011479061,22907.989888083554,1.1711413444682093,0.35875017916873114,9.801601515466033e-05,20564881933049.344,1.6283183438092454e-05,57.27496,-6.378487,0.038941436,0.1429446,223.73792,55.330265,-6.5971317,0.0049065515065049685,0.026479163261652474,0.005406363958551384,1085.9738254673534,974.08527,111.88855935407219,-275.03864,275.03864,28919.329861561455,10374.814769274808,1.28838353831538e-06,0.0009537388672435046,27.943961181653098,0.8760361772151711,711111980.5159612,0.48220363750357614,1.3758511484846104e-18,3.4268485556787355e-05,-47.08804,13.225142,-33.8629,True,-3275313.3561865985,1202,0.09222222222222222,851479.2676594299,3598636.487367197,,
558105,872,1,2019-03-20 01:53:05,2019-03-20 01:58:36,0 days 00:05:31,132.7366720525149,32.468771204477875,10922.429742777987,229.09907720060176,True,245.98849142605806,-0.27864076522855646,-0.9603953997978356,383.3891703124807,104.4520731623918,1767.7688000813748,222.45691,0.00011485098,22909.907720060175,1.1712142553073346,0.3587731243003255,9.806145704556206e-05,686795352161.5934,1.4914920238603946e-05,57.269123,-6.368803,0.038290936,0.14343433,223.74236,55.32392,-6.586809,0.004906090829115612,0.026306159648890787,0.0044705129888301335,1085.965354657505,974.0755,111.88985416922378,-275.01547,275.01547,29425.35042690268,10557.024906291792,3.908040564852988e-06,0.0042219138995591024,28.700639918287674,1.0030225173755163,23340260.768268634,0.14919342300054958,5.507388511168134e-17,3.6553288212363386e-05,-13.993529,9.995937,-3.997592,True,-376679.3699170094,1202,0.09194444444444444,851247.355578,3598551.508094971,,
558106,873,1,2019-03-20 01:53:06,2019-03-20 01:58:36,0 days 00:05:30,132.73415390382826,32.468154784810984,10922.334569566841,229.10250752800584,True,246.05468475129044,-0.2786741068891116,-0.9603857257110582,383.640744002177,104.64437227416963,1773.499096274588,222.45833,0.0001148706,22910.250752800584,1.1712266931167368,0.3587762137377965,9.80771701334563e-05,684761291765.0996,1.4923650065888075e-05,57.26757,-6.3585305,0.03762166,0.14393237,223.74374,55.321983,-6.575907,0.004906302745242783,0.02629068102639487,0.004477627286947263,1085.9557977196373,974.06757,111.88823180166855,-274.9923,274.9923,29495.75030253034,10582.373614897302,3.915798478545452e-06,0.004236233288291674,28.78946473549813,1.003836828361715,23215591.559518874,0.14978344217845194,5.534787440964321e-17,3.654287799588023e-05,-14.048499,10.044836,-4.003663,True,-377589.39999154693,1202,0.09166666666666666,851012.9028159701,3598474.8141775928,,
558107,874,1,2019-03-20 01:53:07,2019-03-20 01:58:36,0 days 00:05:29,132.73163512023632,32.46753812550964,10922.21990105318,229.1066405797081,True,246.06172247477724,-0.2787510743837725,-0.9603633887908746,383.94910265601936,104.83966293805162,1779.7412461148865,222.45987,0.000114892144,22910.66405797081,1.171243668843451,0.35878020607538924,9.809414284356548e-05,682850850960.8064,1.4933175718819135e-05,57.265823,-6.348283,0.036953513,0.1444292,223.74525,55.319843,-6.5650296,0.004906510439841725,0.02627504524748524,0.004485893811900667,1085.9462369353157,974.0597,111.88654455250321,-274.96912,274.96912,29570.97583836536,10609.480805139081,3.923625083744744e-06,0.004250697149504086,28.879834798460607,1.0046609672147566,23091928.203291696,0.15040067126654275,5.561723211552026e-17,3.652754704500092e-05,-14.1060295,10.09563,-4.0104,True,-378530.05468840897,1202,0.0913888888888889,850778.3882682405,3598398.0973747107,,
558108,875,1,2019-03-20 01:53:08,2019-03-20 01:58:36,0 days 00:05:28,132.72911634044635,32.466921278258994,10922.103810684055,229.11082494152467,True,246.09270214006227,-0.2788041675425538,-0.9603479766006192,384.3008449084239,105.03746418587102,1785.8176296032238,222.46143,0.000114914015,22911.082494152466,1.171260145912003,0.3587842348140867,9.811143637544462e-05,680874911084.0809,1.4943025096718265e-05,57.26406,-6.3380423,0.036286086,0.14492431,223.7468,55.31769,-6.5541587,0.0049066013546436695,0.0262591558171273,0.0044934575078316025,1085.93667600853,974.0519,111.88479612571746,-274.94592,274.94592,29651.330136049204,10638.429794082283,3.931849872516267e-06,0.004265919924054587,28.971382309807964,1.0055357624106593,22962710.541484058,0.15105697925605,5.589876753259136e-17,3.65075895574862e-05,-14.1671915,10.149662,-4.0175295,True,-379591.90934177896,1202,0.09111111111111111,850543.8718069785,3598321.3655270096,,
558109,876,1,2019-03-20 01:53:09,2019-03-20 01:58:36,0 days 00:05:27,132.72659730095086,32.46630423577749,10922.086225073892,229.11145880273776,True,237.49499599324488,-0.30109211317516504,-0.9535950604862179,391.9935200561813,104.83299323652487,2008.4804636933898,222.46233,0.00011492738,22911.145880273776,1.1712701696018337,0.358783778911514,9.81220082279954e-05,1113183366595.3018,1.5042161713131353e-05,57.26328,-6.3276973,0.03561605,0.14541556,223.74767,55.316544,-6.54318,0.004906829816531513,0.026283926519034044,0.005108343979444308,1085.9271132381082,974.044,111.88310689045193,-274.92273,274.92273,29705.5946587494,10657.885506479795,3.3469730607670603e-06,0.0031755297881131696,28.885920832928768,0.9612678491077116,37473862.39471991,0.19546073843228196,3.0096932455625356e-17,3.553757984027779e-05,-18.487144,11.67381,-6.8133345,True,-634303.3520314853,1202,0.09083333333333334,850309.3286736013,3598244.6169598433,,
558110,877,1,2019-03-20 01:53:10,2019-03-20 01:58:36,0 days 00:05:26,132.7241833804046,32.4656611501361,10922.101957378394,229.1108917425846,True,237.5576337324364,-0.3011201832275884,-0.9535861970755363,391.5847583662605,104.85066151420284,2007.5070009747153,222.46306,0.00011493923,22911.08917425846,1.1712801680606624,0.35878170576596935,9.813128371172055e-05,1105320881993.4233,1.5049041702203225e-05,57.262894,-6.3177595,0.034973036,0.14587443,223.74834,55.315807,-6.5326157,0.004907296587478811,0.026285881090760292,0.005118188086591526,1085.9185807363394,974.0353,111.88330241602694,-274.9004,274.9004,29677.529717309797,10647.754734896655,3.354338252608387e-06,0.003184334389748559,28.897807158012736,0.9615749830069247,37244369.4782565,0.19493709928007763,3.034201984188906e-17,3.558666185421666e-05,-18.436047,11.659124,-6.776922,True,-630455.338882713,1202,0.09055555555555556,850084.7709382176,3598165.3301579924,,
558111,878,1,2019-03-20 01:53:11,2019-03-20 01:58:36,0 days 00:05:25,132.7217688628882,32.46501783491173,10922.100403501654,229.110947750958,True,236.8866150246959,-0.3017682561379157,-0.9533813085998075,392.043386946236,104.86584838448019,2012.7935945734264,222.46388,0.00011495278,22911.0947750958,1.1712982279366575,0.35878047665899965,9.814134337879688e-05,1104440876343.459,1.5060296766723386e-05,57.26233,-6.3078446,0.034331083,0.14633198,223.74911,55.314896,-6.522074,0.004907644567946079,0.026288043685392355,0.005144829421043477,1085.9100446799537,974.02655,111.88349438698492,-274.87805,274.87805,29709.525058751056,10659.197561891198,3.3572669479137513e-06,0.0031878329299431405,28.908557218718578,0.9616680371413953,37174639.24985033,0.1948028915301994,3.039565124316561e-17,3.555432355160327e-05,-18.422998,11.656108,-6.7668905,True,-628484.7918283141,1202,0.09027777777777778,849860.1549149953,3598086.02125998,,
558112,879,1,2019-03-20 01:53:12,2019-03-20 01:58:36,0 days 00:05:24,132.71936170520803,32.46437495769557,10922.590420357328,229.0932859940768,True,237.28069231545885,-0.3015244481625232,-0.9534584454292101,389.3320692342562,103.52610888293351,1987.6245508104207,222.46147,0.00011492272,22909.32859940768,1.1712525878820408,0.3587567032394586,9.811949917469049e-05,13763694727663.867,1.5764031717457782e-05,57.266674,-6.2974286,0.033675637,0.14677468,223.74658,55.319016,-6.511019,0.004908676063730866,0.02642807943268634,0.005174335262158954,1085.9015509730575,974.0178,111.88372870743251,-274.85574,274.85574,29088.742331153815,10435.781300106826,1.4599335786774805e-06,0.0011164027394385222,28.32470434979603,0.8825011865690152,473162248.5074942,0.5042707864596998,2.055900080479915e-18,3.4495423377602224e-05,-49.169506,15.282299,-33.887207,True,-3127483.277147069,1202,0.09,849636.2264391801,3598006.7904547234,,
558113,880,1,2019-03-20 01:53:13,2019-03-20 01:58:36,0 days 00:05:23,132.71695036030326,32.46373152990727,10922.7015366539,229.08928116475246,True,240.94946406430566,-0.31986153674491047,-0.9474642987000534,395.0961397403288,103.31633986885794,2157.255897434685,222.46156,0.000114926464,22908.928116475246,1.171256263706262,0.35875027811932736,9.812239047033993e-05,20961552754817.484,1.64079897462959e-05,57.26724,-6.2874184,0.033032116,0.147225,223.74661,55.319256,-6.5003786,0.004909163253009297,0.02645334957923954,0.005687482539446323,1085.893033246936,974.00916,111.88387797349856,-274.83344,274.83344,29053.607275866983,10422.989690586994,1.285450713260973e-06,0.0009509820781123617,28.237009221915727,0.8757215044867,721478491.6649209,0.4847870680305267,1.3593240147848738e-18,3.42835863631277e-05,-47.352272,13.242824,-34.109447,True,-3242234.72649744,1202,0.08972222222222222,849411.9032203387,3597927.4901362495,,
558114,881,1,2019-03-20 01:53:14,2019-03-20 01:58:36,0 days 00:05:22,132.71451714485704,32.46303842026516,10922.882625396116,229.08275452528179,True,240.96275233431615,-0.3199322846836529,-0.9474404114334041,393.6780726664563,103.05018671738334,2144.4590190375015,222.46126,0.00011492574,22908.275452528178,1.1712613205161244,0.35874056222884043,9.812134562918295e-05,20911962641229.008,1.6419336772218815e-05,57.268528,-6.2772546,0.032380816,0.14766759,223.74622,55.320232,-6.489562,0.004909897702888486,0.026484410998426158,0.005705104293236925,1085.8849721958456,973.9994,111.88558254740815,-274.8108,274.8108,28873.33588981908,10358.036750535854,1.2840840148657794e-06,0.0009497135423622923,28.124699111263148,0.8755231624266113,724265554.9406986,0.4833277424054522,1.3630833301964509e-18,3.442334278812829e-05,-47.209972,13.190681,-34.01929,True,-3222236.957961161,1202,0.08944444444444444,849185.7118800462,3597842.6112525323,,
558115,882,1,2019-03-20 01:53:15,2019-03-20 01:58:36,0 days 00:05:21,132.7120838752901,32.46234511908872,10923.062446916421,229.0762737068844,True,240.97507831577767,-0.32000393896473733,-0.947416212151266,392.26640286823675,102.78540323996897,2131.752184679424,222.46095,0.000114925235,22907.62737068844,1.1712666748874225,0.35873089612222253,9.812046844278794e-05,20861987862665.184,1.6430710341511784e-05,57.269802,-6.2671003,0.031730242,0.14810808,223.74583,55.321198,-6.4787536,0.0049105152949903185,0.026515395341236925,0.005722770066315654,1085.8769107393316,973.98956,111.88734775105036,-274.78818,274.78818,28694.48988814155,10293.600071343071,1.282734175578849e-06,0.0009484611291512707,28.013088596223348,0.8753361427238158,727038115.8191186,0.4818816703049569,1.366892055627589e-18,3.4563710549766236e-05,-47.06895,13.139101,-33.929848,True,-3202360.8502293886,1202,0.08916666666666667,848959.5128793239,3597757.716374809,,
558116,883,1,2019-03-20 01:53:16,2019-03-20 01:58:36,0 days 00:05:20,132.70965056213527,32.46165162716697,10923.241272660103,229.0698289237885,True,241.49424325632597,-0.3196244328960483,-0.947544311309967,390.15175818247036,102.52154349834906,2114.659274891134,222.46065,0.00011492495,22906.98289237885,1.1712763024830584,0.358721286420545,9.81194196496568e-05,20767926933865.11,1.644263115064553e-05,57.27107,-6.256955,0.031080386,0.14854644,223.74547,55.322155,-6.4679537,0.004911016970573314,0.0265463964708704,0.005728126376171892,1085.8688489389713,973.97986,111.88899054053377,-274.76556,274.76556,28467.001786127275,10211.71950125553,1.2815622309682412e-06,0.0009473746029935413,27.902033020380877,0.8751678804364911,729543879.959493,0.4805526931347253,1.3737233135710321e-18,3.476925056434529e-05,-46.93936,13.092156,-33.847206,True,-3184188.9394963128,1202,0.08888888888888889,848733.3072042468,3597672.8056253265,,
558117,884,1,2019-03-20 01:53:17,2019-03-20 01:58:36,0 days 00:05:19,132.70721169787726,32.46095746592573,10922.868867779012,229.0832503598031,True,245.03609824932713,-0.2692801358298372,-0.9630618923244053,374.1816476115389,103.97388432975136,1648.7102228776794,222.46397,0.000114974355,22908.32503598031,1.1713648691170915,0.35873694981385534,9.815417709077703e-05,683258244490.9519,1.5027447373980082e-05,57.266827,-6.247389,0.030447949,0.14899774,223.74881,55.317467,-6.4577465,0.0049108223639507285,0.02639973422445928,0.004340131769175918,1085.860755196408,973.97015,111.89060138781429,-274.74286,274.74286,28746.437626689356,10312.409352212782,3.894043912520488e-06,0.00419608927941149,28.53961384523548,1.0018035989558727,23768449.272357397,0.15004820151686518,5.562912593717293e-17,3.7357520970197065e-05,-14.079687,10.004136,-4.075551,True,-373354.45942152763,1202,0.08861111111111111,848506.5786424521,3597587.8078902443,,
558118,885,1,2019-03-20 01:53:18,2019-03-20 01:58:36,0 days 00:05:18,132.70469655165164,32.460364059698286,10922.852005969014,229.08385807287803,True,245.09849792123666,-0.269317747951654,-0.9630513748696118,373.9662355526115,104.03873864277735,1649.9239086192244,222.46484,0.0001149882,22908.385807287803,1.1713811118833368,0.3587364970485099,9.816463641256481e-05,682100334427.8214,1.5036371392833814e-05,57.266026,-6.237115,0.029785072,0.14947577,223.74963,55.316315,-6.446843,0.004911166453089208,0.026396823694739516,0.0043494788472958805,1085.8509081576804,973.96313,111.88777339205535,-274.71976,274.71976,28745.23810612344,10311.966025016067,3.89696139384791e-06,0.004201458193239521,28.57207807372545,1.0020679322898802,23729159.310129955,0.1502964936012343,5.57861258808284e-17,3.739057532599602e-05,-14.103118,10.022934,-4.080184,True,-373655.8845690569,1202,0.08833333333333333,848272.2828583452,3597513.7449624767,,
558119,886,1,2019-03-20 01:53:19,2019-03-20 01:58:36,0 days 00:05:17,132.702180809006,32.45977041945387,10922.816844030916,229.085125341358,True,245.1038484133448,-0.26939628040448854,-0.9630294097815634,373.79975923160913,104.10379108195626,1651.5428188311082,222.46582,0.000115003866,22908.5125341358,1.1714058410736594,0.3587369015691577,9.817593702615438e-05,681084550866.6975,1.5046411608636448e-05,57.26504,-6.226864,0.029123278,0.14995265,223.75058,55.31498,-6.4359627,0.004911390756532512,0.026393899561469578,0.004359924931903093,1085.841057481016,973.95605,111.88500279351592,-274.69662,274.69662,28747.409870666794,10312.756745141627,3.899865051838942e-06,0.004206801305541342,28.604650787712515,1.0023394955299392,23692031.87107513,0.15055670197035909,5.593611470580589e-17,3.74190235841513e-05,-14.127676,10.042458,-4.0852184,True,-373951.82732922526,1202,0.08805555555555555,848037.9290015823,3597439.6598928673,,
558120,887,1,2019-03-20 01:53:20,2019-03-20 01:58:36,0 days 00:05:16,132.69966508540767,32.45917659315112,10922.780824910255,229.08642350936924,True,244.78179134960664,-0.26969057485673603,-0.9629470358402084,374.1344020754931,104.1704755716361,1655.3257379689994,222.46681,0.000115019786,22908.642350936923,1.1714285993730895,0.35873733252938966,9.818761975090217e-05,680978309675.4955,1.5058219555099474e-05,57.26405,-6.21662,0.028462155,0.1504278,223.75154,55.313633,-6.425089,0.004911614990774922,0.02639086159158484,0.004376189169719757,1085.83120676487,973.94904,111.88217112033885,-274.6735,274.6735,28788.750637987643,10327.599610725452,3.902958479131496e-06,0.0042124973543753485,28.63801173645891,1.0026283796955762,23654319.641677108,0.15084610686749736,5.60201858322144e-17,3.7392763040326884e-05,-14.154969,10.0641775,-4.0907917,True,-374298.67466929764,1202,0.08777777777777777,847803.5747787117,3597365.56001549,,
558121,888,1,2019-03-20 01:53:21,2019-03-20 01:58:36,0 days 00:05:15,132.6971529031536,32.45858290034261,10923.236179746045,229.07001246762584,True,237.17692704910817,-0.3023688133301198,-0.9531910095701359,382.63465877113424,102.61868002518389,1945.5867107355466,222.46457,0.00011499135,22907.001246762586,1.1713838865091406,0.3587152542189392,9.816709343758186e-05,20904336188742.496,1.6514953877642616e-05,57.267963,-6.205873,0.027786283,0.15088731,223.74918,55.31732,-6.413699,0.0049126393903321745,0.02655482303650586,0.005302556717519954,1085.8213760653812,973.942,111.87935946381867,-274.6504,274.6504,28312.671791437948,10156.187259283051,1.2783150820258603e-06,0.0009443444348623234,27.963804659928027,0.875412205764717,738338520.0355479,0.48823974706280515,1.369825530759284e-18,3.50886821278419e-05,-47.703426,13.249799,-34.45363,True,-3121906.788346086,1202,0.0875,847569.5502861075,3597291.492274536,,
558122,889,1,2019-03-20 01:53:22,2019-03-20 01:58:36,0 days 00:05:14,132.694743443976,32.45793795305437,10923.379107735069,229.0648615224217,True,237.1877245776515,-0.30244191012563376,-0.9531678189068062,381.431652597516,102.40484156902437,1936.0190532821907,222.46443,0.00011499346,22906.48615224217,1.1713968002650461,0.35870740745022195,9.81678125123013e-05,20868310681595.137,1.6527076755966857e-05,57.26884,-6.195899,0.02714811,0.15131894,223.749,55.317894,-6.4030895,0.004913017891824154,0.026580616186306767,0.005318523839735309,1085.8128685965069,973.93353,111.87933588166311,-274.62808,274.62808,28163.240633473808,10102.363033030137,1.2770990802521508e-06,0.0009432166991383163,27.874431870345628,0.8752658500079717,740976897.9778491,0.48707961859669063,1.3728335973834986e-18,3.5213909679396667e-05,-47.59068,13.206866,-34.383812,True,-3105913.5283737006,1202,0.08722222222222223,847345.3827763421,3597212.078536454,,
558123,890,1,2019-03-20 01:53:23,2019-03-20 01:58:36,0 days 00:05:13,132.6923339509807,32.45729282048814,10923.52108884907,229.059744794263,True,237.1971630891425,-0.3025165650779893,-0.9531441275344535,380.23324666730554,102.19183117056863,1926.50855991356,222.46431,0.000114995775,22905.9744794263,1.1714127089208035,0.3586995923127705,9.816845450344572e-05,20832209239970.71,1.6539453703547292e-05,57.269707,-6.1859326,0.026510606,0.15174861,223.7488,55.31846,-6.3924875,0.004913627725493939,0.02660634976204871,0.0053345345776647565,1085.8043608623711,973.92505,111.87931203424614,-274.60574,274.60574,28014.765482719304,10048.88495738929,1.2758959347895666e-06,0.0009421011700489123,27.785464316944786,0.8751006459226647,743615335.7350395,0.4859353361974357,1.3758811445705325e-18,3.5339122461865343e-05,-47.479473,13.164499,-34.314972,True,-3090064.5928697158,1202,0.08694444444444445,847121.2097660752,3597132.649447406,,
558124,891,1,2019-03-20 01:53:24,2019-03-20 01:58:36,0 days 00:05:12,132.68992443925202,32.45664750300428,10923.662579433789,229.05464583591302,True,236.87797803408458,-0.302887917125798,-0.9530261851907301,379.3417252133138,101.97885826445221,1919.7816361734501,222.4642,0.000114998256,22905.464583591303,1.171428052675782,0.3586917830522582,9.816928667477001e-05,20825016120385.65,1.6551530518010325e-05,57.270565,-6.1759744,0.025873758,0.15217637,223.74861,55.31902,-6.3818927,0.0049142375793317684,0.026632104864978474,0.005358696155491563,1085.7958529609184,973.9166,111.87922698435591,-274.58344,274.58344,27885.955269234633,10002.463017637285,1.2743848720484452e-06,0.0009406993859099046,27.696556893976762,0.8749210611593685,746792280.1755688,0.48460781621549254,1.37691270930833e-18,3.543752156053445e-05,-47.35039,13.114791,-34.2356,True,-3071549.450548448,1202,0.08666666666666667,846897.0326713286,3597053.205096582,,
558125,892,1,2019-03-20 01:53:25,2019-03-20 01:58:36,0 days 00:05:11,132.68751848576937,32.456002263109994,10923.910967610995,229.0456947843665,True,247.73191798534535,-0.3117409076801574,-0.9501671466004029,380.3427539265324,101.59826446525018,1983.5299659720824,222.46338,0.00011499111,22904.56947843665,1.171429975411883,0.358679104386445,9.816302616909527e-05,20726664412504.87,1.656157118895073e-05,57.272495,-6.1659255,0.025234917,0.15259835,223.74771,55.32068,-6.3712044,0.004914870697612059,0.02667551007768531,0.005619114502898866,1085.7873660303073,973.90814,111.87922394046359,-274.56113,274.56113,27672.507430309965,9925.550181230823,1.273374811270809e-06,0.0009397680114481327,27.535014598483922,0.8744812294972477,748998422.5210743,0.47952690963186356,1.3839631120072396e-18,3.5553978063683276e-05,-46.851368,12.972901,-33.878468,True,-3187119.5427418654,1202,0.08638888888888889,846673.1869625656,3596973.786246506,,
558126,893,1,2019-03-20 01:53:26,2019-03-20 01:58:36,0 days 00:05:10,132.68500985660916,32.45530773372726,10924.083339354062,229.03948326889662,True,247.79643851451053,-0.3117724043859771,-0.950156812249108,379.0266678754105,101.36730170680627,1972.5699895617834,222.4631,0.00011499244,22903.948326889662,1.1714504037119897,0.35866981613044424,9.816245098169306e-05,20680035177378.69,1.6574817803131876e-05,57.27366,-6.155551,0.02457236,0.15303423,223.74738,55.321533,-6.360158,0.004915371241645516,0.02670352448498706,0.005635196317518102,1085.7787804238242,973.8988,111.87997671288667,-274.53784,274.53784,27512.93934706671,9868.060896820482,1.2722050699371618e-06,0.0009386853729482569,27.43875223828212,0.8743227782389039,751647612.6562425,0.47834804794989383,1.3878328512441258e-18,3.5693099283462974e-05,-46.736626,12.930095,-33.80653,True,-3170159.794048903,1202,0.08611111111111111,846439.8686795746,3596888.5702787796,,
558127,894,1,2019-03-20 01:53:27,2019-03-20 01:58:36,0 days 00:05:09,132.68250062060724,32.454612953230594,10924.237051017648,229.0339442952367,True,247.8979129967401,-0.3117729188869633,-0.9501566434271262,377.66006272264,101.13729522483607,1961.3784525829562,222.46297,0.00011499562,22903.39442952367,1.171475458747002,0.35866136163934914,9.81630657020662e-05,20630077220959.246,1.658881108571836e-05,57.27463,-6.1452017,0.023910992,0.15346856,223.74716,55.322197,-6.349136,0.0049159835824085,0.0267315265874693,0.005650454904403029,1085.7701912425914,973.8896,111.88060384024766,-274.51456,274.51456,27350.45997667016,9809.553216695042,1.271067351052567e-06,0.0009376320372223183,27.343016901999643,0.8741563069568629,754286298.6054575,0.4772085496719946,1.3920178040535883e-18,3.583815295356255e-05,-46.625744,12.888598,-33.737144,True,-3153518.5996564017,1202,0.08583333333333333,846206.4908634106,3596803.330246532,,
558128,895,1,2019-03-20 01:53:28,2019-03-20 01:58:36,0 days 00:05:08,132.67999037651919,32.453917886963424,10924.318482489783,229.03100996993678,True,248.86899590815534,-0.3110140269071247,-0.9504053214639606,375.6490894759775,101.10405964213086,1946.3357939429347,222.4633,0.000115005576,22903.10099699368,1.171511904628136,0.3586562180772039,9.816850813126108e-05,9571674014141.12,1.5749668031421428e-05,57.274883,-6.134932,0.02325251,0.15390304,223.74744,55.32212,-6.338195,0.004916464444479515,0.026738606456208295,0.005640422744903639,1085.7615961760766,973.8804,111.88122508232664,-274.49124,274.49124,27207.074178292787,9757.986329732441,1.6108752976965776e-06,0.0012638013231173876,27.332286077977088,0.8859319029853747,351808281.604124,0.4373329914813626,3.0294282311129165e-18,3.625808094313202e-05,-42.53046,14.427508,-28.102951,True,-2626836.049846605,1202,0.08555555555555555,845973.0158985946,3596718.0610059425,,
558129,896,1,2019-03-20 01:53:29,2019-03-20 01:58:36,0 days 00:05:07,132.67746966444042,32.4532217977549,10923.796932292891,229.0498041879879,True,243.9060210920941,-0.28322106742871234,-0.9590546527516254,368.5052803716255,102.6304070581577,1717.4562150959523,222.4676,0.00011507113,22904.98041879879,1.1716499521258599,0.3586787160530829,9.821289379534671e-05,684679623014.1953,1.5154901105941639e-05,57.269093,-6.1252522,0.022612294,0.15435565,223.75177,55.315857,-6.327857,0.004916121710102175,0.026581116141562534,0.004857961985608772,1085.752939807269,973.8711,111.88184605726906,-274.46783,274.46783,27674.146487233105,9926.127329905705,3.8529721239416635e-06,0.004120773075917161,27.997890835828095,0.9949245687810411,24740767.46432119,0.14710629349470003,5.555665089304584e-17,3.825882962554138e-05,-13.811004,9.724702,-4.086302,True,-367026.89889557386,1202,0.08527777777777777,845738.5567042101,3596632.650083849,,
558130,897,1,2019-03-20 01:53:30,2019-03-20 01:58:36,0 days 00:05:06,132.67497674998293,32.45260055031378,10923.681608830066,229.05396007221267,True,243.91279273525802,-0.2833024061264275,-0.9590306286469565,368.71696681612445,102.81466176933637,1722.6553061553977,222.46913,0.00011509695,22905.39600722127,1.171710906845549,0.3586827665925344,9.822981653464027e-05,682979373476.6975,1.5168572172977822e-05,57.267326,-6.115255,0.021966392,0.15480374,223.7533,55.31373,-6.31722,0.004916097685591012,0.026565674117540048,0.004866310101565186,1085.743555363665,973.8636,111.87996893788386,-274.44482,274.44482,27736.993291366503,9948.781490705904,3.860258198053126e-06,0.004134082700844336,28.082188043309834,0.9956902901536033,24623410.55868098,0.14758372513643167,5.582032315878257e-17,3.825102797296304e-05,-13.855436,9.765147,-4.090289,True,-367589.7764455527,1202,0.085,845506.4228420474,3596555.6386390673,,
558131,898,1,2019-03-20 01:53:31,2019-03-20 01:58:36,0 days 00:05:05,132.67248384596485,32.45197910721309,10923.56455569622,229.0581783506191,True,243.97147938717185,-0.2833424670344439,-0.9590187935462136,368.88878382532613,103.00190385455966,1727.5343426627908,222.47069,0.00011512313,22905.81783506191,1.1717729646193111,0.35868687089994783,9.824696170552989e-05,681109519054.3517,1.518225626413092e-05,57.26554,-6.105264,0.02132122,0.15525012,223.75482,55.31158,-6.306591,0.004916304936819244,0.026549967142360152,0.0048734567481471015,1085.7341709571308,973.85614,111.87803082041205,-274.4218,274.4218,27798.155806032526,9970.833522855024,3.867802555217774e-06,0.004147882997523761,28.167901424839012,0.9964635733259504,24501967.821424432,0.14809539287501294,5.610208014767096e-17,3.8247384444875865e-05,-13.903068,9.808233,-4.0948343,True,-368242.7647412087,1202,0.08472222222222223,845274.287710468,3596478.6111958227,,
558132,899,1,2019-03-20 01:53:32,2019-03-20 01:58:36,0 days 00:05:04,132.66999039021766,32.45135742671646,10923.428464029095,229.0630828053631,True,243.35735679620865,-0.2839005932114757,-0.9588537183398582,369.84010058058254,103.19135229922696,1737.2878415442417,222.47235,0.000115151284,22906.308280536312,1.1718428709848205,0.35869185217488164,9.826512334863158e-05,681106350341.7056,1.5199334326030322e-05,57.26356,-6.0952964,0.02067722,0.15569547,223.75647,55.30924,-6.295984,0.004916391345755642,0.02653407924713279,0.004894657584025923,1085.7247832675582,973.8487,111.87608941990197,-274.39883,274.39883,27915.916645813923,10013.211846846605,3.874732266598361e-06,0.004160570936672463,28.25469538535742,0.9971939704083497,24398494.915403023,0.14863929294362807,5.623727860509413e-17,3.8159432280070495e-05,-13.9538355,9.85238,-4.1014557,True,-368841.06163203466,1202,0.08444444444444445,845042.0985828808,3596401.561303218,,
558133,900,1,2019-03-20 01:53:33,2019-03-20 01:58:36,0 days 00:05:03,132.66750365988747,32.45073609063928,10923.867012694853,229.04727874702164,True,239.0873995510829,-0.32434063773142596,-0.945940352620593,381.0909455034874,101.67754977337314,2080.7360120410212,222.47025,0.000115126415,22904.727874702163,1.1718149128059536,0.3586705050503021,9.824624501811321e-05,21246878027979.008,1.670124396173329e-05,57.267338,-6.084773,0.020016212,0.15611954,223.75426,55.312794,-6.284807,0.004917296648476963,0.02669653139582164,0.006042702477562905,1085.715434767302,973.84125,111.87418720870824,-274.37585,274.37585,27481.6688659077,9856.864051760278,1.2635085128819962e-06,0.0009305901525379467,27.59973946611105,0.8736527134754357,773129104.0456702,0.47556981338608184,1.3586623928297781e-18,3.5804141527058795e-05,-46.474022,12.765986,-33.708035,True,-3066389.636675706,1202,0.08416666666666667,844810.5378164004,3596324.5770609067,,
558134,901,1,2019-03-20 01:53:34,2019-03-20 01:58:36,0 days 00:05:02,132.6650934792583,32.45003870705827,10923.979472016694,229.043226172148,True,239.09655239451305,-0.32441843473267845,-0.9459136742883035,379.9990460229406,101.50330111923189,2071.5797297989698,222.47037,0.00011513489,22904.3226172148,1.1718639430872884,0.35866396157660196,9.824936777789157e-05,21203440978067.12,1.671774126122476e-05,57.267937,-6.0749235,0.019386997,0.1565178,223.75432,55.31309,-6.274298,0.0049177844473953765,0.02671838532989193,0.006058883765522391,1085.7075350139978,973.8318,111.87574790462281,-274.35342,274.35342,27354.887810968336,9811.212430765405,1.2628312758505133e-06,0.0009299644273692818,27.52773902728983,0.8735320565526712,775124399.1417613,0.4749420565279288,1.362579707091829e-18,3.592038225617058e-05,-46.413105,12.741813,-33.67129,True,-3054338.488632798,1202,0.08388888888888889,844586.465319369,3596239.4087118767,,
558135,902,1,2019-03-20 01:53:35,2019-03-20 01:58:36,0 days 00:05:01,132.66268329299317,32.44934112950304,10924.091220373088,229.03919927507815,True,239.13257272068302,-0.3244698346138139,-0.9458960441960229,378.88291503072315,101.32952117031223,2062.211787848623,222.4705,0.00011514358,22903.919927507814,1.171911647235498,0.358657436380886,9.82527815087806e-05,21165459979230.6,1.673415530225881e-05,57.268524,-6.065082,0.018758511,0.15691398,223.75438,55.31338,-6.2637973,0.00491838792568501,0.026740195790600496,0.0060743390789002845,1085.699635248831,973.8224,111.8772475535186,-274.33096,274.33096,27227.089199793427,9765.198012511619,1.2620204654694142e-06,0.0009292148463362662,27.45595558662104,0.8733977202562089,777367709.9273317,0.4742685527300836,1.3661160096346435e-18,3.603906615980099e-05,-46.347755,12.715347,-33.63241,True,-3042312.0273315185,1202,0.08361111111111111,844362.3897271182,3596154.2241541464,,
558136,903,1,2019-03-20 01:53:36,2019-03-20 01:58:36,0 days 00:05:00,132.66027280717515,32.448643336305544,10924.19231139744,229.03555646865243,True,238.54627280655095,-0.3251363026807096,-0.9456671637944916,378.3568804488484,101.15951800702231,2058.4027510587334,222.4707,0.00011515341,22903.555646865243,1.1719633774666562,0.3586514248955575,9.825683212992511e-05,20854842168528.938,1.6750197366098996e-05,57.26901,-6.0552583,0.018131012,0.15730849,223.75452,55.313564,-6.2533135,0.004918873824013872,0.026761704168702508,0.0061066969558726215,1085.6917337328912,973.813,111.87874545164118,-274.3085,274.3085,27136.163143054677,9732.42357745487,1.2672394747524494e-06,0.0009340615798938182,27.385915789324255,0.8734670861306866,768525825.0618454,0.4757450734775487,1.3892624986581674e-18,3.6110993758310374e-05,-46.490944,12.795227,-33.695717,True,-3036325.332213661,1202,0.08333333333333333,844138.2834705391,3596069.020034566,,
558137,904,1,2019-03-20 01:53:37,2019-03-20 01:58:36,0 days 00:04:59,132.6578688333973,32.44794582475776,10924.486821219585,229.02494409980213,True,246.34841456782618,-0.2920577344682622,-0.9564006899502249,365.0636419624071,100.71861646127515,1750.3294023683918,222.46962,0.00011514533,22902.494409980212,1.1719839499804767,0.3586365398227342,9.824821622440108e-05,16217914304513.748,1.6318123101432628e-05,57.27143,-6.045273,0.017499335,0.15769312,223.75336,55.315735,-6.2426634,0.004919516044333818,0.02681198025864491,0.005215969772064364,1085.6838708241808,973.8036,111.88028195699326,-274.2861,274.2861,26701.965209080525,9576.30040905167,1.3587461924315411e-06,0.0010198405120782977,27.198715462559274,0.8772170823621505,607367816.4706218,0.5026847144107623,1.772170790148015e-18,3.680525743323464e-05,-49.092564,14.291375,-34.80119,True,-3125112.826420658,1202,0.08305555555555555,843914.7854561656,3595983.8735076436,,
558138,905,1,2019-03-20 01:53:38,2019-03-20 01:58:36,0 days 00:04:58,132.65535807102157,32.4472987796101,10924.58514825504,229.02140107142606,True,246.40754185261022,-0.2920967465525254,-0.9563887758926438,364.1498364332868,100.59481845849244,1744.3490711966112,222.46979,0.00011515346,22902.140107142604,1.1720259378870663,0.35863072845066213,9.825163083119455e-05,16201280551839.848,1.6332747742186873e-05,57.271805,-6.035043,0.016847046,0.15811768,223.75345,55.315804,-6.231774,0.0049201168162611,0.026828689050693567,0.00522948725397412,1085.6746607350904,973.7958,111.87888436790286,-274.26288,274.26288,26600.97210616225,9539.926003928713,1.3578933381777688e-06,0.001019036580603518,27.148802263144283,0.8770907858701393,609048439.5525808,0.5022746462484352,1.775266024518165e-18,3.690993806754915e-05,-49.053703,14.270146,-34.783558,True,-3116438.5284872116,1202,0.08277777777777778,843681.0460164589,3595903.9870146355,,
558139,906,1,2019-03-20 01:53:39,2019-03-20 01:58:36,0 days 00:04:57,132.65284675528062,32.44665149269247,10924.665368668173,229.0185105137459,True,246.55175556829056,-0.292067833090739,-0.9563976060581081,363.13254706094995,100.47094066142036,1737.7681572164247,222.47005,0.00011516343,22901.85105137459,1.172073479310195,0.35862578525027794,9.825615020619151e-05,16207979752326.467,1.635022545121307e-05,57.271996,-6.0248365,0.016195914,0.15854095,223.75368,55.31569,-6.2209067,0.004920366285086857,0.02684543978519003,0.005241170962813444,1085.6654473493775,973.7879,111.87754451734622,-274.23965,274.23965,26492.869092031568,9501.025981662639,1.3563417816264047e-06,0.001017571499595547,27.098887360433576,0.8769706436075081,611786503.606793,0.5017827957404957,1.7758819016935968e-18,3.702665306063772e-05,-49.007183,14.240614,-34.76657,True,-3108012.929923853,1202,0.0825,843447.2522794539,3595824.077676477,,
558140,907,1,2019-03-20 01:53:40,2019-03-20 01:58:36,0 days 00:04:56,132.65033396449542,32.4460038910036,10924.636013336501,229.0195682620316,True,247.18667043790833,-0.2916389647295296,-0.9565284701729939,362.01520453658003,100.65008232775483,1731.926465054836,222.47104,0.00011518383,22901.95682620316,1.172143091689271,0.35862584022095645,9.826772041538494e-05,5982282590719.206,1.5750916384588563e-05,57.271088,-6.014741,0.015548823,0.15896629,223.75464,55.31445,-6.2101526,0.004920591998962606,0.02682952629357302,0.005235476588013783,1085.6562252715657,973.78015,111.87607390437825,-274.21643,274.21643,26467.712351836704,9492.005580904026,1.8668652875792543e-06,0.0015218822569665238,27.179488146332723,0.8954675327063911,226021898.34906796,0.29639087466358427,5.036518904386649e-18,3.7491146247726444e-05,-28.632898,11.184281,-17.448616,True,-1561681.5018400997,1202,0.08222222222222222,843213.3178108216,3595744.134429743,,
558141,908,1,2019-03-20 01:53:41,2019-03-20 01:58:36,0 days 00:04:55,132.64781438057616,32.44535557601161,10924.176375124993,229.03613072775363,True,242.89239401895506,-0.27390587054670923,-0.9617565045686196,358.49583006650886,101.97788523856009,1595.65462581096,222.47487,0.00011524485,22903.613072775363,1.1722897869067228,0.3586455892022583,9.83074785472188e-05,683697026333.4086,1.5314846175884254e-05,57.26586,-6.005053,0.014915385,0.15940611,223.7585,55.308784,-6.1998153,0.004920261771623302,0.026691444038849172,0.0047328992854610286,1085.646963093545,973.77234,111.87462422635758,-274.1931,274.1931,26905.85851678356,9649.66748074444,3.832078971391106e-06,0.004082626967485078,27.7577380750825,0.9930650426160212,25410712.165416554,0.1484164632031609,5.600175101120588e-17,3.922811092121091e-05,-13.941361,9.750461,-4.190901,True,-364714.57598137157,1202,0.08194444444444444,842978.743805998,3595664.095956344,,
558142,909,1,2019-03-20 01:53:42,2019-03-20 01:58:36,0 days 00:04:54,132.64532504874114,32.44475725749492,10924.156324882133,229.0368532342791,True,243.0506952384479,-0.27387068572238055,-0.961766524423653,358.3134436253433,102.09093877195154,1597.103977529393,222.47574,0.00011526297,22903.68532342791,1.1723520234243843,0.35864533850745395,9.831771337352925e-05,682088985823.1823,1.532718890799562e-05,57.26502,-5.9950423,0.014275115,0.15983354,223.75932,55.30762,-6.189166,0.00492060605277203,0.026682856043441,0.004739321222268301,1085.6372938697732,973.7657,111.87160783461695,-274.17017,274.17017,26920.828252027317,9655.029561349367,3.836828423803714e-06,0.004091274816412768,27.810366219624363,0.9935250550375161,25336849.945239574,0.14870727199739459,5.622828694322577e-17,3.9261728992794504e-05,-13.968554,9.774869,-4.1936846,True,-364996.44840325403,1202,0.08166666666666667,842746.8230893889,3595589.707476739,,
558143,910,1,2019-03-20 01:53:43,2019-03-20 01:58:36,0 days 00:04:53,132.64283408522323,32.44415862594773,10924.082709531793,229.03950596465816,True,243.0566862381966,-0.2739528227317806,-0.9617431314635366,358.25556766620286,102.20480176809038,1599.5799247374214,222.47696,0.00011528631,22903.950596465816,1.1724252522531222,0.35864751800025185,9.833148105807951e-05,680848641647.2672,1.5341630017960992e-05,57.263638,-5.9850836,0.013636896,0.16026144,223.76053,55.305904,-6.17857,0.004920706298153448,0.02667440587281051,0.004748969219257111,1085.6276149369694,973.75903,111.8685817338444,-274.14725,274.14725,26944.26748652602,9663.494658377442,3.841484323176608e-06,0.0040997509580878765,27.863608248475547,0.993994824553263,25268775.333667476,0.14902538562199877,5.643247331253265e-17,3.928223178563629e-05,-13.998344,9.800808,-4.1975365,True,-365269.5545964561,1202,0.08138888888888889,842514.7471791488,3595515.28467544,,
558144,911,1,2019-03-20 01:53:44,2019-03-20 01:58:36,0 days 00:04:52,132.64034313744833,32.443559800113356,10924.007657044334,229.0422105079089,True,242.76602363675926,-0.27425056907180134,-0.9616582684944757,358.60899682369916,102.32095904729195,1604.03210564481,222.47818,0.00011530999,22904.22105079089,1.1725013882527797,0.358649778601151,9.834528863274899e-05,680437489764.5658,1.5357742855145868e-05,57.26224,-5.975132,0.012999374,0.16068767,223.76173,55.304176,-6.1679797,0.004920806224747309,0.026665680836270838,0.004764447732802479,1085.6179360807403,973.7524,111.86555570964651,-274.1243,274.1243,26999.029400130567,9683.195916802793,3.846212815564501e-06,0.004108366288492838,27.917844304732768,0.9944725858844845,25202294.4854927,0.14937309049917724,5.657538082767777e-17,3.9253399304323424e-05,-14.030924,9.828754,-4.2021694,True,-365579.90871982137,1202,0.0811111111111111,842282.6706085452,3595440.8460273785,,
558145,912,1,2019-03-20 01:53:45,2019-03-20 01:58:36,0 days 00:04:51,132.63785540687195,32.44296104095108,10924.346444120492,229.03000239944194,True,239.35203893856476,-0.3251258698961316,-0.9456707506972412,372.685990230432,101.08814230305913,2025.196775924939,222.47668,0.000115294664,22903.000239944195,1.172500148515097,0.3586330753238593,9.833232382042512e-05,10251676620481.295,1.6029367063076242e-05,57.264996,-5.9647913,0.0123490915,0.16109642,223.76015,55.3067,-6.156991,0.004921574252975347,0.02680012290736663,0.006196207123942396,1085.6082759601925,973.7458,111.86248738597374,-274.10138,274.10138,26713.346267664507,9580.28952416366,1.574033803625745e-06,0.0012274634370000805,27.386543135013486,0.8837458561403625,383766096.45832956,0.45897555672345564,2.8612001581439474e-18,3.6918593567985685e-05,-44.688107,14.771876,-29.91623,True,-2667560.496261755,1202,0.08083333333333333,842050.8935795261,3595366.430757527,,
558146,913,1,2019-03-20 01:53:46,2019-03-20 01:58:36,0 days 00:04:50,132.63544345409753,32.44226119519846,10924.391920580356,229.02836370657394,True,239.358541293364,-0.3252050329699872,-0.9456435303701863,371.92856848925277,101.01139421164616,2019.8666203464516,222.47725,0.00011531133,22902.836370657395,1.172578976003645,0.35862960994062787,9.833992921754272e-05,10254822514504.27,1.6046852687493884e-05,57.26491,-5.9550867,0.011730036,0.16147324,223.76067,55.306316,-6.146621,0.004921932394043438,0.026811636419931117,0.006210217304832672,1085.6003656882067,973.7366,111.8637934225817,-274.07886,274.07886,26637.85748020445,9553.124437779757,1.5729553774501697e-06,0.0012264041682732783,27.356721708752968,0.8836443147927475,384971746.399837,0.45960092514725664,2.8629053593646608e-18,3.70028340451624e-05,-44.750614,14.779883,-29.97073,True,-2667042.020481223,1202,0.08055555555555556,841826.6251043217,3595281.0490073804,,
558147,914,1,2019-03-20 01:53:47,2019-03-20 01:58:36,0 days 00:04:49,132.63303152395792,32.44156116003411,10924.437119916494,229.0267350089536,True,239.29261750189895,-0.32535504296850964,-0.945591928907475,371.2537554780052,100.93457385501607,2015.1323731429009,222.47781,0.000115328185,22902.673500895362,1.1726600631107587,0.3586261382900228,9.83474992011549e-05,10261230432998.215,1.6064608949062047e-05,57.264824,-5.9453893,0.011111711,0.16184801,223.76117,55.305927,-6.1362586,0.00492240530372527,0.02682317177700021,0.006226193960491209,1085.5924555354325,973.7274,111.86503854324496,-274.0564,274.0564,26567.916324149224,9527.949233742094,1.5718245552085128e-06,0.0012252937574209163,27.32687928973504,0.8835304693140852,386226390.80171853,0.46024657239990774,2.8637211299688383e-18,3.707895346890593e-05,-44.815144,14.788085,-30.027058,True,-2666447.5061460976,1202,0.08027777777777778,841602.3561548281,3595195.6516516586,,
558148,915,1,2019-03-20 01:53:48,2019-03-20 01:58:36,0 days 00:04:48,132.63062040860575,32.44086099492614,10924.542702462728,229.02293051966578,True,238.92877379624812,-0.325807928768428,-0.9454359806732695,370.613888633526,100.69114560671733,2010.3008106519846,222.47798,0.00011533947,22902.29305196658,1.1727321148016756,0.35861991772602564,9.835107964940196e-05,20924458581607.22,1.6970724114553592e-05,57.26534,-5.9356437,0.010492227,0.16221827,223.76128,55.306156,-6.125846,0.004922891980755822,0.026852634999250287,0.006254719868439497,1085.5845501830931,973.71826,111.86628846434314,-274.0339,274.0339,26447.690117111455,9484.668453841932,1.260482395257714e-06,0.0009277876214059295,27.22509931613024,0.8727529335694634,791163934.8825119,0.47699877948018155,1.4007939411741157e-18,3.695898727828778e-05,-46.62871,12.7397995,-33.888912,True,-2995901.6477614664,1202,0.08,841378.1610317514,3595110.2478245,,
558149,916,1,2019-03-20 01:53:49,2019-03-20 01:58:36,0 days 00:04:47,132.62821337571194,32.44016092154588,10924.74533341032,229.01562919798081,True,241.70638482853082,-0.29890627085929533,-0.9542824745540441,360.4493811532061,100.3735500841101,1770.747824158051,222.4775,0.000115341645,22901.56291979808,1.1727879774297427,0.3586092744712265,9.834824994913244e-05,20848748857519.164,1.6988818840409453e-05,57.26683,-5.925828,0.0098711485,0.1625819,223.76073,55.30739,-6.1153603,0.004923399378593558,0.026889951008820627,0.005529675571553714,1085.5766692358216,973.70917,111.8675017553528,-274.01144,274.01144,26146.64962583905,9376.431052175507,1.2576339971203634e-06,0.0009251528171390695,27.091221099518325,0.8731630993276255,797377452.0203035,0.48427848585260436,1.4065197214997859e-18,3.744565922148449e-05,-47.348125,12.898223,-34.4499,True,-2996415.752903814,1202,0.07972222222222222,841154.3463277658,3595024.872570761,,
558150,917,1,2019-03-20 01:53:50,2019-03-20 01:58:36,0 days 00:04:46,132.62575559337097,32.439511183352835,10924.926405258628,229.00910486635786,True,241.76518869374667,-0.29894167610069194,-0.9542713839836701,359.0415292700263,100.11196382535289,1759.4216200194262,222.4771,0.00011534389,22900.910486635785,1.1728344106391821,0.3585996942982543,9.834627323872552e-05,20798119256322.08,1.7003817349679596e-05,57.268047,-5.9158177,0.009237855,0.16296764,223.76025,55.308346,-6.1046906,0.004924017566675047,0.026921297574547896,0.00554621713969984,1085.5678245012366,973.7014,111.8664084856116,-273.98868,273.98868,25976.150608487325,9315.039667248966,1.2562701583680715e-06,0.0009238940882117722,26.981615552010638,0.8729794384658984,800662098.4683774,0.4829001383463563,1.4107606627031667e-18,3.760844408078312e-05,-47.21393,12.849185,-34.364742,True,-2978043.833464271,1202,0.07944444444444444,840925.563854732,3594944.924779063,,
558151,918,1,2019-03-20 01:53:51,2019-03-20 01:58:36,0 days 00:04:45,132.62329725924877,32.438861210070776,10925.089225113294,229.00323831412317,True,241.7763121992186,-0.299019134649876,-0.9542471153287494,357.6769290080756,99.85076555906757,1748.4888877671715,222.47682,0.00011534799,22900.323831412315,1.1728871147329725,0.3585909466878488,9.834534656210144e-05,20750987538218.895,1.7019600431449603e-05,57.26908,-5.9058313,0.008605716,0.16335213,223.75992,55.309113,-6.0940437,0.00492451608814946,0.026952824215326902,0.0055640008855700794,1085.558976482678,973.69366,111.86531193189671,-273.9659,273.9659,25809.03275537779,9254.88548884862,1.2548964719724832e-06,0.0009226261074909425,26.872438448675183,0.8728054228662643,804020349.5768373,0.4815367881812371,1.414847615417842e-18,3.776828044409729e-05,-47.081207,12.800482,-34.280724,True,-2959594.424602374,1202,0.07916666666666666,840696.7272419229,3594864.9546650075,,
558152,919,1,2019-03-20 01:53:52,2019-03-20 01:58:36,0 days 00:04:44,132.6208388922625,32.43821103846626,10925.250637269739,228.9974226026948,True,242.35685935199203,-0.2986025079486095,-0.9543775679712933,355.7047755675164,99.59129748650857,1733.5086578651167,222.47655,0.00011535235,22899.74226026948,1.1729402607278605,0.35858227866659687,9.834460623226212e-05,20654767959445.36,1.7036171290156014e-05,57.2701,-5.8958535,0.007974285,0.16373464,223.75958,55.309868,-6.083405,0.004925014304958211,0.026984229712093383,0.005568115396481919,1085.55012827368,973.6859,111.8642151877425,-273.9431,273.9431,25602.22585210448,9180.504484984478,1.2538726417177024e-06,0.0009216823519656529,26.764110000421034,0.8726478724879126,806756728.0579847,0.4803946401162644,1.4224934008599089e-18,3.79977586059446e-05,-46.970078,12.76045,-34.209625,True,-2944228.082578285,1202,0.07888888888888888,840467.8851696386,3594784.967968361,,
558153,920,1,2019-03-20 01:53:53,2019-03-20 01:58:36,0 days 00:04:43,132.61837430466585,32.437560214038776,10924.941971261454,229.00854400340006,True,246.75698003660085,-0.29309693819458355,-0.9560827290673963,354.56503903889967,100.63709567295311,1695.8801604324324,222.47937,0.000115401934,22900.854400340006,1.1730902561915681,0.3585951530469659,9.83743007985087e-05,1009972888566.9414,1.5559480190054594e-05,57.266396,-5.8863077,0.0073582614,0.16413508,223.76242,55.30578,-6.0732083,0.004924833117972867,0.026873691736261626,0.005402810832807942,1085.541243155918,973.6782,111.86302049966798,-273.9203,273.9203,25920.147526298973,9294.839269193115,3.340589428622843e-06,0.0031680579942095443,27.217204769373687,0.9552922506066792,38964781.64494271,0.19545418420143962,3.428007146965016e-17,3.952498257478542e-05,-18.503555,11.560346,-6.9432096,True,-607427.9029191541,1202,0.07861111111111112,840238.4571774938,3594704.8945180005,,
558154,921,1,2019-03-20 01:53:54,2019-03-20 01:58:36,0 days 00:04:42,132.6158605038845,32.43690978965653,10924.92372002924,229.00920161871392,True,246.76246070999895,-0.2931787266721188,-0.9560576521459965,354.16860509970604,100.66130512500115,1694.9639830496058,222.48029,0.00011542375,22900.920161871392,1.1731833841177515,0.3585946912721922,9.838508506844937e-05,1000720841906.5604,1.5574283120640102e-05,57.265583,-5.876289,0.006720168,0.16453321,223.76329,55.304653,-6.0625224,0.004925176399857207,0.02687443962035832,0.0054144844612587836,1085.5320145239891,973.6707,111.86129919195787,-273.897,273.897,25895.916105479526,9286.13804105502,3.3508689013588113e-06,0.003180339263143095,27.231058998409786,0.9557346066997064,38643963.69799831,0.1948311707055893,3.4657473912147164e-17,3.9586239133459654e-05,-18.442398,11.547012,-6.8953857,True,-602630.0747223856,1202,0.07833333333333334,840004.3943444518,3594624.714060636,,
558155,922,1,2019-03-20 01:53:55,2019-03-20 01:58:36,0 days 00:04:41,132.61334673134695,32.43625916933199,10924.904226353301,229.00990400255785,True,246.91854419355784,-0.29313462577400057,-0.9560711747418894,353.6209474234921,100.6884702450935,1693.0095744802354,222.4812,0.000115445866,22900.990400255785,1.1732765998289814,0.35859432153562804,9.83961207231875e-05,987207529342.1292,1.5588164482415725e-05,57.26476,-5.8662777,0.0060828244,0.16492946,223.76418,55.303516,-6.0518436,0.00492540457496915,0.026874865619649434,0.00542263137199625,1085.5227859923455,973.6632,111.85957798453296,-273.87372,273.87372,25862.308130507405,9274.07683740466,3.3656304003697246e-06,0.003197995313912324,27.246190371240864,0.9563911033642841,38171671.467235,0.1937154055344349,3.5203289300093975e-17,3.9669012459436026e-05,-18.333311,11.515943,-6.8173685,True,-595335.9274770726,1202,0.07805555555555556,839770.3317250037,3594544.517727351,,
558156,923,1,2019-03-20 01:53:56,2019-03-20 01:58:36,0 days 00:04:40,132.61083135173578,32.435608235479535,10924.769284479711,229.01476619092108,True,246.93501653268765,-0.2931959012796837,-0.956052385318291,353.7039698107816,101.01252437883753,1696.0205132337621,222.48288,0.000115479306,22901.476619092107,1.17339704050049,0.3585992370891637,9.841451978641662e-05,682679142016.7466,1.5536235679110784e-05,57.26277,-5.856376,0.0054497984,0.16532883,223.76584,55.30119,-6.041276,0.004925492194357446,0.02684338236858958,0.005427239679609509,1085.513547821466,973.65576,111.85778610271609,-273.85046,273.85046,25958.957963828798,9308.862521458677,3.8064717651807347e-06,0.003734476331891114,27.389725948403015,0.9764803772622062,26298403.155010745,0.14734135646328955,5.2387484013287654e-17,4.002192062998121e-05,-13.847596,9.611882,-4.235714,True,-369800.0220616611,1202,0.07777777777777778,839536.1158988096,3594464.2872647145,,
558157,924,1,2019-03-20 01:53:57,2019-03-20 01:58:36,0 days 00:04:39,132.60831587178882,32.43495712209536,10924.877475632811,229.010867870496,True,238.5659451092198,-0.3156078761481441,-0.9488897030283644,359.8661573125474,100.40750591998949,1872.713631353262,222.48296,0.00011548946,22901.0867870496,1.173469225857206,0.35859300136335803,9.841712160122807e-05,2621023284213.317,1.580399908165699e-05,57.263226,-5.84625,0.0048089614,0.1657163,223.76585,55.301365,-6.030478,0.0049259787460252365,0.0269122426543677,0.006068995025675649,1085.5043086683102,973.64825,111.85605427377891,-273.82715,273.82715,25824.688369980806,9260.552511864824,2.4405723693829716e-06,0.0021331039207484093,27.132027525998787,0.9159390270673221,101492929.814404,0.2753338426159226,1.2365172075046989e-17,3.8736786419215e-05,-26.415358,12.787426,-13.627932,True,-1169492.5402799267,1202,0.0775,839301.8881213556,3594384.0423444235,,
558158,925,1,2019-03-20 01:53:58,2019-03-20 01:58:36,0 days 00:04:38,132.60590387097278,32.43427999462058,10924.90746421919,229.00978733769426,True,238.66575977632147,-0.3155953596831717,-0.9488938660073895,359.2657556466237,100.4080972728062,1869.4805716643486,222.48357,0.000115508614,22900.978733769425,1.1735692609296524,0.3585903224291017,9.842505053807139e-05,2576336864982.414,1.5816769416866644e-05,57.26296,-5.8366356,0.0041985307,0.16607574,223.76643,55.300808,-6.020201,0.004926217235822889,0.026915278956242055,0.006078468201228934,1085.4960920736992,973.63995,111.85613846041792,-273.80472,273.80472,25782.09669994834,9245.210368532755,2.4539064155609116e-06,0.0021477981629833714,27.13540825118333,0.9164491467677831,99927360.25179738,0.27359367862013284,1.2607561212038691e-17,3.88187129933755e-05,-26.243185,12.759925,-13.48326,True,-1155737.6410601784,1202,0.07722222222222222,839077.4907501517,3594301.246162076,,
558159,926,1,2019-03-20 01:53:59,2019-03-20 01:58:36,0 days 00:04:37,132.60349086851198,32.43360261068895,10924.903928887861,229.00991472065868,True,238.37805412002297,-0.3159562870272588,-0.9487737478914288,359.06744942922546,100.40263243775746,1869.2180079413115,222.48442,0.00011553118,22900.991472065867,1.1736748828074035,0.35858916203161606,9.843541704253034e-05,2568728824773.559,1.5834042762143257e-05,57.26235,-5.8270555,0.0035897128,0.16643481,223.76724,55.299904,-6.0099583,0.004926565062218344,0.026919029349659108,0.006098433224708217,1085.4878694324418,973.6316,111.85627763556681,-273.78226,273.78226,25763.96899731434,9238.680053355485,2.456641847476488e-06,0.0021508118126423482,27.136235229978762,0.916517524655599,99702372.1399962,0.2734192753975138,1.2662317409750355e-17,3.884929389179808e-05,-26.225885,12.76034,-13.465546,True,-1152210.199932994,1202,0.07694444444444444,838852.9968952527,3594218.423672251,,
558160,927,1,2019-03-20 01:54:00,2019-03-20 01:58:36,0 days 00:04:36,132.60108109933992,32.432925269998975,10925.15004294675,229.00104702169915,True,238.0280476155186,-0.31639253519666993,-0.9486283590910741,357.93294190189613,99.70636772806576,1859.022755369464,222.48361,0.000115529685,22900.104702169916,1.1737312212302775,0.358576570785642,9.842942140457275e-05,20903443746183.918,1.7206491363867886e-05,57.26425,-5.8172617,0.0029736622,0.1667806,223.76637,55.301575,-5.9994965,0.004927081368911956,0.026998005467884938,0.006137576992814595,1085.4796660371683,973.62335,111.85631398638702,-273.75983,273.75983,25479.669265962944,9136.412430141309,1.2510194944112251e-06,0.0009190264876048563,26.83968853078356,0.8720243818848996,820396981.1377347,0.47878437266787327,1.4187381801847531e-18,3.815807728876043e-05,-46.81967,12.675082,-34.14459,True,-2904135.6404521577,1202,0.07666666666666666,838628.8038881099,3594135.6215799754,,
558161,928,1,2019-03-20 01:54:01,2019-03-20 01:58:36,0 days 00:04:35,132.59867525509947,32.4322479900376,10925.386983711935,228.9925101070108,True,243.98299960449197,-0.2970534002381526,-0.9548608680886195,350.33967721662134,99.32463720445365,1689.615225430483,222.48288,0.00011552917,22899.25101070108,1.1737896126194145,0.358564387743667,9.842408482332257e-05,20810353199820.6,1.722347416666659e-05,57.266064,-5.807501,0.0023596121,0.16712384,223.76555,55.303154,-5.989068,0.00492782769322389,0.027042708508472645,0.005620623036569094,1085.471486412184,973.61505,111.8564351426528,-273.73743,273.73743,25183.607865714563,9029.944935546539,1.248406883393783e-06,0.000916616112354504,26.67866918236798,0.8721979320050212,826345188.9334811,0.4829468754182789,1.4256788522967164e-18,3.861572572809852e-05,-47.23203,12.755468,-34.476562,True,-2941970.5294762836,1202,0.0763888888888889,838404.9767453154,3594052.843999012,,
558162,929,1,2019-03-20 01:54:02,2019-03-20 01:58:36,0 days 00:04:34,132.59619303739186,32.431596197188206,10925.580844604323,228.9855255407112,True,244.13547995384744,-0.2970055980372447,-0.9548757378499773,348.95537870880315,99.09217054121673,1678.8171375207348,222.48239,0.00011553176,22898.55255407112,1.173851154361784,0.35855424058857693,9.8421131340892e-05,20759588624603.31,1.7239250928807533e-05,57.26739,-5.797468,0.0017277262,0.1674901,223.76498,55.304234,-5.978364,0.004928448929157696,0.027071175539639607,0.005634500012351136,1085.4624709195962,973.60754,111.85492697428367,-273.71442,273.71442,25025.875872517256,8973.133918534415,1.2471785056541453e-06,0.0009154855715774712,26.581886409507778,0.8720307654160152,829524957.7019173,0.48178992705143153,1.4300766395920088e-18,3.8784425326856376e-05,-47.11956,12.713507,-34.40605,True,-2926168.370352968,1202,0.07611111111111112,838173.865162022,3593972.6571399816,,
558163,930,1,2019-03-20 01:54:03,2019-03-20 01:58:36,0 days 00:04:33,132.59370924729689,32.43094410182736,10925.720855892141,228.9804812158241,True,244.14482191922795,-0.29708414138173084,-0.9548513040989575,347.6936314925308,98.8604823051585,1669.0807558982715,222.48225,0.000115539704,22898.04812158241,1.173926264721551,0.35854656129987983,9.842160232373617e-05,20720457164807.004,1.7256832974638442e-05,57.268177,-5.7874866,0.0010980091,0.16785692,223.7648,55.304756,-5.9677114,0.0049288269245974445,0.027099866611337904,0.005651957712058633,1085.4534459343681,973.6002,111.85322620780562,-273.69138,273.69138,24876.437383326418,8919.361081183468,1.2458885303983404e-06,0.0009142965438504133,26.485769979951385,0.8718808244352317,832935072.073263,0.48064598805393155,1.4338282380328234e-18,3.894116380507617e-05,-47.008423,12.671318,-34.337105,True,-2909846.517161317,1202,0.07583333333333334,837942.6036114213,3593892.4373658537,,
558164,931,1,2019-03-20 01:54:04,2019-03-20 01:58:36,0 days 00:04:32,132.591225443678,32.43029180906595,10925.859898377856,228.97547188397493,True,244.80863922695767,-0.29659542201855127,-0.9550032228414926,345.7585105959983,98.62985466027625,1654.9102192692958,222.48212,0.00011554788,22897.547188397493,1.1740044159735903,0.3585389367952846,9.842201663641031e-05,20625462704829.27,1.727566572806984e-05,57.26895,-5.777513,0.00046900232,0.16822174,223.7646,55.30527,-5.957067,0.0049293204300468576,0.0271284836952814,0.005653655476451247,1085.4444208323584,973.5928,111.85164739485845,-273.66837,273.66837,24682.946851549765,8849.79752112917,1.2449984970009829e-06,0.0009134774199186408,26.39017721060614,0.871739173834071,835615894.1992074,0.47975654595278494,1.4417113665102774e-18,3.9180388059424175e-05,-46.92213,12.639014,-34.283115,True,-2896939.0584650584,1202,0.07555555555555556,837711.3383702267,3593812.2012851,,
558165,932,1,2019-03-20 01:54:05,2019-03-20 01:58:36,0 days 00:04:31,132.58873451176532,32.42963881946807,10925.440177784494,228.99059357371112,True,245.28225698348166,-0.2732296263193687,-0.9619488402723807,340.5149352295807,99.96956272024997,1485.7600593223628,222.48566,0.00011561091,22899.059357371112,1.1742051969441425,0.35855691278814006,9.845886119896435e-05,685741007784.815,1.5672028336370504e-05,57.2641,-5.7680306,-0.00014141649,0.168611,223.76819,55.300022,-5.946924,0.004928883495337004,0.026983821850489625,0.00498789182810691,1085.4353530347778,973.5854,111.84996485118404,-273.64526,273.64526,25053.08812187423,8982.957932788446,3.7668255071774775e-06,0.0036855845383772347,26.967398067658667,0.9747513664685439,27371516.215842634,0.14991752413482265,5.246092890393824e-17,4.126479219202096e-05,-14.099902,9.690419,-4.409483,True,-368251.8684181066,1202,0.07527777777777778,837479.4018634832,3593731.870973253,,
558166,933,1,2019-03-20 01:54:06,2019-03-20 01:58:36,0 days 00:04:30,132.58622062263726,32.42903610540926,10925.404060038327,228.99189486132852,True,245.28630736665065,-0.27331264764842333,-0.9619252552227792,340.1881492737138,100.01427782682889,1485.6076617864064,222.48662,0.00011563449,22899.18948613285,1.1743124185587401,0.35855739326019925,9.846995233651218e-05,685012919962.3799,1.5688296929811755e-05,57.263058,-5.7580886,-0.0007715256,0.16899958,223.76912,55.298687,-5.9363265,0.004929107465041227,0.026982081536639575,0.0049989945013804524,1085.4255118587282,973.5793,111.84622719075946,-273.6221,273.6221,25038.81289660077,8977.851482535032,3.7687486147800208e-06,0.0036879453446526655,26.989786996439673,0.9748732250681713,27358043.002724625,0.15006444683226175,5.257810636987689e-17,4.1317045504414904e-05,-14.11392,9.700893,-4.413027,True,-368193.09975044936,1202,0.075,837245.1146417874,3593657.051445055,,
558167,934,1,2019-03-20 01:54:07,2019-03-20 01:58:36,0 days 00:04:29,132.58370677044024,32.4284331982681,10925.367405447743,228.99321549705547,True,245.33780928883718,-0.2733580287465506,-0.9619123598955364,339.82318166543524,100.05964438363138,1485.1459289791023,222.48758,0.0001156583,22899.321549705546,1.174419101089691,0.35855790402338306,9.848128490554228e-05,684126305804.2047,1.5704348998385798e-05,57.262016,-5.748153,-0.0014009549,0.16938637,223.77005,55.297344,-5.9257355,0.004929331314985461,0.026980378584364223,0.005009071481657988,1085.4156708445732,973.5732,111.84248969222949,-273.59894,273.59894,25022.220508982136,8971.914939711543,3.770829970235633e-06,0.003690501972599466,27.012572743521858,0.9750051475697235,27340751.215849385,0.15020935527641774,5.2707613762119796e-17,4.137456256852381e-05,-14.127724,9.711511,-4.416213,True,-368134.5786785561,1202,0.07472222222222222,837010.8286902974,3593582.2163700215,,
558168,935,1,2019-03-20 01:54:08,2019-03-20 01:58:36,0 days 00:04:28,132.5811924409761,32.42783006441697,10925.31222343539,228.99520367267453,True,245.33596853538248,-0.2734337220562975,-0.9618908460123942,339.6396580144852,100.10639346315585,1484.9679602700537,222.48866,0.00011568411,22899.520367267454,1.1745336576341041,0.3585592845655704,9.849365249149858e-05,683370323070.4457,1.5722139464640733e-05,57.26078,-5.738239,-0.002029197,0.16977234,223.77112,55.29581,-5.9151645,0.004929436305507409,0.026978472085268646,0.005019950102721518,1085.4058268834215,973.56714,111.83868821154647,-273.57574,273.57574,25020.554106616448,8971.351979902538,3.7735649286157633e-06,0.003693862301640921,27.03590928525239,0.9751853514671105,27312357.67835113,0.1503625963835726,5.2835678896444e-17,4.140637381258641e-05,-14.142221,9.723739,-4.418483,True,-368110.4546386537,1202,0.07444444444444444,836776.4957503461,3593507.3603932844,,
558169,936,1,2019-03-20 01:54:09,2019-03-20 01:58:36,0 days 00:04:27,132.57867820469835,32.42722676839676,10925.564768048924,228.9861047524026,True,239.3950500685847,-0.3271506550478056,-0.9449721947770695,353.5891906416441,98.98336485816037,1886.2722329301007,222.48772,0.00011567978,22898.61047524026,1.1745802351222134,0.3585465507074089,9.84860610290837e-05,18859341860580.316,1.7093265404304823e-05,57.262646,-5.728052,-0.0026676822,0.17014216,223.7701,55.29745,-5.9043145,0.004930069594114457,0.027105450346386475,0.00654393325278274,1085.3959830906397,973.5611,111.83488689923342,-273.55255,273.55255,24802.270681835405,8892.768602683578,1.280243314396858e-06,0.0009461625500758179,26.557124754956387,0.8722587840226778,760387712.1780003,0.4795384952671042,1.5714450678624525e-18,3.896942574314329e-05,-46.886997,12.921396,-33.9656,True,-2870009.639643944,1202,0.07416666666666667,836542.169254967,3593432.4924784023,,
558170,937,1,2019-03-20 01:54:10,2019-03-20 01:58:36,0 days 00:04:26,132.57626802134553,32.42652243788719,10925.64526536707,228.98320457911876,True,239.4010458911938,-0.3272290431466403,-0.9449450530699308,352.57285727915075,98.83921366398828,1878.045688298539,222.48802,0.00011569693,22898.320457911876,1.1746957727053409,0.3585415271577292,9.84909734419549e-05,18878772604408.008,1.711729383717396e-05,57.262894,-5.7184925,-0.0032706666,0.17046846,223.77036,55.297432,-5.8940754,0.004930435252927055,0.027124434787526634,0.006560045211441107,1085.3880826323705,973.5524,111.83565343315172,-273.53006,273.53006,24695.161635356493,8854.240966147681,1.2785515630920476e-06,0.0009445890356575365,26.49837613599018,0.8721265951122026,764472526.3664174,0.4788802293237413,1.5714746578577983e-18,3.909357331518161e-05,-46.823605,12.88778,-33.935825,True,-2859290.4102821667,1202,0.07388888888888889,836318.0062144632,3593346.7494340283,,
558171,938,1,2019-03-20 01:54:11,2019-03-20 01:58:36,0 days 00:04:25,132.5738578656822,32.42581792097626,10925.725852456215,228.9803012013404,True,239.42675868332424,-0.32728672901574124,-0.9449250748129066,351.53755567752484,98.69448610129459,1869.6355807418245,222.48834,0.00011571423,22898.03012013404,1.1748109692501563,0.358536454744996,9.849604354048684e-05,18880223093333.08,1.7139866510773615e-05,57.263138,-5.7089405,-0.003872928,0.17079265,223.77061,55.297417,-5.8838434,0.004930915890427059,0.027143422934467577,0.006575591792201084,1085.380182288892,973.54376,111.83642008186075,-273.50754,273.50754,24587.05280501812,8815.354745339206,1.2772053255948778e-06,0.0009433375942864815,26.439326850662123,0.8719962423009757,767892892.3713744,0.47830968672708424,1.5729755414172389e-18,3.92203758719804e-05,-46.768665,12.859376,-33.90929,True,-2848951.7658884902,1202,0.07361111111111111,836093.8431306399,3593260.991121917,,
558172,939,1,2019-03-20 01:54:12,2019-03-20 01:58:36,0 days 00:04:24,132.5714475209371,32.42511320418624,10925.80219169491,228.97755089188067,True,238.87972940940784,-0.32794194138395566,-0.9446978792615777,350.9828219519884,98.53552922730776,1865.5964377157075,222.48868,0.00011573212,22897.755089188067,1.1749278792154212,0.358531622020574,9.850146441346065e-05,20852889757966.414,1.7450232897480046e-05,57.26334,-5.6993985,-0.004474366,0.17111498,223.7709,55.29736,-5.8736215,0.00493128087431188,0.027164060204765153,0.006608215225344613,1085.3722807401707,973.53516,111.83712449017071,-273.48505,273.48505,24502.956175554733,8785.084621920678,1.241578913754153e-06,0.0009103050711930534,26.374266567129656,0.8707533526389104,851035671.3109665,0.4726428486194692,1.4393187894925916e-18,3.927571189091346e-05,-46.22993,12.411632,-33.8183,True,-2830478.4508336238,1202,0.07333333333333333,835869.6596550052,3593175.2153638797,,
558173,940,1,2019-03-20 01:54:13,2019-03-20 01:58:36,0 days 00:04:23,132.56904328164705,32.42440869043996,10926.074289388007,228.96774811860539,True,246.65723615064056,-0.2948906904880584,-0.955530994088353,339.13104745121535,98.11330668857497,1599.6471158045129,222.48773,0.000115730734,22896.774811860538,1.1750009171444498,0.35851778595314965,9.849416503625288e-05,13618391266548.264,1.672197534548529e-05,57.26552,-5.689715,-0.0050805155,0.17142454,223.76988,55.299324,-5.8632536,0.004931918535431237,0.027213941710452973,0.005707824924263329,1085.3644161756283,973.52655,111.83786588265957,-273.4626,273.4626,24122.62791526987,8648.391151554195,1.4035020456965903e-06,0.0010623601532463803,26.196741580799767,0.8767103792324683,564548411.3249404,0.508641601030356,2.1802842350385568e-18,4.0105564545209866e-05,-49.685467,14.742625,-34.94284,True,-2918697.3717038757,1202,0.07305555555555555,835646.046579825,3593089.4866703395,,
558174,941,1,2019-03-20 01:54:14,2019-03-20 01:58:36,0 days 00:04:22,132.56653231344876,32.42375455020394,10926.128608245606,228.96579123184296,True,246.66306983798404,-0.29497149891714697,-0.9555060516954204,338.296217122652,98.01198636332687,1594.2839126811211,222.48814,0.000115748764,22896.579123184296,1.1751146691513492,0.3585140640136662,9.849997375790903e-05,13624527345215.025,1.6742065789855792e-05,57.265415,-5.6797786,-0.0057065776,0.17177917,223.77025,55.298954,-5.8526373,0.004932278362779811,0.027228301070003572,0.005722539183842408,1085.3552033593282,973.5195,111.8357331444845,-273.4393,273.4393,24037.81357778522,8617.894235774664,1.402200996433081e-06,0.0010611203111601621,26.156457557692555,0.87659759732674,566795615.6297953,0.508570230074804,2.1813736727872467e-18,4.021737499357666e-05,-49.680187,14.726558,-34.95363,True,-2912432.6869186396,1202,0.07277777777777777,835412.2006008731,3593009.016175608,,
558175,942,1,2019-03-20 01:54:15,2019-03-20 01:58:36,0 days 00:04:21,132.56402136962328,32.42310021524756,10926.182577370295,228.9638469579424,True,247.24989063217697,-0.29455035741799296,-0.9556359594243682,336.8839648062385,97.91084617862809,1585.139535306053,222.48857,0.000115767,22896.38469579424,1.1752280548279144,0.3585103399091194,9.850598541120979e-05,13590018628881.447,1.676105608640288e-05,57.265312,-5.6698494,-0.006331923,0.17213179,223.77063,55.29858,-5.842028,0.004932638235173101,0.02724271416137857,0.005723288298811585,1085.3459906026324,973.5124,111.8336004659136,-273.41602,273.41602,23914.990207595456,8573.771268248309,1.4015171780346321e-06,0.0010604691834133191,26.116320009585653,0.8765103111474052,568263608.3440764,0.5085884334800106,2.189094729402477e-18,4.040494970925296e-05,-49.683365,14.718296,-34.96507,True,-2908141.9382636594,1202,0.0725,835178.3544389005,3592928.5299115838,,
558176,943,1,2019-03-20 01:54:16,2019-03-20 01:58:36,0 days 00:04:20,132.5615041324537,32.4224452610359,10925.727591283687,228.9802385554921,True,247.23214125014576,-0.2946396205355992,-0.9556084417849384,337.88356484719645,99.2085666757642,1598.2512620333616,222.49232,0.00011583612,22898.02385554921,1.1754644760431248,0.35852995335910764,9.854497654492114e-05,685206389939.4596,1.585976211252406e-05,57.260075,-5.66035,-0.006939951,0.17250894,223.77443,55.292946,-5.831857,0.004932193331689234,0.027100959534594973,0.005705421311402891,1085.3367398030002,973.5054,111.83136870925023,-273.3927,273.3927,24336.84742741995,8725.488773060593,3.746298351457888e-06,0.003660282287317134,26.67368499858333,0.9707260768875873,28155100.69588751,0.14936850258204748,5.305115491637754e-17,4.2075314441456156e-05,-14.054126,9.600936,-4.45319,True,-372026.42129372765,1202,0.07222222222222222,834943.9151828706,3592847.9609409682,,
558177,944,1,2019-03-20 01:54:17,2019-03-20 01:58:36,0 days 00:04:19,132.55898716305637,32.42179015442346,10925.561135924341,228.98623561200606,True,241.0942384710113,-0.3139922307197147,-0.9494255521354253,343.5063607518406,99.42901236646878,1745.7184912011137,222.4942,0.00011587677,22898.623561200606,1.175635250883669,0.3585363171443466,9.856523943897493e-05,684284186219.571,1.5883499683459808e-05,57.257744,-5.650602,-0.007557501,0.17287,223.77629,55.290295,-5.821431,0.004932273724888887,0.027079948514579986,0.006247011763294447,1085.3274902023725,973.4983,111.82919918674747,-273.3694,273.3694,24479.83685993514,8776.910552055571,3.7572013885829134e-06,0.003673680596957136,26.771585079316345,0.9698011310599404,27952971.669492736,0.14752756699578606,5.32428976657729e-17,4.178411767130506e-05,-13.878295,9.502895,-4.3753996,True,-362349.02371763217,1202,0.07194444444444445,834709.4984779601,3592767.381687877,,
558178,945,1,2019-03-20 01:54:18,2019-03-20 01:58:36,0 days 00:04:18,132.55654857980312,32.42110935351742,10925.512135632263,228.98800101959125,True,241.09828733409898,-0.3140720419984397,-0.9493991533780354,343.16084074531057,99.48771631807324,1745.072254975994,222.49532,0.000115907125,22898.800101959125,1.1757898293949807,0.35853728316477207,9.857809822275484e-05,683535038235.1774,1.5903171405719913e-05,57.25665,-5.641086,-0.008157964,0.17319947,223.7774,55.28891,-5.8112383,0.00493226371992364,0.027076573429073433,0.006257780491532423,1085.319088877478,973.4905,111.82861036185295,-273.34668,273.34668,24469.426736864305,8773.201782834762,3.7595948311004826e-06,0.0036766171781137504,26.79986627736189,0.9699839344007906,27934248.13689651,0.1477002177653291,5.33760663438279e-17,4.1835263619338864e-05,-13.894544,9.515758,-4.378786,True,-362262.33976674126,1202,0.07166666666666667,834482.5495806995,3592684.2034504334,,
558179,946,1,2019-03-20 01:54:19,2019-03-20 01:58:36,0 days 00:04:17,132.55411004181144,32.42042836813536,10925.46291754481,228.98977428511415,True,240.57548846199956,-0.3146628571556431,-0.9492035010084231,343.37754833640656,99.5464810987795,1748.243700428327,222.49644,0.00011593769,22898.977428511414,1.1759440667608727,0.3585382395501853,9.859116166018089e-05,684284190550.239,1.5924380590798886e-05,57.255547,-5.631577,-0.008757692,0.173527,223.7785,55.287525,-5.8010516,0.00493248522381748,0.02707309116893371,0.006282692472215239,1085.3106877345585,973.48267,111.82802171893354,-273.32394,273.32394,24496.418358330502,8782.902713480658,3.7612776194869246e-06,0.0036786784233490432,26.828084835440063,0.9701015976888259,27934050.624896124,0.1479015854603176,5.3394911860540944e-17,4.1814823328600436e-05,-13.913619,9.529213,-4.384406,True,-362159.63438510825,1202,0.07138888888888889,834255.6023698424,3592601.0103296814,,
558180,947,1,2019-03-20 01:54:20,2019-03-20 01:58:36,0 days 00:04:16,132.55167731569674,32.41974758246932,10925.919706957053,228.9733171668464,True,240.77329260225892,-0.3145626365237134,-0.949236718476087,340.9858927083699,98.14703446021616,1725.3394357889435,222.49425,0.00011591769,22897.331716684643,1.1759771028483776,0.3585160023150701,9.857138349131274e-05,20855879098499.223,1.763689062371191e-05,57.259552,-5.6216598,-0.009373428,0.1738254,223.77618,55.29137,-5.790447,0.004933509967077327,0.027231730988367297,0.006326074318028137,1085.3023216131835,973.47485,111.8274680975585,-273.30127,273.30127,23945.097296425476,8584.700557759854,1.2363845679826232e-06,0.000905503165639994,26.23189177005385,0.8705948496196863,870987444.3321885,0.47857162861193236,1.4528486630330928e-18,4.0215430598525166e-05,-46.823795,12.496318,-34.327477,True,-2813320.768091603,1202,0.07111111111111111,834029.1980633651,3592517.8630047464,,
558181,948,1,2019-03-20 01:54:21,2019-03-20 01:58:36,0 days 00:04:15,132.54924251825162,32.419066452834045,10925.987609723226,228.97087086123298,True,242.2279868948231,-0.30118976515385026,-0.9535642219413271,336.20201717387846,98.02588112635398,1619.7965607707272,222.49461,0.0001159368,22897.087086123298,1.1761037085301944,0.35851160188893083,9.857701817083313e-05,13744428628275.486,1.6894492074889073e-05,57.259632,-5.6120796,-0.00997502,0.174142,223.7765,55.2912,-5.780186,0.004933873332392693,0.027248162128133177,0.005966181977997356,1085.2939431197697,973.4671,111.82684106898841,-273.27863,273.27863,23799.137776294978,8532.26700775488,1.3976818126069682e-06,0.0010567968613447657,26.18295891031837,0.8761766758268686,577517923.4419812,0.5107367441811699,2.1801520275072413e-18,4.064941254416782e-05,-49.90194,14.726193,-35.175747,True,-2860293.488829864,1202,0.07083333333333333,833802.5968655752,3592434.6764529254,,
558182,949,1,2019-03-20 01:54:22,2019-03-20 01:58:36,0 days 00:04:14,132.5467818610672,32.418410338138585,10926.040155261791,228.96897783879936,True,242.2331700315116,-0.3012698444816752,-0.9535389246412477,335.33808876026995,97.9223021242958,1613.9456590362788,222.49503,0.000115956485,22896.897783879936,1.176234075474626,0.3585079581441803,9.858283126262873e-05,13750101365933.29,1.6915309714102587e-05,57.25953,-5.602403,-0.010582618,0.17447004,223.77689,55.29084,-5.769834,0.004934116164272382,0.02726267973901116,0.005980950843340984,1085.2850796875414,973.46,111.82505771488513,-273.25577,273.25577,23712.849125966197,8501.245121931152,1.3963669119112273e-06,0.0010555450040887653,26.14157633460291,0.876073939860073,579858678.8492051,0.5106525861611758,2.1813832535572915e-18,4.076715094185724e-05,-49.89533,14.709695,-35.185635,True,-2853760.5532961492,1202,0.07055555555555555,833573.4667710152,3592354.189640625,,
558183,950,1,2019-03-20 01:54:23,2019-03-20 01:58:36,0 days 00:04:13,132.5443212344104,32.417754034962115,10926.092633315933,228.96708726022982,True,242.29089917457944,-0.30130127710026966,-0.9535289929612767,334.4230847359515,97.81842485124031,1607.7174755384758,222.49545,0.00011597633,22896.708726022982,1.1763635033631183,0.3585043182397175,9.858885165403133e-05,13744360600505.557,1.6935064931830894e-05,57.259422,-5.592734,-0.0111895185,0.17479609,223.77727,55.29048,-5.759488,0.004934475708817274,0.027277203641683484,0.005994381436573992,1085.276216366906,973.45294,111.8232744723748,-273.2329,273.2329,23623.374160532352,8469.08164794341,1.395340607529808e-06,0.001054568390611932,26.10004020788773,0.8759715894048989,581811916.752701,0.51057398914091,2.1844049275040164e-18,4.0892108460334403e-05,-49.8891,14.695862,-35.193237,True,-2847242.124635209,1202,0.07027777777777777,833344.3370926476,3592273.6875442285,,
558184,951,1,2019-03-20 01:54:24,2019-03-20 01:58:36,0 days 00:04:12,132.54186006482723,32.41709750686801,10926.108004725567,228.9665334909922,True,242.2611410063397,-0.3014123724052026,-0.953493881344326,333.6942350792316,97.79288016391997,1603.0977760171315,222.49612,0.00011600008,22896.65334909922,1.1765032038605705,0.35850237676908286,9.859733704528078e-05,9864402317888.441,1.6721600817463507e-05,57.25894,-5.583101,-0.011794527,0.17512222,223.77791,55.289738,-5.7491794,0.0049347114619632745,0.027282954656219018,0.006008112993342837,1085.2673496694863,973.44586,111.82148785308004,-273.21005,273.21005,23567.604997586506,8449.042406389677,1.5506681733720214e-06,0.0012045674257311566,26.091910206475873,0.8812432826902896,418557690.4780366,0.48189628017158637,3.088824763226448e-18,4.1098932274012456e-05,-46.983257,15.168265,-31.814991,True,-2570403.8204513383,1202,0.07,833115.1539998329,3592193.1643305225,,
558185,952,1,2019-03-20 01:54:25,2019-03-20 01:58:36,0 days 00:04:11,132.53939930615684,32.41644081740678,10926.180625097057,228.96391728966174,True,242.19159443433412,-0.3015633065789344,-0.9534461558605077,332.8102167937231,97.5839784316201,1596.8954398608287,222.49641,0.00011601823,22896.391728966173,1.176630559135329,0.358497798094455,9.860208734459652e-05,18445682001663.86,1.7408655036914216e-05,57.259037,-5.5734277,-0.012400812,0.17544325,223.77815,55.289585,-5.738828,0.004935074392699619,0.027309484389475464,0.006027559293149756,1085.2584853605488,973.43884,111.81964258711128,-273.1872,273.1872,23451.03638715292,8407.144907827264,1.273562795245639e-06,0.0009399475525029651,26.005819306936953,0.8717933470679552,786561484.8377821,0.48799249981108017,1.6338875648780906e-18,4.103718497652263e-05,-47.73625,13.040896,-34.695354,True,-2791386.5695721507,1202,0.06972222222222223,832886.0070149445,3592112.6300295186,,
558186,953,1,2019-03-20 01:54:26,2019-03-20 01:58:36,0 days 00:04:10,132.53693939495338,32.41578398774039,10926.256131186576,228.96119715392234,True,242.19740126002844,-0.30164270769921125,-0.9534210386245356,331.81880005016626,97.44170117011646,1589.7594412446726,222.49669,0.00011603623,22896.119715392233,1.1767598674892361,0.3584931005502106,9.860654929616049e-05,18465529456221.434,1.743235979713122e-05,57.259163,-5.5637627,-0.0130063,0.17576195,223.77838,55.289467,-5.7284846,0.004935438729801262,0.027328389347516763,0.006043344861871462,1085.2496261774606,973.4318,111.81780244699189,-273.16437,273.16437,23347.24271646355,8369.825430723338,1.2717964952128578e-06,0.0009383068448175273,25.94799175585874,0.8716585475586659,790908360.3778306,0.48726515419751354,1.6337454593839892e-18,4.11735307934929e-05,-47.666412,13.004778,-34.661636,True,-2780419.949021642,1202,0.06944444444444445,832656.9371407917,3592032.0883472543,,
558187,954,1,2019-03-20 01:54:27,2019-03-20 01:58:36,0 days 00:04:09,132.53447950748682,32.41512696938691,10926.331514747168,228.95848145843843,True,242.21532929308395,-0.30171047366941284,-0.9533995962229996,330.818210613166,97.29921482703354,1582.528512443442,222.49696,0.0001160544,22895.848145843844,1.176888894297509,0.35848840996972403,9.861117605222768e-05,18467954130415.523,1.745452627907792e-05,57.259285,-5.554105,-0.013611091,0.17607866,223.77861,55.289345,-5.7181478,0.0049358030421595344,0.02734736241511451,0.006058839179328174,1085.240767062377,973.4248,111.81596237487702,-273.1415,273.1415,23243.123700464774,8332.390458109225,1.270380003379576e-06,0.0009369917990782469,25.890123220492676,0.8715355240460437,794555601.4076643,0.48662922566954303,1.6351155700662938e-18,4.131205476453385e-05,-47.605377,12.9740305,-34.631348,True,-2769804.3142039725,1202,0.06916666666666667,832427.8670395457,3591951.531332769,,
558188,955,1,2019-03-20 01:54:28,2019-03-20 01:58:36,0 days 00:04:08,132.53201951117956,32.41446975479074,10926.407388136717,228.9557481431856,True,242.41673840098204,-0.30160944786191335,-0.9534315607113243,329.58953880008977,97.1297094675232,1573.7581711336097,222.49722,0.00011607267,22895.57481431856,1.1770240701142562,0.35848371373823923,9.861537314847354e-05,21753420395644.195,1.7813666473066907e-05,57.259415,-5.5444536,-0.014215241,0.17639333,223.77884,55.289227,-5.707817,0.004936051621799322,0.027369544875539078,0.0060703451342913,1085.2319071976121,973.41785,111.81406051792464,-273.11865,273.11865,23116.84890068786,8287.013843844317,1.2088951291557115e-06,0.0008802170616558839,25.820922549799175,0.8694685001321276,941020140.29243,0.473262551415154,1.3985508556304743e-18,4.144411541251494e-05,-46.321762,12.112185,-34.20958,True,-2728532.0585367884,1202,0.06888888888888889,832198.784261293,3591870.9577347594,,
558189,956,1,2019-03-20 01:54:29,2019-03-20 01:58:36,0 days 00:04:07,132.5295574049461,32.41381221398252,10926.276975977089,228.96044621698482,True,244.6508934675145,-0.2988383072786989,-0.9543037598704105,328.5471337136998,97.55758254586969,1553.8930003097219,222.49886,0.00011611208,22896.044621698482,1.1772092324060184,0.3584884385887884,9.863334277810144e-05,2699830161792.03,1.6371140152617237e-05,57.257454,-5.5349727,-0.014811742,0.17671786,223.78044,55.286976,-5.69766,0.004936255549210387,0.027323535017390946,0.005992121344310501,1085.223034435893,973.4109,111.81214576401794,-273.0958,273.0958,23203.356163335644,8318.134921013736,2.3592293677382965e-06,0.0020439377415078595,26.005125030522258,0.9107589964336533,116355157.53786156,0.28757832063220895,1.2322449520714045e-17,4.2351336269721895e-05,-27.644281,12.914506,-14.729775,True,-1182675.0572514716,1202,0.06861111111111111,831969.5009686393,3591790.3469088664,,
558190,957,1,2019-03-20 01:54:30,2019-03-20 01:58:36,0 days 00:04:06,132.52707035218202,32.413154709640736,10926.267731948017,228.9607792343758,True,244.65707104847633,-0.29891693714199924,-0.9542791335294124,327.9768694588957,97.55060984815596,1551.0539524079306,222.49968,0.00011613932,22896.07792343758,1.1773656913866446,0.3584876225478816,9.864337289289676e-05,2687432822698.036,1.6388919071560034e-05,57.25671,-5.5252967,-0.015418246,0.17703903,223.78125,55.285965,-5.6872997,0.0049363695574268715,0.027327233346393243,0.006004620056905012,1085.2139876110255,973.40405,111.80993487665046,-273.0727,273.0727,23161.50834541768,8303.114061371702,2.3622829615682775e-06,0.002047268233939389,26.004927228432962,0.910863386877252,116030129.93019186,0.2877771980763279,1.239685735704394e-17,4.243957668959388e-05,-27.663208,12.933106,-14.730102,True,-1180701.0099619804,1202,0.06833333333333333,831737.8667719283,3591709.6681015003,,
558191,958,1,2019-03-20 01:54:31,2019-03-20 01:58:36,0 days 00:04:05,132.52458331892683,32.41249701569857,10926.256966091816,228.96116707628818,True,244.9984729817709,-0.2986905959829005,-0.9543500028141562,327.08832319104334,97.54697881675965,1546.1003784287118,222.5005,0.000116166906,22896.11670762882,1.177528104463865,0.35848691427765195,9.865319192102239e-05,2655125210614.8223,1.6404919822703005e-05,57.255947,-5.5156283,-0.016023988,0.1773583,223.78204,55.28494,-5.676947,0.004936599834077242,0.02733050213786648,0.006008499521273921,1085.204940788201,973.3972,111.80772399132593,-273.0496,273.0496,23099.734087593406,8280.952393695652,2.3704846618580704e-06,0.002056224589317291,26.006101742388093,0.9111644861967313,114941808.44449022,0.28775386482310633,1.2571228681136689e-17,4.2576694508987416e-05,-27.658957,12.963432,-14.695524,True,-1176440.5338596166,1202,0.06805555555555555,831506.2319164635,3591628.9739673687,,
558192,959,1,2019-03-20 01:54:32,2019-03-20 01:58:36,0 days 00:04:04,132.52209265039016,32.41183890316476,10925.946837982066,228.97233972579477,True,244.80710932710127,-0.29894460008773965,-0.9542704679902765,327.6783780696184,98.33488260909171,1554.6686023942373,222.50331,0.000116225274,22897.233972579477,1.177764386962826,0.35849986871930023,9.868295823901558e-05,685334320225.8955,1.614956823427884e-05,57.252155,-5.5061984,-0.016619029,0.17769335,223.78487,55.28081,-5.666838,0.004936417149873762,0.02724448234930451,0.006006123401947808,1085.1958716701843,973.39044,111.80542977565301,-273.0265,273.0265,23346.064227426792,8369.560960644856,3.716787417627908e-06,0.00362394136725228,26.344730970546475,0.9676690446947515,29355454.24486452,0.15214637186265323,5.389429443877823e-17,4.359885320524717e-05,-14.326506,9.692196,-4.63431,True,-371874.6625326815,1202,0.06777777777777778,831274.2532980873,3591548.2277550516,,
558193,960,1,2019-03-20 01:54:33,2019-03-20 01:58:36,0 days 00:04:03,132.51960415084676,32.41118074497511,10925.919259754197,228.97333327811387,True,240.25104044230233,-0.30486538536642216,-0.9523954519029282,328.72304236431455,98.23368232385003,1592.8411927601503,222.50426,0.000116254996,22897.333327811386,1.1779328510892761,0.35849991143608184,9.86940775048435e-05,918069998061.431,1.6237531426458165e-05,57.25122,-5.49655,-0.017223105,0.17801009,223.78578,55.27961,-5.656504,0.004936643772499281,0.027258869058541628,0.006183770807898697,1085.18681554964,973.38367,111.80314855745246,-273.00336,273.00336,23303.639853822267,8354.35282373363,3.375719551113761e-06,0.003210039656214442,26.30441704849326,0.9523359075621232,39395991.519790374,0.19453795427992018,3.9451108949232396e-17,4.3292405801977956e-05,-18.423557,11.502259,-6.921298,True,-546719.3454584847,1202,0.0675,831042.4757683922,3591467.4888696275,,
558194,961,1,2019-03-20 01:54:34,2019-03-20 01:58:36,0 days 00:04:02,132.5171667807714,32.410522044047745,10925.887808583959,228.97446636399494,True,240.25880361199975,-0.3049413490070163,-0.9523711323143835,328.2311776149208,98.26179839733702,1590.705298683212,222.50522,0.000116285366,22897.446636399494,1.1781066926963186,0.3585001287658451,9.870529271151747e-05,907719486967.3954,1.6255547964222065e-05,57.250267,-5.487118,-0.017813448,0.17831449,223.78673,55.278397,-5.6463947,0.0049367530507936404,0.02725848936429094,0.006195139373006616,1085.1781147000725,973.3767,111.80140571569746,-272.9807,272.9807,23275.991341082332,8344.445892930711,3.388414287307884e-06,0.003225248897927681,26.31911009584831,0.9529024217765673,38998102.10726717,0.193461942438788,3.9984154489584964e-17,4.337856564131563e-05,-18.318583,11.468456,-6.8501263,True,-540361.4414036525,1202,0.06722222222222222,830815.5087192708,3591386.85393979,,
558195,962,1,2019-03-20 01:54:35,2019-03-20 01:58:36,0 days 00:04:01,132.51472941197812,32.40986315770957,10925.852999762947,228.97572042067424,True,239.97032133134095,-0.30530016226758855,-0.9522561687484015,328.05388677939266,98.29834079018637,1590.634197241219,222.50621,0.00011631627,22897.572042067422,1.1782790422014742,0.3585004916430671,9.871708039774026e-05,888578573759.5907,1.6273046996508097e-05,57.249275,-5.477694,-0.018402975,0.17861716,223.7877,55.27715,-5.6362934,0.004936861824867265,0.02725710016479875,0.006214160486328854,1085.1694137612176,973.3699,111.79954071434258,-272.95804,272.95804,23271.539272632253,8342.858270529607,3.413579231154237e-06,0.0032554500670504256,26.337346940269697,0.9540055207945539,38183059.717264816,0.1907898302833861,4.096809434410794e-17,4.343062221064295e-05,-18.058771,11.371662,-6.687109,True,-526683.3657741854,1202,0.06694444444444445,830588.539330016,3591306.203871028,,
558196,963,1,2019-03-20 01:54:36,2019-03-20 01:58:36,0 days 00:04:00,132.5122952829434,32.40920428862693,10926.124716852508,228.96593142240496,True,240.10444767872795,-0.30525715499126305,-0.9522699561188729,326.35728789841613,97.4237565865891,1575.7708751353337,222.50519,0.00011631583,22896.593142240497,1.1783760073877518,0.3584868096509565,9.870858677814546e-05,5994948346882.27,1.6746079966360958e-05,57.251385,-5.468042,-0.019002218,0.17889935,223.7866,55.279076,-5.6259575,0.004937499751267466,0.02735878682624109,0.006245513963806279,1085.1607325045075,973.363,111.7977564302887,-272.9354,272.9354,22925.06592820112,8218.333745638662,1.81475435822773e-06,0.0014685240422167307,25.967287048276074,0.8900651845830209,261501902.13881233,0.3271847832245491,5.302076914853939e-18,4.241830395986114e-05,-31.69303,11.890874,-19.802155,True,-1552294.6197394696,1202,0.06666666666666667,830361.8716297774,3591225.5711727287,,
558197,964,1,2019-03-20 01:54:37,2019-03-20 01:58:36,0 days 00:03:59,132.50985977455315,32.40854514376064,10926.218562325097,228.96255058324797,True,240.69149698689176,-0.3160819349246276,-0.9487318959612897,328.18363679422345,97.09586640433403,1639.8821975733194,222.50534,0.00011633381,22896.255058324798,1.1785176222555287,0.35848127517810474,9.87119811166976e-05,20936852357636.473,1.8034671526444867e-05,57.251698,-5.4585357,-0.01959462,0.17919013,223.7867,55.27916,-5.6157703,0.004937983808746367,0.027399006551555454,0.006567444556684226,1085.1520427818823,973.35614,111.79590264516355,-272.91275,272.91275,22807.481936490545,8176.055208194721,1.2239421902954542e-06,0.0008940263155937893,25.830707343316597,0.8695133567422583,917981757.7379649,0.47976663823873184,1.4758242207950943e-18,4.1986378808541325e-05,-46.96298,12.378944,-34.584034,True,-2726842.7825372545,1202,0.06638888888888889,830135.0719893847,3591144.9090238726,,
558198,965,1,2019-03-20 01:54:38,2019-03-20 01:58:36,0 days 00:03:58,132.50742740118392,32.40786095714072,10926.376181753181,228.95687234024487,True,240.70047247370854,-0.31615687000182485,-0.9487069271121874,326.7254403820721,96.81424587904947,1627.4538398274713,222.50508,0.000116346484,22895.687234024488,1.178656207142095,0.35847280144124777,9.87111282212258e-05,20890102178454.523,1.805496600071464e-05,57.252666,-5.449012,-0.020186987,0.17946675,223.78639,55.279922,-5.605555,0.004938365703869749,0.02743372427138985,0.006587365881421359,1085.1436776663568,973.3487,111.79498381870053,-272.89008,272.89008,22641.43958364097,8116.340276210537,1.222323432331213e-06,0.000892541082175026,25.713624835574223,0.8693434336791989,922649025.9721898,0.4783637647177567,1.4802542373787246e-18,4.2190758605707604e-05,-46.826157,12.328408,-34.49775,True,-2708006.248205677,1202,0.0661111111111111,829908.6555086519,3591061.48388668,,
558199,966,1,2019-03-20 01:54:39,2019-03-20 01:58:36,0 days 00:03:57,132.50499501956767,32.407176582803025,10926.533167699894,228.95121703176156,True,240.7308664391479,-0.31620987937279044,-0.948689260077843,325.25265410204173,96.53319408628707,1614.9340245114117,222.50485,0.000116359355,22895.121703176155,1.1787891930406849,0.35846431974590826,9.871091103305566e-05,20841062067382.285,1.8074693426567025e-05,57.25363,-5.439497,-0.020778628,0.17974128,223.7861,55.28068,-5.595348,0.004938863429094909,0.027468525912302425,0.006606730690857786,1085.1353124117047,973.3413,111.79400381795472,-272.86737,272.86737,22475.30981628783,8056.596644374152,1.2207168039999767e-06,0.000891067383073077,25.59697866684883,0.8691648911827913,927286975.6962724,0.4769614473305783,1.4848225872507415e-18,4.239875240664009e-05,-46.689377,12.278057,-34.41132,True,-2689395.2037226954,1202,0.06583333333333333,829682.2356703151,3590978.0433092657,,
558200,967,1,2019-03-20 01:54:40,2019-03-20 01:58:36,0 days 00:03:56,132.50256239449618,32.40649200726979,10926.680217870264,228.94591975524304,True,241.05356189068,-0.3159719187646056,-0.9487685421388157,323.45742089007837,96.25345544315716,1600.548776447831,222.50467,0.0001163734,22894.591975524305,1.1789320349836396,0.358456332828007,9.871086229392082e-05,20766279517634.18,1.8096005117092443e-05,57.254498,-5.4299965,-0.021369262,0.1800143,223.78587,55.281334,-5.585155,0.0049392435916817586,0.027503430571605165,0.006617965979175662,1085.1269455656852,973.33386,111.79308326099772,-272.8447,272.8447,22288.805261730748,7989.56339723759,1.219260129669944e-06,0.0008897319068823565,25.481179464229054,0.8690030199064774,931691011.4194994,0.4756834289833826,1.4914372298431907e-18,4.265614059470612e-05,-46.56476,12.232105,-34.332653,True,-2672011.8867089693,1202,0.06555555555555556,829455.7903860923,3590894.5850702277,,
558201,968,1,2019-03-20 01:54:41,2019-03-20 01:58:36,0 days 00:03:55,132.50012632434442,32.40580703013457,10926.426874693356,228.95504615030984,True,246.91300609700505,-0.29700484770265345,-0.9548759712345491,318.6493382062056,97.1847696476654,1478.285706491168,222.50713,0.00011642906,22895.504615030983,1.1791824192120615,0.35846665367948033,9.873710541979515e-05,689933240134.3278,1.6308411076328597e-05,57.25131,-5.4208074,-0.021945322,0.18031025,223.78833,55.27784,-5.5752797,0.0049391890798435156,0.027398567716918995,0.006071100428599535,1085.1185575671393,973.3266,111.79195844604556,-272.822,272.822,22478.68650083645,8057.85952906495,3.673855826932404e-06,0.003571302026509615,25.877616922923174,0.9643190072015906,30692773.801914748,0.15557818385032512,5.3893914372680536e-17,4.486361764262319e-05,-14.661303,9.810345,-4.850958,True,-381927.71571780706,1202,0.06527777777777778,829229.0190708053,3590811.0770614673,,
558202,969,1,2019-03-20 01:54:42,2019-03-20 01:58:36,0 days 00:03:54,132.49761499333522,32.405147517195395,10926.428774419164,228.9549777137875,True,247.00109388397902,-0.29699568299426815,-0.9548788217793753,318.10367643397575,97.21163755974082,1475.805357179114,222.50801,0.00011645399,22895.497771378752,1.1793058740340556,0.35846512151784643,9.874791273895688e-05,689208988819.4136,1.632416203808529e-05,57.251293,-5.411755,-0.022654332,0.18036236,223.78918,55.277767,-5.5655174,0.0049394217705568625,0.027395488299764754,0.006079774518434164,1085.1093393308445,973.3003,111.80904636209448,-272.7799,272.7799,22447.323845659255,8046.5826700846965,3.674609263633247e-06,0.0035722196349986784,25.88901718415029,0.9643733645682053,30703392.242130864,0.15570666875617928,5.400522402061107e-17,4.4951176347175425e-05,-14.672937,9.816415,-4.8565226,True,-381846.7698196764,1202,0.065,828995.068940917,3590730.167420659,,
558203,970,1,2019-03-20 01:54:43,2019-03-20 01:58:36,0 days 00:03:53,132.4951027772779,32.40448778932582,10926.394625893623,228.95620789717424,True,247.00710153249003,-0.2970619910469187,-0.9548581954799574,317.6187643257525,97.23926108862057,1473.8203803392025,222.50914,0.00011648254,22895.620789717424,1.1794359714264604,0.35846522793858304,9.876122141882418e-05,688684878982.1729,1.634132512054466e-05,57.25095,-5.4027677,-0.0233678,0.18040372,223.79028,55.277367,-5.55582,0.00493964661681332,0.027392328116881148,0.006090538187332738,1085.1001151418263,973.273,111.82710488792009,-272.73676,272.73676,22419.8740883139,8036.745275421774,3.6753298957915086e-06,0.0035730918253965784,25.900744348889756,0.9644246130922252,30717606.8995473,0.15585019925978888,5.410576255210723e-17,4.5030317890719134e-05,-14.685968,9.82323,-4.8627386,True,-381760.6094243983,1202,0.06472222222222222,828761.0330680608,3590649.236963411,,
558204,971,1,2019-03-20 01:54:44,2019-03-20 01:58:36,0 days 00:03:52,132.49259057275094,32.40382789812079,10926.359906186446,228.95745866257795,True,246.9415314406947,-0.2971874810925016,-0.9548191457453573,317.2763562998906,97.26749875005679,1472.2274859315498,222.51028,0.00011651119,22895.745866257796,1.1795648837002328,0.3584653446593237,9.877471892768614e-05,688359489659.387,1.6359028338678555e-05,57.2506,-5.3937864,-0.024081258,0.18044536,223.79138,55.276966,-5.5461273,0.004939987179207322,0.027388992777394944,0.006102925889490752,1085.0908905327433,973.24585,111.84504092336829,-272.69354,272.69354,22403.327802296277,8030.816622165944,3.676331411880256e-06,0.0035743076687483216,25.912633801646184,0.9644830695747831,30725769.65948925,0.15597904879267324,5.4193670837025465e-17,4.508557670931617e-05,-14.697564,9.829641,-4.867923,True,-381649.21803868614,1202,0.06444444444444444,828526.9956422076,3590568.294179238,,
558205,972,1,2019-03-20 01:54:45,2019-03-20 01:58:36,0 days 00:03:51,132.49007915749064,32.40316790376433,10926.61431998933,228.94829362187494,True,237.84246942382487,-0.3089544148789162,-0.9510768473298183,318.9045988660833,96.2746050436544,1537.3736497215664,222.50952,0.00011650981,22894.829362187495,1.1796138537387422,0.3584522231313711,9.876944649576563e-05,19659749602204.996,1.7956553118775596e-05,57.253178,-5.3845882,-0.024805315,0.18046895,223.79054,55.27956,-5.536213,0.0049406215988622645,0.02750343751089457,0.0064686477163198456,1085.0816701175702,973.2188,111.86285908241393,-272.6503,272.6503,22094.314195969528,7919.756042108289,1.2349032979790776e-06,0.0009041296043620625,25.49238499480934,0.8695590759418078,889810356.9918162,0.48008674947225477,1.5683967176992593e-18,4.318211040493948e-05,-46.984905,12.455854,-34.529053,True,-2613887.6236075615,1202,0.06416666666666666,828293.0296400621,3590487.3481368413,,
558206,973,1,2019-03-20 01:54:46,2019-03-20 01:58:36,0 days 00:03:50,132.48766977739723,32.402507060801106,10926.688637965028,228.9456164361213,True,237.85086829669424,-0.30901764147720395,-0.9510563060386416,317.84918698446387,96.12262540607362,1529.4386062210895,222.50993,0.00011652741,22894.56164361213,1.179718303947732,0.3584473739446782,9.877562089529478e-05,19681521314363.3,1.798025326559029e-05,57.253952,-5.3759184,-0.025492633,0.18049373,223.79091,55.28031,-5.526848,0.0049409859017211484,0.02752083909743964,0.006483908785418677,1085.0731592824025,973.1924,111.88077646990246,-272.60867,272.60867,21987.606673857386,7881.39987157266,1.2329936855589428e-06,0.0009023695778393308,25.428041973399555,0.8694217055852728,895118855.1941875,0.47928606934777057,1.5680794033498042e-18,4.333767884292426e-05,-46.90531,12.415994,-34.48932,True,-2602325.3330607307,1202,0.06388888888888888,828068.6665292447,3590406.6273318874,,
558207,974,1,2019-03-20 01:54:47,2019-03-20 01:58:36,0 days 00:03:49,132.48526038190096,32.40184605926227,10926.76229103033,228.9429632277071,True,237.85712726805968,-0.3090829397499902,-0.9510350868162035,316.7969058342603,95.9710754457051,1521.5360431905272,222.51036,0.0001165451,22894.29632277071,1.1798217060090173,0.35844251847253494,9.87819621298002e-05,19703934970200.816,1.8003963024199702e-05,57.25472,-5.367255,-0.026179975,0.18051867,223.79128,55.281055,-5.5174894,0.004941465020884266,0.027538234480027415,0.006499240991413541,1085.064647961118,973.16614,111.8985102658055,-272.56702,272.56702,21881.458733234187,7843.245176193306,1.2310744868904336e-06,0.0009006012970988262,25.363945802482796,0.8692746888520282,900485438.8557703,0.4784886202234509,1.5677067157132411e-18,4.349364715360791e-05,-46.826065,12.376184,-34.449883,True,-2590808.415648716,1202,0.0636111111111111,827844.299426063,3590325.894190236,,
558208,975,1,2019-03-20 01:54:48,2019-03-20 01:58:36,0 days 00:03:48,132.48285099441068,32.401184900657256,10926.837573815441,228.94025133753686,True,237.58002397397283,-0.30943742624130344,-0.9509198069454426,315.9489850232853,95.8137123748021,1515.4159694055897,222.51076,0.00011656265,22894.025133753687,1.1799258052570631,0.35843763690870967,9.87881205524356e-05,20851591511614.082,1.8274504734223284e-05,57.255505,-5.3585963,-0.026867423,0.18054365,223.79164,55.28182,-5.508135,0.004941713697219825,0.027556362546495395,0.006522907543440244,1085.056136296103,973.13983,111.91630475313423,-272.5253,272.5253,21785.89960630314,7808.886372813686,1.2123067463096546e-06,0.000883337564361675,25.29747789262635,0.8686078425983205,957114091.6109453,0.47834445450638285,1.4976699122270668e-18,4.3610800012671056e-05,-46.820454,12.20873,-34.611725,True,-2593166.1609243103,1202,0.06333333333333334,827619.9305269119,3590245.148951158,,
558209,976,1,2019-03-20 01:54:49,2019-03-20 01:58:36,0 days 00:03:47,132.48044472369395,32.40052375510099,10927.00874373412,228.93408542946898,True,248.62131536731678,-0.3179234687790588,-0.9481163789321915,316.1353270122969,95.56312355585881,1554.2291669217498,222.51054,0.0001165702,22893.408542946898,1.1800026200647724,0.3584283340573035,9.878808392333195e-05,9245325079680.13,1.7175293828772183e-05,57.25726,-5.3498816,-0.02755765,0.18056226,223.79135,55.283577,-5.498723,0.0049423304569225475,0.027585200894321822,0.006778384357877409,1085.0476436007925,973.11383,111.93381303438628,-272.48358,272.48358,21624.808758524156,7750.944177625599,1.553434279592278e-06,0.0012072750949230797,25.19166220821496,0.8793946130947331,427533264.35942566,0.47816263379955265,3.3859426261375725e-18,4.400066000243095e-05,-46.615887,14.993496,-31.62239,True,-2483835.524166806,1202,0.06305555555555556,827395.8518029111,3590164.420021922,,
558210,977,1,2019-03-20 01:54:50,2019-03-20 01:58:36,0 days 00:03:46,132.47793406677306,32.39981290902886,10927.033005197625,228.933211490331,True,248.62903402255108,-0.3179869668873883,-0.9480950843084036,315.318552938025,95.49264942337622,1548.6332329425122,222.51135,0.00011659518,22893.321149033098,1.180131726842859,0.35842565055171316,9.879844838260391e-05,9245357716968.848,1.7194874625064212e-05,57.257545,-5.340925,-0.028271217,0.18058532,223.79211,55.28383,-5.489034,0.004942683248095534,0.027593261631598174,0.0067920605824447955,1085.0390362870087,973.0863,111.95273257607118,-272.43994,272.43994,21554.272394456697,7725.604105151973,1.5523271958622505e-06,0.001206190091764116,25.161870604714483,0.8793015223377861,428933881.3100719,0.47883468855192307,3.3891343217963786e-18,4.412504304107765e-05,-46.680748,14.999864,-31.680885,True,-2482052.9325717054,1202,0.06277777777777778,827162.1249580769,3590077.862803407,,
558211,978,1,2019-03-20 01:54:51,2019-03-20 01:58:36,0 days 00:03:45,132.47542340806888,32.399101898913734,10927.056667498024,228.93235913666845,True,249.00896356489392,-0.3176804173674811,-0.9481978445563051,314.1518519371936,95.42256182825123,1540.713391990832,222.51216,0.00011662026,22893.235913666846,1.1802637908969456,0.3584230227808554,9.880863697468e-05,9231645948010.404,1.7214441256663588e-05,57.257828,-5.331976,-0.028984794,0.18060866,223.79288,55.284073,-5.479352,0.004943036790992608,0.027601345304272763,0.006795317832423218,1085.0304284297554,973.05896,111.97146846881787,-272.39624,272.39624,21461.756577868062,7692.387666826378,1.551454355461471e-06,0.0012053347090206809,25.132309206329495,0.8792197986030347,430144005.8979294,0.4794483276365733,3.397506244460007e-18,4.430404887387667e-05,-46.73976,15.006305,-31.733456,True,-2480753.3955342956,1202,0.0625,826928.3950335537,3589991.2931438414,,
558212,979,1,2019-03-20 01:54:52,2019-03-20 01:58:36,0 days 00:03:44,132.47290866281185,32.39839048948653,10926.690917050828,228.94553433611526,True,248.85373449695996,-0.31790138397705603,-0.9481237841471293,314.7560947239866,96.44406378220245,1550.3514510115017,222.51552,0.00011668617,22894.553433611527,1.1805069797084373,0.3584382357275275,9.884411643033406e-05,690657801308.2877,1.648963910324187e-05,57.254173,-5.32331,-0.029684605,0.18065849,223.79626,55.280285,-5.4699593,0.004942726734232394,0.027482160149919964,0.006782066850851861,1085.021794783697,973.0317,111.99011753760328,-272.3524,272.3524,21761.03850643568,7799.988249845595,3.6463756761560614e-06,0.0035376499308088457,25.56241429614677,0.9603632096410037,31738273.938719895,0.15692333565126282,5.432477281760809e-17,4.5894077065472796e-05,-14.787907,9.80853,-4.979377,True,-390374.13589877926,1202,0.06222222222222222,826694.2784232798,3589904.6724417005,,
558213,980,1,2019-03-20 01:54:53,2019-03-20 01:58:36,0 days 00:03:43,132.4703956987114,32.39767902832281,10926.617364474178,228.94818394869841,True,238.94051332692763,-0.28486298655285297,-0.9585682442539962,306.90194238683443,96.55250730041149,1345.7425766570861,222.51697,0.00011672156,22894.818394869842,1.180665110287904,0.3584400603565299,9.886085274298972e-05,689104675139.3662,1.650595607101651e-05,57.253475,-5.3144355,-0.030395104,0.18068917,223.79767,55.27953,-5.4603524,0.004943059310798219,0.027469540863112894,0.005862601848758051,1085.0131714897884,973.0045,112.00865488822592,-272.30853,272.30853,21682.6650149939,7771.935756664834,3.6459349451711063e-06,0.003537094780396411,25.608168146331632,0.9629946522713135,31781364.267853584,0.16056796172179463,5.4499400781226754e-17,4.648103781685464e-05,-15.13367,10.023797,-5.109873,True,-375047.1387783505,1202,0.06194444444444445,826460.3261285091,3589818.057228256,,
558214,981,1,2019-03-20 01:54:54,2019-03-20 01:58:36,0 days 00:03:42,132.46795627684105,32.397066900909856,10926.479615409711,228.9531462026955,True,239.0645628983065,-0.284819699948015,-0.9585811069082901,307.032474156715,96.83164269653606,1349.6201813388166,222.5187,0.00011675931,22895.31462026955,1.180816803233605,0.35844502333690226,9.888012006208017e-05,686706406497.4852,1.6523209980006477e-05,57.25207,-5.305826,-0.031085208,0.18074827,223.79941,55.278057,-5.451063,0.004943030082924338,0.027437312237668123,0.005863764382452999,1085.0038410572192,972.9799,112.02392162362548,-272.2661,272.2661,21756.036735478334,7798.343095367034,3.655576741406668e-06,0.0035488603320839203,25.72623097832703,0.9637841673839125,31563947.73767085,0.16016522545120035,5.4784890112357256e-17,4.648528383516208e-05,-15.093459,10.013901,-5.0795584,True,-373152.0335529689,1202,0.06166666666666667,826232.934313606,3589742.692273524,,
558215,982,1,2019-03-20 01:54:55,2019-03-20 01:58:36,0 days 00:03:41,132.4655155727047,32.39645454884966,10926.285968671069,228.96012225435072,True,239.06983058271408,-0.2848851942204107,-0.9585616443995655,307.2573379923616,97.11604079150811,1354.2649407119818,222.52081,0.00011680299,22896.01222543507,1.1809866415490573,0.3584525471088387,9.890289018965521e-05,684618947688.831,1.654313661997501e-05,57.250107,-5.2972574,-0.031773485,0.18081161,223.80151,55.27601,-5.441815,0.004942988674610831,0.027404828741582885,0.005867900161981165,1084.9945022080544,972.9555,112.03899683696068,-272.2236,272.2236,21836.675676940646,7827.412016789,3.665301718406099e-06,0.0035607275510572646,25.846933778387726,0.9645833693824898,31351793.552156072,0.15982962610790116,5.505687299973822e-17,4.64754437747993e-05,-15.059631,10.008021,-5.05161,True,-371353.648322879,1202,0.06138888888888889,826005.4197215091,3589667.303900619,,
558216,983,1,2019-03-20 01:54:56,2019-03-20 01:58:36,0 days 00:03:40,132.46307488091543,32.39584204249337,10926.090476759337,228.96716495226093,True,238.39686676532452,-0.28557155408681234,-0.9583573902759047,308.0681530499647,97.4038200027735,1362.8539738498373,222.52293,0.000116846946,22896.716495226094,1.1811568725230102,0.3584601531549512,9.892584880358226e-05,684437790949.9106,1.6564849139930068e-05,57.24812,-5.288694,-0.03246165,0.18087547,223.80363,55.273945,-5.4325714,0.0049429469774503335,0.02737199890409989,0.005889249611580138,1084.9851629957968,972.9311,112.05407168720308,-272.1811,272.1811,21956.749335274642,7870.619729507422,3.673963434804521e-06,0.00357130025801735,25.969195322744746,0.965324886306193,31172091.11871247,0.15964371301312508,5.517823955098184e-17,4.636646140067507e-05,-15.040199,10.009146,-5.0310535,True,-369746.01773644687,1202,0.06111111111111111,825777.903945569,3589591.9038730664,,
558217,984,1,2019-03-20 01:54:57,2019-03-20 01:58:36,0 days 00:03:39,132.46064159664104,32.39522978941637,10926.455705080816,228.95400755407735,True,237.47287865169977,-0.31019928676795494,-0.9506715534235007,311.8046894930574,96.23231886409752,1498.2952608770527,222.52138,0.00011683192,22895.400755407736,1.1811646466616976,0.3584420753909647,9.891247732672145e-05,21127163190498.742,1.8494728753279892e-05,57.251812,-5.2797494,-0.033169642,0.18090028,223.80199,55.277695,-5.4229383,0.004943721694166073,0.02750658566800811,0.006618413848519034,1084.9758693812223,972.9069,112.06894799450356,-272.1386,272.1386,21604.42418237924,7743.93464155876,1.2084726828409213e-06,0.0008797931128055138,25.47291154609245,0.868475339293417,977909108.4376247,0.4852094216164251,1.4946909241333851e-18,4.429067537248478e-05,-47.48575,12.306621,-35.179127,True,-2599865.1985519934,1202,0.060833333333333336,825551.081564061,3589516.5599568095,,
558218,985,1,2019-03-20 01:54:58,2019-03-20 01:58:36,0 days 00:03:38,132.45823719872368,32.39456731534551,10926.737663797585,228.94385037309345,True,237.56370771158112,-0.31017753956256455,-0.9506786491506548,309.8213752394843,95.7888496458636,1481.0748092373005,222.52043,0.000116828014,22894.385037309345,1.1812107820530935,0.35842768612879616,9.890530624834753e-05,21041481095899.465,1.8508592599283832e-05,57.254696,-5.2710133,-0.033864085,0.18091232,223.80095,55.28062,-5.413501,0.004944477444534243,0.027557457643371752,0.00663945545061839,1084.9673845279972,972.88196,112.08542652018468,-272.09644,272.09644,21370.34705241043,7659.72404576481,1.2060095759402401e-06,0.0008775426569128643,25.285355502343887,0.8681999761334644,984611108.2939165,0.48258542618628014,1.5010599355224473e-18,4.459002458593367e-05,-47.22681,12.218398,-35.00841,True,-2571789.371334425,1202,0.06055555555555556,825327.1555111173,3589435.7381410426,,
558219,986,1,2019-03-20 01:54:59,2019-03-20 01:58:36,0 days 00:03:37,132.45583188044344,32.39390463422586,10926.982077028286,228.93504601263874,True,237.57887246729103,-0.3102338310823452,-0.9506602810951822,307.9088305447869,95.34855255081195,1464.530582948897,222.51971,0.00011682804,22893.504601263874,1.181271247500314,0.3584150639857709,9.890026824394598e-05,20960584231041.508,1.852416508723246e-05,57.257206,-5.262308,-0.03455742,0.18092698,223.80016,55.28316,-5.4040947,0.004945110064113294,0.027608472336475245,0.006662768288783786,1084.9588935517936,972.857,112.10189892288736,-272.05417,272.05417,21142.542265880915,7577.805639047573,1.2035762023693818e-06,0.0008753193756072858,25.099818761590136,0.8679366662639196,991393748.5591294,0.4800407465045681,1.5072884744309643e-18,4.488288953051294e-05,-46.975677,12.1325035,-34.843174,True,-2543997.235477561,1202,0.06027777777777778,825103.1404543642,3589354.8958325484,,
558220,987,1,2019-03-20 01:55:00,2019-03-20 01:58:36,0 days 00:03:36,132.45342647272906,32.393241790529814,10927.224221212726,228.92632365912297,True,237.63275275600708,-0.3102498305089747,-0.9506550597714991,305.9793980350378,94.91152201350182,1447.9341889277653,222.51901,0.00011682831,22892.632365912297,1.1813329575296603,0.35840254823109896,9.88953298157181e-05,20874861320872.78,1.853997596684439e-05,57.25969,-5.253611,-0.035250787,0.18094179,223.7994,55.285675,-5.394696,0.004945626586009269,0.02765945692643419,0.006684983243569352,1084.950401632525,972.8323,112.11812624189997,-272.01187,272.01187,20915.80489927229,7496.277774203693,1.2012251910552041e-06,0.000873172507168048,24.91618372083595,0.8676879606258928,998042457.4336637,0.4775694677599752,1.5139592755616874e-18,4.5182642182212445e-05,-46.73176,12.049282,-34.682476,True,-2516964.2328372505,1202,0.06,824879.1144407827,3589274.040499259,,
558221,988,1,2019-03-20 01:55:01,2019-03-20 01:58:36,0 days 00:03:35,132.4510205501773,32.39257876225902,10927.446680409994,228.91831062202783,True,248.53549195618368,-0.3188530920742909,-0.9478041494289122,305.96413594549426,94.50273430284986,1482.3602514879358,222.51845,0.00011683064,22891.831062202782,1.181397760046877,0.3583909017981721,9.889187597484039e-05,21445397376986.07,1.855608911520075e-05,57.26198,-5.2449336,-0.035943612,0.18095799,223.79875,55.28799,-5.3853173,0.004946253787048533,0.027707456646586956,0.0069494404124823194,1084.941906106762,972.8076,112.13428891926196,-271.96948,271.96948,20711.475074565195,7422.8042295437845,1.1869182412122883e-06,0.0008600954428242034,24.74488336745154,0.8669052844717384,1035435539.9496472,0.4694210804551417,1.470337671710314e-18,4.535154420292964e-05,-45.93438,11.728852,-34.20553,True,-2596268.674176825,1202,0.059722222222222225,824655.0375071603,3589193.1684076423,,
558222,989,1,2019-03-20 01:55:02,2019-03-20 01:58:36,0 days 00:03:34,132.44851180743615,32.3918660839009,10927.548680670065,228.91463662255373,True,248.58180490320257,-0.31887649216927255,-0.9477962770246673,304.7933958001781,94.32658138857958,1473.2245955207084,222.51874,0.00011684779,22891.463662255373,1.181508412098685,0.3583846895803515,9.889712929597575e-05,21414188270754.6,1.8577544414280443e-05,57.26306,-5.2359996,-0.036660142,0.18097764,223.79898,55.28907,-5.375646,0.004946739928697639,0.027728022710142148,0.006965238416033398,1084.9333048137812,972.7816,112.1516886028437,-271.92517,271.92517,20595.774748670374,7381.210339969074,1.1857290025801728e-06,0.0008590117971818877,24.67101917682007,0.8667785424963593,1039736962.1716738,0.46883276795695555,1.4737768824620968e-18,4.5539733644942586e-05,-45.875404,11.701027,-34.174377,True,-2584462.066708943,1202,0.059444444444444446,824421.4573640733,3589106.4812128535,,
558223,990,1,2019-03-20 01:55:03,2019-03-20 01:58:36,0 days 00:03:33,132.44600263778472,32.391153220406395,10927.632254749456,228.91162636068228,True,248.92559723165584,-0.31859867203882264,-0.9478897014817171,303.3476276313762,94.15101930836116,1462.364019798034,222.51915,0.00011686691,22891.162636068228,1.1816262365587133,0.3583792973443841,9.890345000511486e-05,21342512106552.777,1.860070710299594e-05,57.26396,-5.2270837,-0.037376113,0.1809988,223.79933,55.289963,-5.3659925,0.004947221172626257,0.02774863062741052,0.006972537309016813,1084.9247003053454,972.7557,112.16902403581412,-271.8808,271.8808,20463.15612626123,7333.571513977929,1.1849876788837083e-06,0.0008583364642841944,24.59753619351427,0.8666679187415841,1042972646.7836031,0.4684307551442587,1.4803093224825147e-18,4.5776042631129716e-05,-45.83458,11.681418,-34.15316,True,-2574166.773983494,1202,0.059166666666666666,824187.8341885797,3589019.7779356968,,
558224,991,1,2019-03-20 01:55:04,2019-03-20 01:58:36,0 days 00:03:32,132.44348977161843,32.39043999332437,10927.345001124699,228.92197310766966,True,248.8860777224129,-0.3187046900495451,-0.9478540607817341,303.4386439205993,95.01800039327459,1466.7872912686264,222.52197,0.00011692538,22892.197310766966,1.1818570253668017,0.35839095906272056,9.893360914050942e-05,844455013729.5934,1.6740321559535976e-05,57.261112,-5.2184234,-0.03807825,0.18104742,223.80219,55.28701,-5.3566003,0.004946928698738304,0.02764508847729968,0.006959481737463212,1084.9160722178615,972.72986,112.18621381942398,-271.8363,271.8363,20684.44361497965,7413.117584851323,3.3695875155119772e-06,0.0032027212680130223,24.959148073332315,0.9469014909259965,40825609.30563489,0.19340692341172971,4.4184367342055034e-17,4.748528208607306e-05,-18.305813,11.32473,-6.981083,True,-527290.0265092726,1202,0.058888888888888886,823953.8608623449,3588933.028862215,,
558225,992,1,2019-03-20 01:55:05,2019-03-20 01:58:36,0 days 00:03:31,132.4409774171653,32.38972664175312,10927.264792165834,228.92486226609816,True,242.15347374935902,-0.29338374518280674,-0.9559947583865248,297.4687491562653,95.17318671025215,1320.0294783830802,222.52345,0.00011696197,22892.486226609817,1.1820254089001563,0.3583930932143243,9.895047172232623e-05,693972684053.2651,1.6690729862231407e-05,57.260357,-5.209623,-0.03878856,0.18108135,223.80363,55.28621,-5.3470635,0.004947143420127134,0.027626492602754155,0.006251306957273716,1084.9074466377795,972.7042,112.20322300496696,-271.79175,271.79175,20630.675699437128,7393.891679022865,3.5907295598653585e-06,0.0034697689381063125,25.023898721907468,0.9580462842605267,33637903.77802308,0.1661657153902674,5.449947969710302e-17,4.819737788001007e-05,-15.669276,10.21591,-5.4533663,True,-393278.4668028751,1202,0.058611111111111114,823719.9326264514,3588846.273300257,,
558226,993,1,2019-03-20 01:55:06,2019-03-20 01:58:36,0 days 00:03:30,132.4385120485647,32.3890877278474,10927.072170957406,228.9318006788182,True,242.15938222473514,-0.2934477664523956,-0.9559751086529923,297.6345526602413,95.4506132648955,1324.1213959742288,222.52559,0.00011700721,22893.18006788182,1.1822032140349545,0.3584005145578606,9.89738524120387e-05,691947881497.503,1.671118654500626e-05,57.258427,-5.2010307,-0.039483257,0.18114235,223.80576,55.284203,-5.3377748,0.004947218171912482,0.02759389976473122,0.006255242558497604,1084.8982354336918,972.6804,112.21781551181675,-271.74817,271.74817,20703.593206100624,7420.178458263091,3.599952492348073e-06,0.003480970288260404,25.14030420621076,0.9587879341974799,33421632.400196612,0.1656365209226298,5.4763095564352496e-17,4.819461082253886e-05,-15.617039,10.198591,-5.4184475,True,-390976.6568104125,1202,0.058333333333333334,823490.1577260089,3588767.9235924305,,
558227,994,1,2019-03-20 01:55:07,2019-03-20 01:58:36,0 days 00:03:29,132.43604668794615,32.38844865893807,10926.877348708244,228.93881854848635,True,242.2013629615002,-0.29347709010962797,-0.9559661069205254,297.77788383401844,95.73223466666002,1328.057387472107,222.52773,0.00011705274,22893.881854848634,1.1823863659454878,0.3584080601502501,9.899703070077475e-05,689804896633.7797,1.6732072876363935e-05,57.25647,-5.1924443,-0.040177826,0.1812039,223.80789,55.282177,-5.3284907,0.004947176706764367,0.02756085285104778,0.0062580778602470645,1084.8890237809512,972.6567,112.23234653485747,-271.70456,271.70456,20776.218024948394,7446.363999580414,3.6094131577923704e-06,0.003492468130018827,25.258586647827595,0.9595591127949388,33201658.540811017,0.16511430785303255,5.5040074320017944e-17,4.81972003001625e-05,-15.565444,10.182,-5.383444,True,-388693.28968957753,1202,0.058055555555555555,823260.3810621981,3588689.5622514384,,
558228,995,1,2019-03-20 01:55:08,2019-03-20 01:58:36,0 days 00:03:28,132.43358094077166,32.38780941541113,10926.662760858238,228.94654861446986,True,241.67850015153294,-0.29404472134046505,-0.955791662367803,298.3951966558576,96.01770252593946,1335.1772711365056,222.53,0.00011710047,22894.654861446987,1.1825739272100386,0.35841650136323683,9.902169070131514e-05,689245828405.0454,1.6755038511724813e-05,57.254314,-5.1838737,-0.040871657,0.18126738,223.81017,55.279945,-5.319223,0.0049471310471588485,0.027527603361496452,0.006275937741574879,1084.8798091975116,972.63306,112.24675255688658,-271.66086,271.66086,20880.364963629185,7483.867357451482,3.618093675392997e-06,0.0035030195187585903,25.378796436374696,0.9602898091107275,33009280.709682032,0.1647255701368596,5.519553476234003e-17,4.8114244087522716e-05,-15.526682,10.171706,-5.3549757,True,-386584.530439545,1202,0.057777777777777775,823030.5655665717,3588611.1859076736,,
558229,996,1,2019-03-20 01:55:09,2019-03-20 01:58:36,0 days 00:03:27,132.4311209836253,32.38717031841456,10926.935886695459,228.93670988002938,True,237.96296536823337,-0.31055076396074854,-0.9505567963059313,300.32075943295445,95.00310257781115,1416.329953233202,222.52905,0.0001170963,22893.670988002938,1.182619555826868,0.35840263299944874,9.90143448507811e-05,21043003394993.39,1.8767720438566312e-05,57.2571,-5.1749916,-0.041583817,0.181294,223.80916,55.282776,-5.3096356,0.004947654313934322,0.027646545394393665,0.00677770752903911,1084.8706303703157,972.6097,112.26095019453442,-271.61722,271.61722,20565.701748820087,7370.801656258487,1.1961533476296033e-06,0.0008685074116138232,24.952636980660433,0.8674233456311233,1023208624.3398278,0.48280699514607206,1.5186006293579392e-18,4.6163532666064114e-05,-47.23818,12.095559,-35.14262,True,-2506616.0769148017,1202,0.0575,822801.2914865726,3588532.8488614885,,
558230,997,1,2019-03-20 01:55:10,2019-03-20 01:58:36,0 days 00:03:26,132.42871212794796,32.38650572455042,10927.026681916237,228.9334392654103,True,237.97140826213445,-0.3106122917873192,-0.9505366927113488,299.12099260064383,94.80824774251471,1407.0430630919575,222.52934,0.00011711284,22893.34392654103,1.1827282629002795,0.3583970306476544,9.901922736875559e-05,21018994446711.086,1.8789007601087917e-05,57.25806,-5.166449,-0.042272545,0.18132149,223.8094,55.28374,-5.3003907,0.004948021346444875,0.0276691435676788,0.00679447854453729,1084.8621123032406,972.586,112.27611376808431,-271.57428,271.57428,20443.529026197488,7326.900098948313,1.1946794974222201e-06,0.0008671609506216398,24.870697012211625,0.8672904298730229,1028149025.5315589,0.48198470171045293,1.5215510442212402e-18,4.636396769678169e-05,-47.156548,12.059457,-35.09709,True,-2493456.3773704073,1202,0.05722222222222222,822576.9152576082,3588451.8432135605,,
558231,998,1,2019-03-20 01:55:11,2019-03-20 01:58:36,0 days 00:03:25,132.4263032554769,32.38584097543404,10927.11693858495,228.93018808794824,True,238.01493125414262,-0.3106369000878704,-0.9505286509641877,297.896177160733,94.61358122341929,1397.570943498705,222.52965,0.00011712945,22893.018808794823,1.1828331899897004,0.35839145873990963,9.902448695392898e-05,20991577848888.426,1.8810124320019954e-05,57.25902,-5.1579127,-0.042961307,0.18134914,223.80965,55.284706,-5.2911515,0.0049485049939241325,0.02769178727476048,0.006810242928131589,1084.853593695782,972.5625,112.29109369578191,-271.5313,271.5313,20320.278332276237,7282.614193505458,1.1932331586104821e-06,0.0008658401582835896,24.788939603132853,0.8671491718407541,1033035941.025764,0.4811788235090306,1.524749708654839e-18,4.657017652095032e-05,-47.07654,12.024028,-35.052513,True,-2480561.1395462896,1202,0.05694444444444444,822352.5348636236,3588370.8255885914,,
558232,999,1,2019-03-20 01:55:12,2019-03-20 01:58:36,0 days 00:03:24,132.4238939804976,32.38517605204738,10927.189014482032,228.92759183536964,True,238.00171210578145,-0.3107210468681446,-0.9505011473076529,296.71411927547723,94.4190538562208,1388.462566677204,222.53006,0.00011714803,22892.759183536964,1.1829475903228959,0.35838673680437033,9.903061939927478e-05,20969007938314.13,1.8832210580273446e-05,57.259796,-5.149393,-0.043649476,0.18137835,223.81001,55.28548,-5.281929,0.0049488688323967266,0.02771454259681699,0.006827737246649032,1084.8450721180675,972.5391,112.30594858291124,-271.48828,271.48828,20199.9360937558,7239.389180297961,1.1917608989669137e-06,0.0008644953418221487,24.707397578750264,0.8670167969306454,1038072984.0425615,0.4803896892881182,1.527674348701961e-18,4.67710564017883e-05,-46.998215,11.988799,-35.009415,True,-2467528.027498234,1202,0.056666666666666664,822128.1140634776,3588289.7927133036,,
558233,1000,1,2019-03-20 01:55:13,2019-03-20 01:58:36,0 days 00:03:23,132.42148492680536,32.384510985501045,10927.27126458152,228.92462912602943,True,244.1149138669252,-0.32563668020573006,-0.9454949775142072,298.67543040901285,94.2047358053268,1460.5767316581798,222.5304,0.000117165546,22892.462912602943,1.1830606027132933,0.35838155077754014,9.903596277977615e-05,20952568141139.035,1.8852559747144186e-05,57.260677,-5.140873,-0.044338055,0.1814069,223.81032,55.28636,-5.272706,0.0049491186063832515,0.027739768316962864,0.00726556883054295,1084.836551494401,972.5158,112.32074338893221,-271.4452,271.4452,20102.822703232338,7204.480775390347,1.1905818802792594e-06,0.0008634193462442498,24.617746848513608,0.8666278497756164,1042269956.3365331,0.47513334553164643,1.5301116789829415e-18,4.672631511932327e-05,-46.47932,11.849666,-34.629654,True,-2519987.886172876,1202,0.05638888888888889,821903.7114630523,3588208.749921715,,
558234,1001,1,2019-03-20 01:55:14,2019-03-20 01:58:36,0 days 00:03:22,132.41902702904707,32.383796091805515,10927.407478065168,228.9197226840144,True,244.19389512689094,-0.3256207863064203,-0.9455004513617054,297.35492693889114,93.99151701806406,1449.8057337589926,222.53044,0.00011717952,22891.97226840144,1.18316965651555,0.35837380399542296,9.90386478268935e-05,20917799503602.008,1.887382272171601e-05,57.26213,-5.132177,-0.04504148,0.18142092,223.8103,55.28783,-5.2632775,0.004949612209832708,0.027764710004010377,0.00728153351350739,1084.82829845194,972.4915,112.33678233865885,-271.40103,271.40103,19971.5765185653,7157.289848743912,1.1890811977157846e-06,0.0008620514922731873,24.52847004171284,0.866481291279745,1047378482.3224702,0.47426011842215793,1.5338530098335202e-18,4.69489927504112e-05,-46.392574,11.812401,-34.580173,True,-2506055.057531571,1202,0.05611111111111111,821674.8848251151,3588122.0377812753,,
558235,1002,1,2019-03-20 01:55:15,2019-03-20 01:58:36,0 days 00:03:21,132.41656834110927,32.38308100165716,10927.507792964972,228.91610937195725,True,244.20351603748108,-0.32568018664199566,-0.9454799924000692,296.08657240154173,93.77847546404216,1439.491799728229,222.53073,0.000117197356,22891.610937195725,1.1832872419772236,0.35836766522527363,9.90438772139473e-05,20888560069875.86,1.8896285589442953e-05,57.26322,-5.123509,-0.04574369,0.18143792,223.81053,55.28893,-5.2538767,0.004950097106832629,0.0277898289949664,0.007299710202415599,1084.8200399064795,972.4673,112.35275475022945,-271.3568,271.3568,19843.771324461613,7111.365998811544,1.1875566671366356e-06,0.0008606611331654914,24.4394940486315,0.86633407361869,1052650714.843016,0.47340932739755115,1.537292546053271e-18,4.716499307018713e-05,-46.308064,11.77547,-34.532593,True,-2492048.733923634,1202,0.05583333333333333,821445.981043448,3588035.3069922477,,
558236,1003,1,2019-03-20 01:55:16,2019-03-20 01:58:36,0 days 00:03:20,132.41410962896828,32.3823657528861,10927.607244637447,228.91252719867234,True,244.44286540091855,-0.32549319092401735,-0.9455443842898656,294.5968254598056,93.56614384637072,1427.8775990362499,222.53102,0.000117215306,22891.252719867232,1.1834082648112976,0.35836159713384697,9.904891623293458e-05,20839371506883.062,1.8919717094964016e-05,57.264305,-5.1148477,-0.04644593,0.18145514,223.81078,55.29002,-5.244483,0.004950466970599905,0.027814950799090396,0.007310907667353346,1084.8117806825658,972.44324,112.36854337787827,-271.31253,271.31253,19702.45488941901,7060.603201629768,1.186145486165631e-06,0.0008593746850905108,24.350941563866257,0.8662016058247962,1057704312.678042,0.47263991496421853,1.5423324470886944e-18,4.742394348628945e-05,-46.231533,11.741479,-34.490055,True,-2478894.9994007493,1202,0.05555555555555555,821217.0720844825,3587948.5640601628,,
558237,1004,1,2019-03-20 01:55:17,2019-03-20 01:58:36,0 days 00:03:19,132.4116483597956,32.381650214390696,10927.372698948157,228.92097542796984,True,243.3699242080256,-0.2811796224686152,-0.9596551567664329,285.58276869976777,94.37501957098445,1190.9008729104446,222.5335,0.00011726915,22892.097542796982,1.1836313742898779,0.35837083424256605,9.907573483117369e-05,696531602768.3583,1.6894782887724624e-05,57.26201,-5.1064043,-0.047134835,0.18149929,223.81325,55.28765,-5.2353115,0.004950416637063882,0.027717085042821617,0.0060439535450521435,1084.8035048900208,972.41925,112.38425440173955,-271.26813,271.26813,19801.321201364255,7096.215998037918,3.5518958562939933e-06,0.0034225032850123687,24.686621803654386,0.9561211394143592,35176016.57410462,0.17365739223056373,5.480371659044093e-17,5.015685569050039e-05,-16.383194,10.539515,-5.8436794,True,-406644.94504746096,1202,0.05527777777777778,820987.9199869458,3587861.786829143,,
558238,1005,1,2019-03-20 01:55:18,2019-03-20 01:58:36,0 days 00:03:18,132.40916134043516,32.3810348003716,10927.319341538325,228.9228973729097,True,243.44384687865457,-0.2811820012426191,-0.9596544597808087,285.1819483433342,94.47448502725523,1189.7777704767386,222.53467,0.00011729886,22892.28973729097,1.183768516042395,0.35837195831730845,9.90893587709652e-05,695461435158.5911,1.6910797457561587e-05,57.261475,-5.0976787,-0.047842722,0.18156277,223.8144,55.28709,-5.2258887,0.004950521833176253,0.02770483164406968,0.006050878744938674,1084.793829302429,972.3972,112.396612505554,-271.22363,271.22363,19796.043187314903,7094.346763972054,3.5545271383557665e-06,0.003425685891962853,24.72774889890898,0.956359001786302,35131335.518819004,0.1736344338960823,5.4950629875722966e-17,5.025229619859623e-05,-16.380232,10.539841,-5.840391,True,-405970.4730574981,1202,0.055,820755.9860891493,3587786.044951993,,
558239,1006,1,2019-03-20 01:55:19,2019-03-20 01:58:36,0 days 00:03:17,132.40667358451765,32.38041919423507,10927.229892010928,228.92611939270267,True,243.44880117833927,-0.2812474736490418,-0.9596352737191518,284.82564916373315,94.57498075003208,1188.9839555017193,222.53609,0.000117332514,22892.611939270268,1.1839169799650329,0.35837472312930035,9.9105356606448e-05,694566154167.9353,1.6928493793439038e-05,57.26058,-5.088979,-0.04854929,0.18162946,223.81581,55.28616,-5.216491,0.0049506191565626525,0.027692585601216034,0.006059585926881491,1084.7841485568072,972.3753,112.40884338102592,-271.17908,271.17908,19793.6972354317,7093.5607664530335,3.557162321668441e-06,0.003428868757433679,24.769430990461718,0.9565969763725127,35090268.680306345,0.17362820138981094,5.5089796256813094e-17,5.033984976411516e-05,-16.378868,10.541095,-5.8377733,True,-405289.6140822553,1202,0.05472222222222222,820523.9805672262,3587710.285177822,,
558240,1007,1,2019-03-20 01:55:20,2019-03-20 01:58:36,0 days 00:03:16,132.40418584466727,32.379803432232926,10927.139608767697,228.92937148062109,True,243.38736621460347,-0.28137009976102234,-0.9595993262609516,284.5685419991836,94.67670707094672,1188.4919747127942,222.53749,0.0001173663,22892.93714806211,1.184067500183157,0.3583775568912101,9.91212889002624e-05,693859991263.924,1.6946761195093648e-05,57.25967,-5.0802836,-0.049255814,0.18169652,223.8172,55.28522,-5.207099,0.004950716172575084,0.027680161692733074,0.006069841999309461,1084.7744674076025,972.35345,112.42101281775876,-271.13443,271.13443,19798.75200166443,7095.428371851454,3.5599605024461194e-06,0.003432250536532589,24.811608025629813,0.9568454534476142,35045642.83676026,0.17360910469183993,5.521681912234087e-17,5.040642465850055e-05,-16.376253,10.541912,-5.834341,True,-404583.2032602426,1202,0.05444444444444444,820291.974138737,3587634.5137899057,,
558241,1008,1,2019-03-20 01:55:21,2019-03-20 01:58:36,0 days 00:03:15,132.40169884299905,32.379187557298344,10927.285605936575,228.92411254300546,True,238.91905144053047,-0.32182278480648185,-0.9467999235210156,291.4971078672795,93.94247559631886,1395.468049144547,222.53737,0.00011737468,22892.411254300547,1.184143149210116,0.35836952151562457,9.912203498752044e-05,14943008940784.656,1.824418448199466e-05,57.261158,-5.071443,-0.049972266,0.1817445,223.81702,55.28673,-5.1975565,0.004951211516675187,0.02776787837221391,0.007242304559441593,1084.7647903198304,972.3317,112.4330642456116,-271.08978,271.08978,19638.913242993254,7037.987941978356,1.307853174159881e-06,0.0009719059956129526,24.505676702114275,0.870147203958189,760887771.9400284,0.5015991914928054,2.1274759085884132e-18,4.8010381429602295e-05,-49.01087,13.472177,-35.538696,True,-2469517.535567623,1202,0.05416666666666667,820060.0346276339,3587558.737714545,,
558242,1009,1,2019-03-20 01:55:22,2019-03-20 01:58:36,0 days 00:03:14,132.39929008134845,32.378496074570435,10927.379449978162,228.92073225540366,True,239.02670714106003,-0.3217728162093904,-0.9468169066660553,290.4106741948111,93.82290200588636,1387.2904271901127,222.53766,0.000117392374,22892.073225540367,1.1842605051873942,0.3583637477302263,9.912715427133118e-05,14890506548046.52,1.825768984236376e-05,57.26218,-5.062987,-0.05066066,0.18176588,223.81726,55.28777,-5.188385,0.004951579248675841,0.027781566377221734,0.007254121628364025,1084.7565721396263,972.3091,112.44749010837631,-271.04608,271.04608,19544.197537451397,7003.931875900942,1.3075955697649185e-06,0.0009716667803684255,24.4553820622228,0.870074361897018,761888868.5254391,0.5013185844235966,2.1364181179578547e-18,4.820756550808561e-05,-48.98204,13.458519,-35.52352,True,-2460348.8592503928,1202,0.05388888888888889,819835.7241654075,3587474.814149638,,
558243,1010,1,2019-03-20 01:55:23,2019-03-20 01:58:36,0 days 00:03:13,132.39688020939207,32.377804387619676,10927.420192786398,228.91926470108282,True,239.0217398229538,-0.3218472433309897,-0.9467916095742731,289.40679026385516,93.70256637609135,1379.7731736536648,222.53828,0.00011741582,22891.926470108283,1.1843995614684315,0.358360442310748,9.913530935879014e-05,14898520181850.594,1.8281329594349856e-05,57.26267,-5.054567,-0.051347136,0.18179189,223.81786,55.288258,-5.1792493,0.004951820316994997,0.027795588815843295,0.007269579252250264,1084.7483464372408,972.2865,112.4618474138033,-271.00232,271.00232,19454.314242924804,6971.656656946817,1.3059129550633235e-06,0.0009700916987586508,24.40500213329816,0.8699655087262451,765820886.6071404,0.5007862361195015,2.1372985037751175e-18,4.839063394972338e-05,-48.929268,13.426109,-35.50316,True,-2450340.778036883,1202,0.05361111111111111,819611.3066269655,3587390.8699078923,,
558244,1011,1,2019-03-20 01:55:24,2019-03-20 01:58:36,0 days 00:03:12,132.39447047038237,32.37711255507349,10927.476084401847,228.91725149972598,True,238.86734290551198,-0.3220881317491889,-0.9467096890738559,288.4607492292035,93.53811998585662,1372.6302224962217,222.53883,0.00011743766,22891.725149972597,1.1845263442744052,0.35835641421301556,9.914313845614287e-05,21016247148245.01,1.9118952081909746e-05,57.26331,-5.0461435,-0.052034266,0.1818168,223.81836,55.288906,-5.17011,0.004952180769494987,0.027814924539318435,0.00729115326367674,1084.7401210866287,972.26404,112.47608300069123,-270.95853,270.95853,19357.302988158222,6936.8136876712715,1.179968284244253e-06,0.0008537245149113273,24.33633414197681,0.865976490170292,1085701203.3702033,0.47774867725987596,1.5433109332890552e-18,4.8477493911055775e-05,-46.729427,11.778542,-34.950886,True,-2403570.579771102,1202,0.05333333333333334,819386.8988388944,3587306.9152174694,,
558245,1012,1,2019-03-20 01:55:25,2019-03-20 01:58:36,0 days 00:03:11,132.39206251506607,32.37642065207309,10927.609633030692,228.91244117112987,True,243.31019900753765,-0.3161298094596555,-0.9487159446172504,285.83122297796825,93.26172078175844,1329.8982456421338,222.53885,0.00011745112,22891.244117112987,1.1846351034716345,0.3583488620151383,9.914539889349536e-05,20972720992697.895,1.914110357932578e-05,57.264736,-5.0376835,-0.052724298,0.18183522,223.81833,55.29036,-5.160933,0.0049525578313000555,0.027847783860803853,0.007140382269512739,1084.7319065811632,972.24176,112.49014632725698,-270.91467,270.91467,19196.669175966163,6879.104553688558,1.1779550538049597e-06,0.000851892690324365,24.221302206290563,0.865909273491237,1092518748.9793966,0.4782374063217282,1.5475914098904661e-18,4.884411423736959e-05,-46.77744,11.769195,-35.008244,True,-2429940.2235950227,1202,0.05305555555555556,819162.6559341028,3587222.963345188,,
558246,1013,1,2019-03-20 01:55:26,2019-03-20 01:58:36,0 days 00:03:10,132.38960459355087,32.37572891654624,10927.74673765003,228.90750284338083,True,243.32048733696834,-0.3161885432809592,-0.9486963713949078,284.3843127092247,92.97916262473197,1318.2380170807457,222.53886,0.00011746411,22890.750284338083,1.1847405398453283,0.3583411094431079,9.914753780317923e-05,20928112203600.05,1.9162487647012686e-05,57.266193,-5.029043,-0.05342929,0.18185851,223.81828,55.291843,-5.151566,0.004953051420127679,0.027881543340628017,0.007160565235484981,1084.7233423419493,972.21936,112.50398199038682,-270.86993,270.86993,19044.14026134416,6824.298349640225,1.1760901998172963e-06,0.0008501969991267458,24.103941851736696,0.8657304790554823,1098926594.5536003,0.476973377542976,1.5519556922598612e-18,4.910921761546673e-05,-46.65264,11.719814,-34.932827,True,-2412541.2552057747,1202,0.05277777777777778,818933.7054023795,3587138.8861638247,,
558247,1014,1,2019-03-20 01:55:27,2019-03-20 01:58:36,0 days 00:03:09,132.38714663762846,32.37503702324986,10927.882885559997,228.90259906040723,True,243.33070066976103,-0.3162472715775783,-0.9486767959741281,282.94113081276123,92.69744839684425,1306.646551286782,222.53888,0.00011747721,22890.259906040723,1.1848447096760237,0.3583334109498179,9.914988057216293e-05,20883108442727.613,1.9183777009021654e-05,57.267643,-5.02041,-0.054134313,0.18188198,223.81824,55.29332,-5.142206,0.004953544801782641,0.02791535984748128,0.0071807888439745365,1084.714777363288,972.1971,112.51769484375677,-270.82513,270.82513,18892.62213598529,6769.8577317736435,1.1742309512945837e-06,0.0008485070761387523,23.98715769636903,0.8655525104939239,1105357863.6366727,0.4757262899590324,1.5563602741987788e-18,4.937646960167569e-05,-46.529526,11.670965,-34.85856,True,-2395306.1646965942,1202,0.0525,818704.7488484693,3587054.79689265,,
558248,1015,1,2019-03-20 01:55:28,2019-03-20 01:58:36,0 days 00:03:08,132.384688648071,32.37434497239851,10928.018092544773,228.8977292519144,True,243.57029832185933,-0.3160633492397208,-0.9487380878131595,281.2954530865965,92.41658134173244,1293.8985795374306,222.5389,0.000117490425,22889.77292519144,1.1849502744668092,0.35832576564249613,9.91521983087697e-05,20817905818681.11,1.920597757301874e-05,57.26908,-5.011784,-0.054839373,0.1819056,223.81819,55.294792,-5.132853,0.004954037979716474,0.027949124860697915,0.007194119577866275,1084.7062116476088,972.1749,112.53128488979632,-270.78027,270.78027,18729.13364124607,6711.131151820129,1.1724987445134965e-06,0.0008469334387830111,23.87085705564625,0.8653801788908893,1111525296.2280679,0.47456383713636235,1.5624143674786561e-18,4.968849897896992e-05,-46.414696,11.62526,-34.789436,True,-2379009.6347782733,1202,0.052222222222222225,818475.7863429631,3586970.6955578458,,
558249,1016,1,2019-03-20 01:55:29,2019-03-20 01:58:36,0 days 00:03:07,132.38222809848497,32.37365264305349,10927.828737849666,228.90454934545352,True,246.69313361679943,-0.2894926692273252,-0.9571802309197774,275.8454728264381,93.10349807206494,1160.5919577988961,222.54103,0.0001175389,22890.454934545352,1.185158605042409,0.3583330018979322,9.917566858098619e-05,700981509235.3241,1.7086997219587226e-05,57.26724,-5.0033555,-0.055530928,0.18195742,223.82034,55.292896,-5.1237016,0.004953881941844429,0.027864236818451866,0.006428822641425026,1084.6976291985532,972.1529,112.54473613214691,-270.7353,270.7353,18806.440177802546,6738.968163925868,3.497020799886761e-06,0.003356011525497444,24.153448715133138,0.951600825111724,37273481.988510534,0.18082247519524988,5.484703279686548e-17,5.2215576327388395e-05,-17.070345,10.799511,-6.270834,True,-427203.4823133777,1202,0.051944444444444446,818246.5804725697,3586886.5612172573,,
558250,1017,1,2019-03-20 01:55:30,2019-03-20 01:58:36,0 days 00:03:06,132.3797138443398,32.373010383150756,10927.653478487899,228.9108619061465,True,246.69826741027455,-0.28955660325713845,-0.9571608921754943,275.81754257216755,93.34366060559738,1162.6769597268085,222.54303,0.00011758346,22891.08619061465,1.1853477379869537,0.35833966263779216,9.919744097176562e-05,699278318047.2493,1.7107877993656264e-05,57.265495,-4.994686,-0.056240767,0.18202916,223.82234,55.291107,-5.114318,0.004953844573554989,0.027834765021199644,0.006433632530408099,1084.6880633235123,972.13165,112.55641049148107,-270.68958,270.68958,18854.968937037993,6756.483207944245,3.5043134551758193e-06,0.003364803811060858,24.252539249672008,0.9522117855951653,37087216.65797143,0.18044288327483085,5.507819230049263e-17,5.2255959375751564e-05,-17.03257,10.789003,-6.2435665,True,-425325.8074932457,1202,0.051666666666666666,818012.1398097107,3586807.826831055,,
558251,1018,1,2019-03-20 01:55:31,2019-03-20 01:58:36,0 days 00:03:05,132.377199606555,32.37236796804717,10927.476415725765,228.91723956556802,True,246.75121238512597,-0.2895747404137587,-0.9571554052056042,275.7595742453553,93.58716057323029,1164.54722581807,222.54503,0.00011762829,22891.7239565568,1.1855369171121175,0.3583464251632808,9.921942349241368e-05,697426091836.314,1.712864690038286e-05,57.263737,-4.986022,-0.056950495,0.18210146,223.82434,55.2893,-5.1049395,0.0049538068038245345,0.02780505940425913,0.006437070502702352,1084.6784969704051,972.1106,112.56790126728015,-270.6438,270.6438,18902.41483287523,6773.612782314213,3.5117945108341464e-06,0.003373828608656836,24.353218723032473,0.952838355529043,36896137.23974277,0.18003326837095437,5.532275223917316e-17,5.2304412777877694e-05,-16.991919,10.777076,-6.214843,True,-423383.6542132774,1202,0.05138888888888889,817777.6980891544,3586729.081029055,,
558252,1019,1,2019-03-20 01:55:32,2019-03-20 01:58:36,0 days 00:03:04,132.3746848616978,32.37172537487831,10927.27102223062,228.92463785564243,True,246.8558117511191,-0.28954039336436993,-0.9571657957796057,275.7093150508335,93.83411678620232,1166.1783113153888,222.54723,0.000117676274,22892.463785564243,1.1857361301419258,0.35835445655658604,9.924322232739765e-05,695397806544.2833,1.71508552800492e-05,57.26169,-4.977377,-0.05765908,0.18217668,223.82654,55.2872,-5.0955806,0.004953762524272918,0.02777504919067936,0.0064389276052544174,1084.6689267968145,972.0896,112.5793271874395,-270.59793,270.59793,18951.82760753859,6791.471883053596,3.5198120680174564e-06,0.0033835041971524964,24.455490503000462,0.9534983131816785,36692915.371796146,0.1795638326404265,5.558971326841384e-17,5.235163664936466e-05,-16.94549,10.762682,-6.182808,True,-421314.06936068175,1202,0.051111111111111114,817543.2061124754,3586650.319718817,,
558253,1020,1,2019-03-20 01:55:33,2019-03-20 01:58:36,0 days 00:03:03,132.37216904075137,32.371082585381075,10927.16850703627,228.92833053355017,True,233.84272728369805,-0.31796224130592815,-0.9481033768021875,280.8864733344794,93.5609915417715,1307.6061413626712,222.54874,0.000117713134,22892.833053355018,1.1859045294305854,0.35835780469040746,9.926021148017449e-05,6804922519232.9375,1.786090914484443e-05,57.260685,-4.9686704,-0.05837254,0.18224336,223.82805,55.286175,-5.0861573,0.0049537410366730225,0.02780807023452636,0.0072603141825467255,1084.65934908707,972.0687,112.59062350113254,-270.552,270.552,18934.611248519028,6785.365719685574,1.6674976504838912e-06,0.001319933204172642,24.34223681263781,0.8817011191399591,359390664.53055304,0.4266555734691366,4.871535617448208e-18,5.025616317117369e-05,-41.448513,14.050283,-27.39823,True,-1799789.63418199,1202,0.050833333333333335,817308.6103722891,3586571.5391876814,,
558254,1021,1,2019-03-20 01:55:34,2019-03-20 01:58:36,0 days 00:03:02,132.36980842344371,32.3704139134134,10927.163940088816,228.92849503971064,True,233.84923444606827,-0.3180230078596183,-0.9480829955610012,280.0383295791706,93.5091065223934,1301.8010760700465,222.54964,0.000117740856,22892.849503971065,1.1860507617787521,0.3583566159757462,9.927134620149615e-05,6802376301920.304,1.7880332846950236e-05,57.260715,-4.960501,-0.059043672,0.18227825,223.82892,55.286205,-5.0772886,0.004953972416652448,0.02781382823510491,0.007273016716071123,1084.6511578082082,972.0481,112.60306210508315,-270.50858,270.50858,18870.058499608982,6762.210307184241,1.6664101087093622e-06,0.0013188462818791793,24.320280691060006,0.8816291637345047,360485172.95594287,0.4276507519604262,4.877806581570835e-18,5.042892987886085e-05,-41.545647,14.06931,-27.476337,True,-1799508.6521369931,1202,0.050555555555555555,817088.7134206933,3586490.353857327,,
558255,1022,1,2019-03-20 01:55:35,2019-03-20 01:58:36,0 days 00:03:01,132.3674478086616,32.36974509504855,10927.158674566552,228.92868470937537,True,233.82231465672402,-0.31812102550868887,-0.9480501110855375,279.2220416714103,93.45799678025993,1296.1809580402205,222.55054,0.00011776869,22892.868470937537,1.1862005042110215,0.3583554666605852,9.928228253220159e-05,6789103815648.093,1.7899227068803253e-05,57.26074,-4.9523377,-0.059714798,0.1823134,223.82979,55.28623,-5.0684257,0.004954203640853621,0.027819504230578256,0.007286755356654,1084.642966090766,972.0276,112.6153782001411,-270.46512,270.46512,18807.80800168493,6739.880813306492,1.6662443884286045e-06,0.0013186788260941059,24.29865988047915,0.8815884687986537,360972624.5099843,0.4280430049561637,4.892356651262659e-18,5.059685514311852e-05,-41.583244,14.075779,-27.507465,True,-1796085.198060981,1202,0.050277777777777775,816868.8141176195,3586409.1573805357,,
558256,1023,1,2019-03-20 01:55:36,2019-03-20 01:58:36,0 days 00:03:00,132.36508756501166,32.36907614758899,10927.20764840372,228.9269206250258,True,233.49310906767874,-0.31856459729210235,-0.9479011537877358,278.4186268326344,93.22584312155398,1290.260921384781,222.55107,0.00011779063,22892.692062502578,1.1863340423316042,0.3583518506651938,9.9289598382949e-05,21189925446316.12,1.9435883578499462e-05,57.26131,-4.9441485,-0.060388286,0.18234389,223.83029,55.28682,-5.059536,0.004954446705076521,0.02784712107597545,0.007316048008692239,1084.6347762748774,972.0072,112.62757412643987,-270.42157,270.42157,18704.330207174877,6702.731345194005,1.169740632492402e-06,0.0008443865865140576,24.20209395512567,0.865521345122269,1132888759.5337567,0.48406870858604517,1.5524519828731643e-18,5.039910080820165e-05,-47.345116,11.791004,-35.55411,True,-2306796.946161924,1202,0.05,816648.9471038962,3586327.952768964,,
558257,1024,1,2019-03-20 01:55:37,2019-03-20 01:58:36,0 days 00:02:59,132.36273103303938,32.36840721084124,10927.413115111523,228.91951963810166,True,244.11401192884142,-0.3272963851215816,-0.9449217302434871,278.2133334725886,92.80015295652679,1316.4680548690974,222.5506,0.000117795484,22891.951963810166,1.186413881164976,0.35834103239254306,9.928700729562188e-05,21123543038915.1,1.9454091003386718e-05,57.263474,-4.935887,-0.06106781,0.1823601,223.82974,55.289032,-5.0505714,0.004955070932062711,0.02789831281537047,0.007587020152746821,1084.6266097804503,971.98694,112.63967130388778,-270.37805,270.37805,18513.816771659138,6634.260215482714,1.1673280247550137e-06,0.000842198346199929,24.025659823428096,0.8651306043787101,1140961007.6324682,0.47949462551370076,1.5579162479955156e-18,5.0576287072923496e-05,-46.894623,11.660299,-35.23432,True,-2388293.1169250673,1202,0.04972222222222222,816429.4263882085,3586246.7654221845,,
558258,1025,1,2019-03-20 01:55:38,2019-03-20 01:58:36,0 days 00:02:58,132.36027507314952,32.36768867652745,10927.651777654082,228.91092316813913,True,244.15866625212752,-0.327315288444992,-0.9449151824106603,276.33218365922164,92.36588128537709,1300.2579529755014,222.54996,0.00011779886,22891.092316813912,1.1864979201621753,0.3583286056388252,9.92828202371276e-05,21044878589558.81,1.9473486966534135e-05,57.265987,-4.927286,-0.061776422,0.18236832,223.82904,55.29161,-5.04123,0.004955586395806791,0.027950691108749297,0.007611805440658449,1084.6183565074014,971.9656,112.65278033552636,-270.33252,270.33252,18305.92084899871,6559.535092756407,1.164762745647306e-06,0.0008398735220061505,23.84600920801048,0.8648873028776711,1149621412.8288395,0.4773695349725038,1.5643614753637877e-18,5.0936470600484554e-05,-46.685425,11.5853815,-35.100044,True,-2363560.0353503986,1202,0.049444444444444444,816200.7147822717,3586159.7869964438,,
558259,1026,1,2019-03-20 01:55:39,2019-03-20 01:58:36,0 days 00:02:57,132.3578187003701,32.36696996921261,10927.870690311758,228.90303830606638,True,244.1709594223852,-0.32737465250528647,-0.9448946168208616,274.4839605698583,91.93445378475752,1284.423325932988,222.54944,0.00011780439,22890.303830606637,1.186589052195613,0.3583170955506481,9.927985533744278e-05,20967244067399.723,1.9493721874387887e-05,57.268303,-4.9187036,-0.06248435,0.18237838,223.82846,55.293987,-5.031906,0.00495609754990511,0.0280031436482526,0.007637820033853663,1084.6101000396575,971.9444,112.66570306700123,-270.28696,270.28696,18101.648680561673,6486.130179897081,1.1622343590000731e-06,0.0008375829347486616,23.668099613398308,0.8646465519660089,1158305767.4694157,0.47531053814280094,1.5708581469094577e-18,5.129536046287345e-05,-46.482735,11.51247,-34.970264,True,-2339196.878020804,1202,0.049166666666666664,815971.9614303801,3586072.7936688405,,
558260,1027,1,2019-03-20 01:55:40,2019-03-20 01:58:36,0 days 00:02:56,132.3553622768942,32.366251095354826,10928.087544205202,228.89522781401374,True,244.46158263807973,-0.3271239985161883,-0.9449814228834242,272.4195776402886,91.5055804348414,1267.3087899453747,222.54893,0.00011781014,22889.522781401374,1.186680286250597,0.3583056799161617,9.927706629872376e-05,20861290313732.14,1.9513893727449565e-05,57.270596,-4.910129,-0.063192286,0.18238862,223.82788,55.296345,-5.02259,0.004956724107724995,0.028055598612147566,0.007655021353971733,1084.6018428051013,971.9233,112.67856399650759,-270.24133,270.24133,17885.918347839182,6408.6261345474695,1.1599428352975218e-06,0.000835508531864711,23.491713728075744,0.8644063335362838,1166352764.6738036,0.47335504345761636,1.5796201984641968e-18,5.170735462697717e-05,-46.29012,11.444128,-34.845993,True,-2316135.302526883,1202,0.04888888888888889,815743.2004073599,3585985.787228616,,
558261,1028,1,2019-03-20 01:55:41,2019-03-20 01:58:36,0 days 00:02:55,132.35290272268963,32.365531916691445,10927.955890450703,228.89996960124012,True,245.7620993558183,-0.28006906216640426,-0.9599798541725919,263.7154851391171,92.06060566873605,1047.4256638279264,222.55072,0.00011785415,22889.996960124012,1.1868850810227312,0.35831023239757254,9.929701839334187e-05,704659089249.1083,1.7291890720798396e-05,57.269367,-4.9017506,-0.06388524,0.18243131,223.82967,55.29509,-5.013474,0.004956696516202896,0.027985612385727762,0.00630749994147337,1084.5935651575826,971.9022,112.69134347789509,-270.1956,270.1956,17896.008396674548,6412.322927601367,3.447256677685806e-06,0.0032959041918537335,23.718240598793866,0.9488133129662254,39375210.02616699,0.1893667934835498,5.500542272948974e-17,5.470789974067159e-05,-17.889301,11.1341305,-6.755171,True,-438175.2117652641,1202,0.04861111111111111,815514.1422140577,3585898.7432439164,,
558262,1029,1,2019-03-20 01:55:42,2019-03-20 01:58:36,0 days 00:02:54,132.3503908558863,32.3649129077656,10927.884091418706,228.9025556281016,True,245.76471273138085,-0.2801419221176043,-0.9599585946655481,263.19029816022385,92.11807108056733,1045.1682041663546,222.552,0.000117886826,22890.255562810158,1.1870404234302028,0.35831219903838707,9.931155141800793e-05,703721985658.2596,1.730790211309534e-05,57.268665,-4.8930683,-0.064600065,0.18250445,223.83093,55.29438,-5.004083,0.004956796665965442,0.02797796825912611,0.0063176031802865615,1084.5837036512225,971.88293,112.70076908091005,-270.14932,270.14932,17873.420504742855,6404.264605392211,3.448404563072863e-06,0.0032972727344311396,23.741373694572136,0.9489341087042072,39372541.22519645,0.18952142682472195,5.5134505048367316e-17,5.485007943287657e-05,-17.903599,11.141371,-6.762228,True,-437768.95298253716,1202,0.04833333333333333,815279.807149009,3585822.6623010957,,
558263,1030,1,2019-03-20 01:55:43,2019-03-20 01:58:36,0 days 00:02:53,132.34787903520578,32.364293731229075,10927.81140924062,228.90517348783686,True,245.78228256050568,-0.28020065230069946,-0.9599414536575981,262.65324676802317,92.17623394814383,1042.82032891126,222.55328,0.00011791964,22890.517348783687,1.187194417887574,0.3583142373950985,9.93263098603529e-05,702712131921.2385,1.732356273231506e-05,57.267956,-4.884392,-0.06531483,0.18257794,223.8322,55.293663,-4.994697,0.004956897502166271,0.027970243972459605,0.006327293577521626,1084.573842046158,971.8636,112.71025562037676,-270.10303,270.10303,17850.227247340656,6395.9905634600755,3.4496090377414275e-06,0.0032987098726158055,23.76480060947983,0.9490588177784096,39367125.25751902,0.18966629778319896,5.526879354602038e-17,5.499644271608418e-05,-17.916952,11.148177,-6.768775,True,-437334.88691527065,1202,0.04805555555555555,815045.4739932397,3585746.568634104,,
558264,1031,1,2019-03-20 01:55:44,2019-03-20 01:58:36,0 days 00:02:52,132.34536709704798,32.36367438062388,10927.728948989936,228.90814356260992,True,246.11109960245383,-0.2799667408908337,-0.9600096999483727,261.932988102135,92.23527675823728,1039.1162968365472,222.55463,0.00011795359,22890.81435626099,1.1873526601717634,0.35831671751355776,9.934166502540785e-05,700814070515.9335,1.7338890636193176e-05,57.267147,-4.8757253,-0.066029176,0.18265264,223.83354,55.292843,-4.9853206,0.004956880026447266,0.027962474943840156,0.006328673088872019,1084.5639792875704,971.84454,112.71943583053917,-270.05667,270.05667,17816.16097785428,6383.828320277883,3.451547990523423e-06,0.00330103090079478,23.788645715584323,0.949233919957582,39335863.174286224,0.18972080167243832,5.547574635004801e-17,5.519037732974979e-05,-17.921564,11.151482,-6.7700825,True,-436811.96969187265,1202,0.04777777777777778,814811.1273649435,3585670.46104414,,
558265,1032,1,2019-03-20 01:55:45,2019-03-20 01:58:36,0 days 00:02:51,132.34285163781078,32.36305471935966,10927.487268361698,228.91684865814165,True,240.22601104883967,-0.3334362971003606,-0.9427726320677748,271.0989222352386,92.4694818685649,1285.0064136104886,222.55702,0.00011800514,22891.684865814164,1.187565259012176,0.3583264876769171,9.936728907989792e-05,1045746611265.0559,1.7470729502013234e-05,57.26473,-4.867139,-0.06673715,0.18274297,223.83594,55.29038,-4.976026,0.004956828313866595,0.027933399978907227,0.007849689944398221,1084.5540934559226,971.82544,112.72865400279761,-270.01022,270.01022,17957.02703090462,6434.478425103512,3.0360808038135785e-06,0.0028084201205576024,23.8847471678657,0.9299854066149088,58236065.996074535,0.19395685627987536,3.623215377840339e-17,5.369506690752881e-05,-18.407793,10.415371,-7.992422,True,-519381.6654235127,1202,0.0475,814576.4472866416,3585594.3143606395,,
558266,1033,1,2019-03-20 01:55:46,2019-03-20 01:58:36,0 days 00:02:50,132.3404404324698,32.362334365079704,10927.433193279718,228.91879642543716,True,240.22982811296677,-0.3335042394828481,-0.9427485997056517,270.40614993802325,92.49267749078756,1280.6884582773807,222.55829,0.00011804102,22891.879642543718,1.1877493161372858,0.3583274989170476,9.938209733042568e-05,1038256279984.3335,1.748749180479504e-05,57.264294,-4.8589187,-0.06741939,0.18277508,223.83719,55.289944,-4.967074,0.004956933176474365,0.02792994873863734,0.007860558580405791,1084.5461528728335,971.80524,112.7409160564273,-269.96503,269.96503,17919.45980937394,6421.03521543752,3.042215826757771e-06,0.0028155616258620747,23.89377896907614,0.9302577544925112,57940155.06210773,0.19459417830400524,3.654769789492344e-17,5.3860675204568556e-05,-18.467186,10.459608,-8.007578,True,-519026.9076379104,1202,0.04722222222222222,814351.928739886,3585507.310229855,,
558267,1034,1,2019-03-20 01:55:47,2019-03-20 01:58:36,0 days 00:02:49,132.3380292694979,32.361613852575736,10927.378125180781,228.9207799746802,True,240.06670486143693,-0.33376798309788125,-0.9426552569517513,269.8536034770952,92.51736636577193,1277.2393084241533,222.55957,0.000118077056,22892.07799746802,1.1879326280850222,0.35832854424522137,9.939709809040984e-05,1027740201647.4811,1.750364318679362e-05,57.263855,-4.850704,-0.06810158,0.18280758,223.83844,55.2895,-4.958128,0.004957153666371141,0.02792637109722293,0.007876948476474702,1084.538212142323,971.78516,112.75305589232289,-269.91974,269.91974,17890.925483038875,6410.829283537054,3.0518776910417427e-06,0.002826822579308003,23.90347423443505,0.9306559702596843,57444775.71167624,0.19544881053295554,3.698621190853729e-17,5.399787161999706e-05,-18.546669,10.523725,-8.022944,True,-518591.17297935847,1202,0.04694444444444444,814127.4113019807,3585420.2939851796,,
558268,1035,1,2019-03-20 01:55:48,2019-03-20 01:58:36,0 days 00:02:48,132.33562000223776,32.3608932601536,10927.567823393443,228.91394711634257,True,240.0614145684143,-0.3338494304429583,-0.9426264147544945,268.41976550270283,91.81544788300947,1264.957570879602,222.55923,0.000118086115,22891.394711634257,1.1880371003820973,0.3583183965349679,9.939598223642683e-05,21071451467861.902,1.9726628702132368e-05,57.265892,-4.842368,-0.0687947,0.18281667,223.83806,55.2916,-4.949057,0.004957543151378729,0.02801263067205761,0.007913528563835886,1084.530283156755,971.76514,112.7651464380051,-269.87445,269.87445,17649.147784625125,6324.014334395556,1.1551306467253274e-06,0.0008311161666371906,23.614861869012625,0.8642425863479706,1193907588.3436186,0.4786318150504506,1.5792106446479735e-18,5.2766237082964334e-05,-46.805996,11.492488,-35.313507,True,-2271093.6555566997,1202,0.04666666666666667,813903.0691968362,3585333.2797563025,,
558269,1036,1,2019-03-20 01:55:49,2019-03-20 01:58:36,0 days 00:02:47,132.33321088025025,32.36017250756068,10927.594480003612,228.91298696849472,True,241.46680329010346,-0.3204076181178024,-0.9472797676779952,264.91180049417915,91.73897336742242,1196.4926824866675,222.55997,0.0001181132,22891.298696849473,1.1881980696731924,0.35831571053158334,9.940531459412235e-05,7914803337865.293,1.8245226427784358e-05,57.266277,-4.8341284,-0.06948018,0.18284154,223.83876,55.292007,-4.9400845,0.004957781053247743,0.028021362504608693,0.0075428226672999595,1084.5223547637827,971.74536,112.77699343565769,-269.8291,269.8291,17544.48258620077,6286.46374378352,1.5567511664145593e-06,0.001210437843014374,23.582888624317604,0.8769828113945455,451127771.87800956,0.4902107414456724,4.202233566793011e-18,5.3598856903778746e-05,-47.722668,15.073567,-32.6491,True,-2086801.4170306984,1202,0.04638888888888889,813678.7378964145,3585246.25349071,,
558270,1037,1,2019-03-20 01:55:50,2019-03-20 01:58:36,0 days 00:02:46,132.3307757108388,32.35947672380151,10927.588126341527,228.91321582156525,True,241.4710882460434,-0.32047580705933076,-0.947256700736221,264.01212523526624,91.67723855984016,1190.3254437743483,222.5609,0.000118142736,22891.321582156525,1.1883578996717874,0.35831457895050717,9.941679696039248e-05,7912038721532.275,1.8263171986644623e-05,57.26631,-4.8257957,-0.07017275,0.18288001,223.83966,55.292057,-4.9310236,0.004958012280206958,0.02802836324981914,0.007556565900109685,1084.513939631728,971.72595,112.78798748329041,-269.78336,269.78336,17476.63436714766,6262.1328847364775,1.5554308667683037e-06,0.0012091422888925343,23.55704350203708,0.876903099541392,452720961.90358126,0.4910311846134483,4.2068874778602954e-18,5.380829129429584e-05,-47.80293,15.081735,-32.721195,True,-2084315.2351829791,1202,0.04611111111111111,813451.8644369709,3585161.9259110168,,
558271,1038,1,2019-03-20 01:55:51,2019-03-20 01:58:36,0 days 00:02:45,132.32834057625485,32.358780779622776,10927.5812094234,228.91346496281156,True,241.4435997633557,-0.32057954370006625,-0.9472215982340443,263.13585714380633,91.61546913086865,1184.2966328879454,222.56183,0.000118172386,22891.346496281156,1.18852008970246,0.35831345722688285,9.942817675451343e-05,7910304726130.708,1.828106269937672e-05,57.26634,-4.817469,-0.070865296,0.18291877,223.84056,55.292103,-4.921969,0.004958242497410765,0.02803532559749108,0.007571313637929468,1084.5055243060108,971.70667,112.79885926694828,-269.73758,269.73758,17410.32858264022,6238.355025901833,1.5540803004906017e-06,0.0012078173668235933,23.53115388184665,0.8768223888387224,454345516.1448271,0.49185629699414657,4.2109595799354126e-18,5.4013608483201e-05,-47.88368,15.089747,-32.79393,True,-2081739.5571369065,1202,0.04583333333333333,813224.9914790135,3585077.5860487763,,
558272,1039,1,2019-03-20 01:55:52,2019-03-20 01:58:36,0 days 00:02:44,132.3259058278813,32.35808468944134,10927.619789713359,228.9120753378433,True,241.32369036622356,-0.32078917448343885,-0.9471506245229604,262.1738845644436,91.42119230921334,1177.3734288675896,222.56245,0.00011819702,22891.20753378433,1.1886683887917897,0.35831027428863244,9.943649806978393e-05,21055186930604.777,1.9825220488746287e-05,57.26683,-4.809125,-0.07155991,0.18295325,223.84116,55.292618,-4.912896,0.004958483097973101,0.02805897979119378,0.007593606324771117,1084.4971110477109,971.6875,112.80961104771086,-269.69174,269.69174,17310.140627628207,6202.4012362602625,1.1498828914863935e-06,0.0008263580828446026,23.45123066186039,0.8641268158969702,1216349848.539024,0.4824919535892166,1.5864075487750603e-18,5.3940602984716955e-05,-47.185528,11.520216,-35.665314,True,-2252157.1272076727,1202,0.04555555555555556,812998.1520559,3584993.236531884,,
558273,1040,1,2019-03-20 01:55:53,2019-03-20 01:58:36,0 days 00:02:43,132.32347248980284,32.357388490049345,10927.677613767637,228.90999258376928,True,241.19584402234696,-0.2863818356072135,-0.9581155693517578,255.55591672855186,91.31878481598936,1020.6718408665515,222.56296,0.00011821956,22890.999258376927,1.1888100444562282,0.35830620360634147,9.944361036962079e-05,6522467056573.702,1.820966615005042e-05,57.267517,-4.800782,-0.072255075,0.1829859,223.84163,55.29334,-4.903824,0.004958727909271943,0.028070909119906017,0.006626193324473011,1084.488706512234,971.6685,112.82018844582785,-269.64587,269.64587,17170.33483390587,6152.237488986533,1.6474860480414298e-06,0.0012999912333768898,23.408669258015905,0.8804998910001528,379868367.13830036,0.44638748454844224,5.16469892861127e-18,5.534793753425795e-05,-43.37519,14.424225,-28.950966,True,-1784434.1821388095,1202,0.04527777777777778,812771.4424632671,3584908.884435765,,
558274,1041,1,2019-03-20 01:55:54,2019-03-20 01:58:36,0 days 00:02:42,132.3210123023997,32.35676729011704,10927.661844336591,228.91056057851074,True,241.19932531941564,-0.2864525081480723,-0.9580944424093475,254.71809584526622,91.26964190805994,1015.667765670198,222.56386,0.00011824668,22891.056057851074,1.1889538130319386,0.3583056467423461,9.945439348639218e-05,6517257497336.61,1.8224077630016802e-05,57.2674,-4.7923207,-0.07295743,0.18305129,223.84251,55.29324,-4.894658,0.0049588410646910575,0.02807634660706496,0.006639181897336193,1084.479200958171,971.6507,112.82850515738983,-269.59985,269.59985,17107.437545794914,6129.691473950341,1.646343483656438e-06,0.0012988526552752979,23.388010945328716,0.880436647686941,380960472.8873368,0.44729136023123756,5.171966237011836e-18,5.55659391816687e-05,-43.463844,14.438694,-29.02515,True,-1783150.7575313062,1202,0.045,812541.94314367,3584832.778833667,,
558275,1042,1,2019-03-20 01:55:55,2019-03-20 01:58:36,0 days 00:02:41,132.31855215064041,32.35614592792571,10927.645257121969,228.91115803000255,True,241.39625092953514,-0.28633211780006906,-0.9581304286557898,253.73387143803583,91.221163446279,1009.8345726148165,222.56476,0.00011827393,22891.115803000255,1.1890967795474021,0.35830513599027397,9.946535122625402e-05,6484435071141.156,1.823619564518784e-05,57.267277,-4.783865,-0.07365974,0.18311697,223.8434,55.293137,-4.885498,0.0049589540375120575,0.028081704500122127,0.006646714852432409,1084.4696952556105,971.63306,112.83663861498553,-269.5538,269.5538,17035.494792828056,6103.90527840586,1.6471657847905952e-06,0.0012996675382048537,23.36763062046284,0.880440903670251,380642602.40161055,0.4469138905487252,5.2022594074303916e-18,5.582795787979399e-05,-43.425957,14.427906,-28.99805,True,-1776069.3683372121,1202,0.04472222222222222,812312.44476724,3584756.6608373695,,
558276,1043,1,2019-03-20 01:55:56,2019-03-20 01:58:36,0 days 00:02:40,132.31608991633703,32.355524320156476,10927.370749351248,228.9210456526238,True,241.304358750666,-0.28649331926941196,-0.9580822396923945,253.6758802929316,91.87034624644764,1011.2918144948334,222.56735,0.00011832992,22892.10456526238,1.1893289764928772,0.35831642815037884,9.94930079501344e-05,697161704402.2919,1.7523041083430943e-05,57.264545,-4.77554,-0.0743503,0.18320896,223.84601,55.290356,-4.876471,0.004958779054236117,0.027999998427152593,0.006641633670944705,1084.460175722504,971.6154,112.84475824203514,-269.50766,269.50766,17165.632397185258,6150.728087501847,3.4270058551361967e-06,0.003271377350422823,23.632448126929635,0.9475091345954134,40613808.35095882,0.1941278599541303,5.625231333536606e-17,5.741696964199779e-05,-18.342861,11.296832,-7.046029,True,-431602.3001899733,1202,0.044444444444444446,812082.7481773517,3584680.515019572,,
558277,1044,1,2019-03-20 01:55:57,2019-03-20 01:58:36,0 days 00:02:39,132.31362875859378,32.35490259885005,10927.453463643396,228.91806629179675,True,240.1116848173447,-0.33444603846427157,-0.942414901917173,260.0705581883391,91.26389856812953,1204.973741794614,222.56761,0.000118346215,22891.806629179675,1.189437962347031,0.3583113484840664,9.949759399394221e-05,19303985058046.75,1.9526515617248905e-05,57.26543,-4.7670383,-0.07505769,0.18326528,223.84624,55.291286,-4.867263,0.004959029250485401,0.02807532052608871,0.008036064311335111,1084.450662666832,971.59796,112.85270124105068,-269.4615,269.4615,17034.762792246976,6103.748827196215,1.1714007463852717e-06,0.0008458777732353599,23.384212922412974,0.8645097046730229,1133211262.9612057,0.47441921686868266,1.7124676475621778e-18,5.472349654933701e-05,-46.37545,11.496574,-34.878876,True,-2173235.418982299,1202,0.04416666666666667,811853.1503678381,3584604.3652577032,,
558278,1045,1,2019-03-20 01:55:58,2019-03-20 01:58:36,0 days 00:02:38,132.31121983245748,32.354180407091135,10927.497801852764,228.916469246697,True,240.11775931039276,-0.3345106607839989,-0.9423919661276047,258.900201946162,91.10650426380116,1195.9594969040868,222.56822,0.00011837168,22891.6469246697,1.1895954527891899,0.3583078628810569,9.950582866864177e-05,19321759517023.906,1.955235066327254e-05,57.266006,-4.7588415,-0.07574421,0.18329029,223.84682,55.291897,-4.85833,0.004959271014824651,0.02809427528242714,0.008053325265359417,1084.4427318155285,971.5792,112.86350818271603,-269.41562,269.41562,16933.107391260757,6067.265521298071,1.1692187928160463e-06,0.0008438931494039782,23.319358543087713,0.8643855538866512,1141064015.6334178,0.4739387124578028,1.712309367669477e-18,5.4996656750236734e-05,-46.328396,11.463217,-34.86518,True,-2162690.7859158446,1202,0.04388888888888889,811628.812678649,3584517.2282522977,,
558279,1046,1,2019-03-20 01:55:59,2019-03-20 01:58:36,0 days 00:02:37,132.3088109232442,32.35345805751997,10927.541156629162,228.9149076331955,True,240.161811620243,-0.334529406664347,-0.9423853118957234,257.7062509404783,90.94982114091027,1186.7794364784982,222.56885,0.000118397285,22891.49076331955,1.1897518742133582,0.35830441084844833,9.951426677378662e-05,19284619915695.516,1.9571668762329903e-05,57.26657,-4.750651,-0.076430716,0.18331556,223.8474,55.2925,-4.8494034,0.004959628410855146,0.028113147427567767,0.008069256574193507,1084.4348006370763,971.5606,112.87419272692,-269.36966,269.36966,16830.537543457864,6030.4558387713605,1.167982466429194e-06,0.0008427691052947373,23.254829984355855,0.8642806077133312,1145811288.9086878,0.4734945084546587,1.7168135245704108e-18,5.527896753220903e-05,-46.284416,11.438646,-34.84577,True,-2151912.406694508,1202,0.043611111111111114,811404.4736894718,3584430.079091766,,
558280,1047,1,2019-03-20 01:56:00,2019-03-20 01:58:36,0 days 00:02:36,132.30640160831626,32.3527355349264,10927.559792615913,228.91423637858384,True,240.01351533559165,-0.33478017391066356,-0.942296256575577,256.62702602005197,90.7861909564585,1178.5034239028732,222.56963,0.00011842568,22891.423637858385,1.1899201736052845,0.35830211146865154,9.95240572389292e-05,21056457248834.004,2.000954288980435e-05,57.26689,-4.742478,-0.07711618,0.1833436,223.84814,55.292847,-4.8404937,0.004959864888003835,0.02813311599917573,0.00809217248001697,1084.4268663827,971.5422,112.88469108973118,-269.32367,269.32367,16733.183257528115,5995.534892764213,1.140443965318708e-06,0.0008178085273937161,23.187686881357873,0.8634045822504617,1258365304.7223327,0.48036986887858046,1.5975734336256568e-18,5.551667404750835e-05,-46.975952,11.359129,-35.61682,True,-2189600.3906636247,1202,0.043333333333333335,811180.0936559648,3584342.9148583068,,
558281,1048,1,2019-03-20 01:56:01,2019-03-20 01:58:36,0 days 00:02:35,132.30399402812145,32.35201291731181,10927.669352665853,228.91029013794963,True,242.83388923958455,-0.3079549473207077,-0.9514009409395704,250.89538577582712,90.48912434675957,1057.393720817175,222.56981,0.00011844395,22891.029013794963,1.1900558318120422,0.3582956499292874,9.95280643403672e-05,13204141146969.748,1.8825500579666487e-05,57.26813,-4.7342715,-0.077805586,0.18336233,223.8483,55.29414,-4.8315496,0.0049601213604071855,0.028169876181715382,0.007345395464026694,1084.4189429615226,971.5238,112.89513925058509,-269.27765,269.27765,16547.181609142626,5928.783189145709,1.3007125571308583e-06,0.0009651795586220295,23.06628795184854,0.8685510524242703,797969192.5103556,0.5039665348197745,2.4801994547239573e-18,5.661102392159668e-05,-49.207516,13.287968,-35.919548,True,-2182498.996492481,1202,0.043055555555555555,810955.8738533038,3584255.7504331754,,
558282,1049,1,2019-03-20 01:56:02,2019-03-20 01:58:36,0 days 00:02:34,132.30153463878037,32.35134038786144,10927.67874682897,228.90995177239293,True,242.83814197592162,-0.30802315621702153,-0.9513788599890709,249.89389473832054,90.38837588370396,1050.6152000457446,222.5706,0.00011847097,22890.995177239292,1.190209177583011,0.3582938278205436,9.953793943046356e-05,13208020500210.36,1.884279710023096e-05,57.26831,-4.7258873,-0.078507274,0.18341184,223.84906,55.294353,-4.8224387,0.004960355013915887,0.028181819560769338,0.007360428141810075,1084.4100482882811,971.50616,112.90388373749988,-269.23096,269.23096,16466.272826663993,5899.763921002845,1.2988573072878468e-06,0.0009634441787371732,23.024711430402654,0.8684471457651555,802125692.8782624,0.5032862707878408,2.4808127990438356e-18,5.687239840364944e-05,-49.141026,13.250385,-35.89064,True,-2172039.705192816,1202,0.042777777777777776,810726.6007174103,3584173.9968830645,,
558283,1050,1,2019-03-20 01:56:03,2019-03-20 01:58:36,0 days 00:02:33,132.29907528173828,32.35066769767856,10927.687464710625,228.9096377659787,True,242.8934662361059,-0.3080356527046037,-0.9513748139733619,248.8603506808138,90.2878752221526,1043.6088504510747,222.5714,0.0001184981,22890.96377659787,1.190361920531274,0.3582920657585252,9.954796018751644e-05,13175179776013.58,1.8855020347496916e-05,57.26849,-4.7175093,-0.07920895,0.18346162,223.84982,55.294563,-4.813334,0.004960589400673996,0.028193810228099244,0.007373891959200383,1084.4011533844769,971.4887,112.9124448883831,-269.1842,269.1842,16383.70625070772,5870.15195734693,1.298037635834698e-06,0.0009626770417818668,22.983313321798544,0.8683757851150141,804163574.1268529,0.5028618718513841,2.4881862810251226e-18,5.714612954547041e-05,-49.099125,13.22808,-35.871044,True,-2162334.8386572488,1202,0.0425,810497.3279326283,3584092.2311056843,,
558284,1051,1,2019-03-20 01:56:04,2019-03-20 01:58:36,0 days 00:02:32,132.29661539316794,32.349994826943295,10927.662258487824,228.9105456612985,True,243.02888501683685,-0.3079620334542097,-0.9513986472298288,247.7504135243729,90.18123551649447,1036.2087959454966,222.5724,0.00011852906,22891.05456612985,1.1905292880625657,0.3582918657368153,9.955997005863009e-05,13886622322224.361,1.897791361293104e-05,57.268322,-4.7091513,-0.07990913,0.1835152,223.85081,55.29442,-4.804249,0.004960700410979655,0.028206727835732363,0.007385154800131351,1084.3922545754417,971.47125,112.92100213403546,-269.13736,269.13736,16295.183957681478,5838.431862722319,1.275939368266909e-06,0.0009420705204166836,22.939559291625454,0.8676601537167851,852191810.6777965,0.4972039546291904,2.365506147368161e-18,5.742957575960218e-05,-48.554707,12.894709,-35.659996,True,-2141162.2090503895,1202,0.042222222222222223,810268.0024744603,3584010.449265744,,
558285,1052,1,2019-03-20 01:56:05,2019-03-20 01:58:36,0 days 00:02:31,132.29415409095526,32.34932174226393,10927.426286607411,228.91904520254877,True,242.11294351635198,-0.29768827854604557,-0.9546631284470412,245.92777498727955,90.69428203541032,994.4047059778758,222.5748,0.000118583695,22891.904520254877,1.1907675018180388,0.35830131365638945,9.958593533843092e-05,976343043672.2297,1.7736724500443072e-05,57.266026,-4.7008953,-0.08059937,0.18359137,223.85321,55.292095,-4.795268,0.004960649930955015,0.028140713294222144,0.007084668783437878,1084.3833461388972,971.45404,112.92930561155345,-269.09045,269.09045,16365.584270397414,5863.810342837737,3.0268970590466946e-06,0.002797627618048562,23.14701087888205,0.9297691558991812,59658306.5743806,0.19728378648967312,3.9363486195470595e-17,5.926742684264463e-05,-18.722462,10.490633,-8.231829,True,-488988.15295776713,1202,0.041944444444444444,810038.5413925552,3583928.6451044115,,
558286,1053,1,2019-03-20 01:56:06,2019-03-20 01:58:36,0 days 00:02:30,132.2916936681038,32.34867356298375,10927.360267076552,228.92142322538933,True,242.11690608875415,-0.2977567245429702,-0.9546417825495812,245.22141305518778,90.72022613674284,990.4007797366404,222.57603,0.000118618154,22892.142322538934,1.190942805681801,0.35830304219900133,9.960021069736377e-05,966185467366.5894,1.7746453020314325e-05,57.26543,-4.692542,-0.081298605,0.1836574,223.85446,55.291515,-4.7861977,0.004960520419984675,0.028136690209078833,0.007095469170305745,1084.3741385329208,971.4372,112.93694370870207,-269.04364,269.04364,16326.677405670001,5849.89818345326,3.0356181564253427e-06,0.002807776244717516,23.156944626172933,0.9301652015383808,59178327.798101045,0.19799314183539846,3.982894719431326e-17,5.949285841126825e-05,-18.78843,10.544559,-8.243871,True,-488277.5958527763,1202,0.041666666666666664,809809.0748481594,3583849.611697345,,
558287,1054,1,2019-03-20 01:56:07,2019-03-20 01:58:36,0 days 00:02:29,132.28923327763948,32.34802522406874,10927.291518541158,228.92389956820628,True,242.18275938780462,-0.2977599871545626,-0.9546407649213996,244.47718116687642,90.75248227746111,986.1644400758519,222.5773,0.00011865297,22892.38995682063,1.1911175457494183,0.35830488079675976,9.961482832237822e-05,941599961224.0856,1.775323514115579e-05,57.264812,-4.684195,-0.0819977,0.18372397,223.85571,55.29091,-4.777133,0.004960621998515364,0.028131925795939698,0.0071042273630626965,1084.364930701497,971.42053,112.94439847493459,-268.9968,268.9968,16286.69857501029,5835.603591491819,3.0597055699462594e-06,0.0028358655522768236,23.169490768219354,0.9311483193029676,57814047.26608263,0.19967572614973517,4.0968655566715756e-17,5.9746159326731286e-05,-18.944399,10.686407,-8.257992,True,-487724.59431220515,1202,0.04138888888888889,809579.6087841503,3583770.5661824374,808114.7002846343,3584239.3744055186
558288,1055,1,2019-03-20 01:56:08,2019-03-20 01:58:36,0 days 00:02:28,132.28677223852446,32.34737670177559,10927.156328124158,228.928769230746,True,242.1243453687252,-0.2978921516068317,-0.9545995317467176,243.94177213343534,90.89946105503688,983.385843396008,222.57901,0.0001186953,22892.8769230746,1.1913169955626897,0.35830976428942746,9.963368422939124e-05,695811586349.1603,1.7669646015406205e-05,57.26352,-4.675882,-0.08269369,0.183798,223.8574,55.289616,-4.768103,0.004960709602101758,0.028112688806381195,0.007112989654056767,1084.3557182012942,971.40393,112.95178753723167,-268.94986,268.94986,16282.632009586641,5834.226037366476,3.3787326847843185e-06,0.0032133361338240775,23.22870517177089,0.9439229945528329,42733360.6716341,0.19889768573698013,5.662120081957257e-17,6.0221385906320806e-05,-18.804564,11.402448,-7.402116,True,-437274.59937705507,1202,0.04111111111111111,809350.0791508493,3583691.503955036,807885.4250044432,3584160.2307786103
558289,1056,1,2019-03-20 01:56:09,2019-03-20 01:58:36,0 days 00:02:27,132.28431191666812,32.3467280480721,10927.23539157465,228.9259212944181,True,239.2480378573815,-0.32489723056794295,-0.94574932702555,246.6287479257294,90.3053217252824,1078.6639172161442,222.5793,0.00011871359,22892.592129441808,1.1914416761623454,0.35830482487749155,9.963861050489751e-05,19690967073371.68,1.9827708630658654e-05,57.264397,-4.667475,-0.08340013,0.1838493,223.85768,55.29055,-4.7589765,0.004960842618575612,0.028187498568316347,0.007913747403048007,1084.3465098901847,971.3876,112.95893664799723,-268.9029,268.9029,16125.966766554118,5778.011698270422,1.1484409014182472e-06,0.0008250190697397632,22.987049210516844,0.863644066870889,1221072036.0785754,0.4777537812291241,1.6958810568208e-18,5.7992545561143275e-05,-46.70869,11.331002,-35.37769,True,-2083067.264165443,1202,0.04083333333333333,809120.6143891301,3583612.4347330458,807656.1858580527,3584081.089353939
558290,1057,1,2019-03-20 01:56:10,2019-03-20 01:58:36,0 days 00:02:26,132.28190337959506,32.346028998422824,10927.274240435838,228.92452193414078,True,239.2533377228849,-0.3249622628236507,-0.945726983722328,245.44697113303795,90.14458130151593,1069.924323257088,222.57991,0.00011873892,22892.45219341408,1.1915982868769475,0.3583016707883765,9.964677024679117e-05,19709612030481.344,1.985134521984488e-05,57.26491,-4.6593285,-0.084087506,0.18388486,223.85826,55.291107,-4.7500997,0.004961084043077619,0.02820713661300336,0.007931087380095889,1084.3382718464504,971.3706,112.96766637770043,-268.85648,268.85648,16024.509426938377,5741.60850123611,1.1461175582545352e-06,0.0008229165551666949,22.921247661457496,0.8635163052082939,1229966640.8101103,0.47743738451434414,1.6953885582905634e-18,5.830614301240864e-05,-46.678123,11.3002405,-35.377884,True,-2073172.392461338,1202,0.04055555555555555,808896.1943533124,3583527.9303609654,807431.8552724229,3583996.548910652
558291,1058,1,2019-03-20 01:56:11,2019-03-20 01:58:36,0 days 00:02:25,132.279494864683,32.34532979336679,10927.31223487938,228.92315335722094,True,239.36022981558958,-0.32490675678036,-0.9457460543922285,244.20364790415599,89.98451265583047,1060.7472885345921,222.58054,0.00011876439,22892.315335722094,1.1917541763545276,0.3582985210850053,9.965510415397636e-05,19572744517743.72,1.985561809841611e-05,57.265415,-4.6511884,-0.084774874,0.18392068,223.85886,55.29166,-4.741229,0.004961324514673322,0.02822663785092688,0.007944953667001252,1084.3300335021052,971.3539,112.97615166616765,-268.81003,268.81003,15919.94240339675,5704.09181889552,1.1463575145018331e-06,0.0008231336543651401,22.85570853449616,0.8634655795470542,1229448199.1070263,0.4768504172940528,1.707689430088196e-18,5.864304260218086e-05,-46.61953,11.285017,-35.33451,True,-2061030.6032041127,1202,0.04027777777777778,808671.7736170505,3583443.414105607,807204.6602836178,3583912.774814336
558292,1059,1,2019-03-20 01:56:12,2019-03-20 01:58:36,0 days 00:02:24,132.27708524374208,32.34463039539132,10927.277624361514,228.92440004334938,True,239.2630199953856,-0.32509294978964476,-0.9456820681376312,243.080044376354,89.8194766394509,1052.4636843057663,222.58162,0.00011879807,22892.440004334938,1.1919383197353297,0.35829871986286344,9.966796520538242e-05,21032943005204.89,2.0278351519516198e-05,57.26519,-4.643083,-0.08545895,0.18396471,223.85992,55.291462,-4.732394,0.0049614331436092125,0.02824716730269268,0.007966048490699214,1084.3217874704283,971.3372,112.98456823214701,-268.76346,268.76346,15821.48405865497,5668.8174845467765,1.1247492456559275e-06,0.00080362976841456,22.788510644766603,0.8627803927062659,1329391283.8536186,0.4862693379253828,1.614953710103632e-18,5.8933069903547374e-05,-47.558773,11.308081,-36.250694,True,-2104461.1848288556,1202,0.04,808447.2460688052,3583358.878551015,806976.8795609288,3583829.1043459442
558293,1060,1,2019-03-20 01:56:13,2019-03-20 01:58:36,0 days 00:02:23,132.27467678299183,32.343930880847,10927.315492676476,228.92303601021493,True,243.66529005605955,-0.31918132984163555,-0.947693662889293,240.80640497420234,89.5269967638143,1019.1403675767212,222.58224,0.00011882361,22892.303601021493,1.19209484812481,0.3582955773036947,9.967630768007953e-05,22134011905749.477,2.0299530414625677e-05,57.265697,-4.6349545,-0.086146355,0.18400095,223.86052,55.29202,-4.7235346,0.004961673587700943,0.028284030280554404,0.007816855405516729,1084.313548575744,971.3207,112.99286986480661,-268.7169,268.7169,15674.607753283693,5616.14263397175,1.1027287025607108e-06,0.0007838560376788121,22.669885450297745,0.8621203028446466,1412093511.6295075,0.4901774148204918,1.5283289633385442e-18,5.9441760981297605e-05,-47.95554,11.199064,-36.756477,True,-2153354.9717404386,1202,0.03972222222222222,808222.824849379,3583274.3387060347,806749.194544083,3583745.4256847324
558294,1061,1,2019-03-20 01:56:14,2019-03-20 01:58:36,0 days 00:02:22,132.2722188099425,32.34323144908958,10927.381044343914,228.92067482626996,True,243.69434073648443,-0.3192196919482455,-0.9476807417440047,239.57250710489274,89.34678461938772,1010.1878593164314,222.58267,0.00011884598,22892.067482626997,1.1922444037886757,0.358291202668191,9.968256406284428e-05,22104243291093.938,2.03177251309954e-05,57.26648,-4.6266394,-0.08684981,0.1840395,223.86092,55.292854,-4.7144785,0.004961920408734386,0.028306323344892158,0.007834278111241894,1084.3049620584748,971.30414,113.00082387488101,-268.66937,268.66937,15567.232689046432,5577.602522374023,1.1010228914197769e-06,0.0007823294225860919,22.596507448822955,0.8620076667144467,1419921172.4153864,0.4901751693996064,1.5311255497505038e-18,5.978578145497072e-05,-47.955692,11.18013,-36.775562,True,-2143702.0986988707,1202,0.03944444444444444,807993.7375625838,3583189.6707210448,806516.7643248385,3583661.6327074487
558295,1062,1,2019-03-20 01:56:15,2019-03-20 01:58:36,0 days 00:02:21,132.26976059632597,32.34253184985865,10927.428746262662,228.91895660617774,True,243.70142196349008,-0.3192830640551854,-0.9476593929295125,238.34896307403207,89.16574648670874,1001.3281007325226,222.58324,0.0001188704,22891.895660617774,1.1923963189093678,0.3582875934166628,9.969034237015334e-05,22063542779266.168,2.033608817488508e-05,57.26708,-4.618337,-0.08755248,0.1840802,223.86143,55.29351,-4.7054358,0.004962278295264184,0.028328740561456223,0.007852461517618077,1084.2963734745986,971.2878,113.00859271287982,-268.6218,268.6218,15460.60490931197,5539.342925723227,1.09950571581178e-06,0.0007809715739168784,22.522851151289004,0.8618909055164532,1427081469.883318,0.4901430948125009,1.5347710088759607e-18,6.013029136998327e-05,-47.952824,11.162167,-36.790657,True,-2133726.2100664033,1202,0.03916666666666667,807764.6248096374,3583104.988973064,806284.3081393054,3583577.8182506924
558296,1063,1,2019-03-20 01:56:16,2019-03-20 01:58:36,0 days 00:02:20,132.2673023856624,32.34183209141313,10927.473347144043,228.91735009470176,True,243.78162994375887,-0.31926367050239224,-0.9476659267364951,237.0685452825084,88.99119425270177,992.2558498000337,222.5838,0.00011889519,22891.735009470176,1.1925528865963275,0.3582841809262276,9.96980408977219e-05,20915009977878.69,2.035462764620331e-05,57.26765,-4.6100426,-0.088255025,0.18412143,223.86198,55.294132,-4.6964,0.00496240491694607,0.02835049234431921,0.00786811053779563,1084.2877844165516,971.27155,113.01623900639538,-268.57416,268.57416,15351.899852885463,5500.342864452542,1.1169806106442317e-06,0.0007966435100465547,22.451981484338038,0.8623473186235464,1362372747.2367282,0.48637862690318784,1.6271703509325938e-18,6.051299856797702e-05,-47.57156,11.227387,-36.344173,True,-2096696.1592936781,1202,0.03888888888888889,807535.5094928368,3583020.295080009,806051.8472440797,3583493.9844911345
558297,1064,1,2019-03-20 01:56:17,2019-03-20 01:58:36,0 days 00:02:19,132.26484336842816,32.34113214528843,10927.324307118966,228.9227185111164,True,243.63117405068616,-0.2852308469425116,-0.9584588483354188,232.06606916251542,89.44890307389764,867.4876352454802,222.58565,0.00011894194,22892.27185111164,1.1927762021953792,0.35828960408756894,9.971857381567944e-05,698696065065.4094,1.7744143051853984e-05,57.266262,-4.601836,-0.08894798,0.18418457,223.86383,55.29275,-4.687454,0.004962373010373824,0.02828994528420334,0.0068863519627673595,1084.2791895992082,971.2554,113.02381850545817,-268.52643,268.52643,15365.219302868742,5505.198340743514,3.314061671827585e-06,0.0031360113432414923,22.635085834028157,0.9403749629204194,45472573.56326573,0.20359926443423124,5.633780125787751e-17,6.348091255455615e-05,-19.264702,11.470001,-7.7947006,True,-440401.75619414,1202,0.03861111111111111,807306.3154746026,3582935.5835578884,805819.3301957153,3583410.117921727
558298,1065,1,2019-03-20 01:56:18,2019-03-20 01:58:36,0 days 00:02:18,132.26235789745067,32.34050719473829,10927.213577333283,228.92670706007203,True,243.63313015071054,-0.28530103687235353,-0.9584379574910209,231.48541746134327,89.54015570119694,864.6663971083392,222.58714,0.000118980766,22892.670706007204,1.1929656726696187,0.3582934370566076,9.973528073760897e-05,697459572513.4213,1.7751598608117705e-05,57.265205,-4.5934496,-0.089653395,0.1842687,223.86533,55.29171,-4.6783524,0.0049623495284018306,0.02827738190915042,0.006895214508744968,1084.2694966994393,971.2403,113.02920128928304,-268.47867,268.47867,15345.824365821953,5498.308156497383,3.3150991380322193e-06,0.0031372301927050043,22.671219819413956,0.9405471097716449,45449469.24238201,0.20387590444834247,5.646626517916555e-17,6.371015461208538e-05,-19.290846,11.483038,-7.807808,True,-440044.83366152976,1202,0.03833333333333333,807074.3732453813,3582859.1205309355,805583.990192878,3583334.519419728
558299,1066,1,2019-03-20 01:56:19,2019-03-20 01:58:36,0 days 00:02:17,132.25987247786662,32.33988208538956,10927.101635146104,228.93073933760775,True,243.64610107735385,-0.2853599662710206,-0.9584204138319479,230.89595834189564,89.6328835023101,861.7803141492188,222.58865,0.000119019795,22893.073933760774,1.1931547409245624,0.3582973165082904,9.97521867268032e-05,696187603139.2269,1.7758588245891642e-05,57.264137,-4.5850677,-0.09035872,0.18435328,223.86685,55.290657,-4.669255,0.004962210169732657,0.028264650645948696,0.006903708778008419,1084.2598036708248,971.2253,113.03452290910604,-268.43088,268.43088,15326.104430492254,5491.302089971195,3.3161424726094747e-06,0.0031384560199870836,22.7079724067347,0.9407317757397703,45424954.93858946,0.2041507614122514,5.659661907538834e-17,6.394555292867312e-05,-19.316822,11.495978,-7.8208437,True,-439684.7649392264,1202,0.03805555555555556,806842.4333723148,3582782.645645513,805348.6534521901,3583258.911400688
558300,1067,1,2019-03-20 01:56:20,2019-03-20 01:58:36,0 days 00:02:16,132.25738698867673,32.339256813653,10926.98013078489,228.93511611998795,True,243.79547646383082,-0.2852793967481293,-0.9584443989042993,230.24711788725992,89.72628935692214,858.3679854404234,222.59023,0.00011905995,22893.511611998794,1.1933455163633937,0.3583016474644882,9.976988968255728e-05,694490241467.5516,1.7765221745829208e-05,57.262974,-4.5766945,-0.09106357,0.18443929,223.86842,55.28951,-4.660166,0.004962184887742467,0.02825185324001112,0.006908188753479776,1084.2501097149598,971.2104,113.03972153136601,-268.383,268.383,15303.144785600743,5483.141988068339,3.3176100969478493e-06,0.0031401871002679155,22.74502178774373,0.94092914694576,45382191.12459953,0.20440442742293266,5.676300594300665e-17,6.420422990100157e-05,-19.34069,11.508758,-7.831933,True,-439346.2670039091,1202,0.03777777777777778,806610.4844716084,3582706.158156084,805113.3115200348,3583183.2994278595
558301,1068,1,2019-03-20 01:56:21,2019-03-20 01:58:36,0 days 00:02:15,132.2548999305833,32.33863133518932,10926.867085318258,228.93918826023454,True,238.02553571696092,-0.33918112914840864,-0.94072108599181,236.60986224020584,89.53943113703784,1043.8499598954904,222.59175,0.00011909921,22893.918826023455,1.1935346438490022,0.35830554538436216,9.978697493351007e-05,10535404645184.865,1.891563234187674e-05,57.261898,-4.5683165,-0.09176929,0.18452482,223.86995,55.28845,-4.651071,0.0049621602478126196,0.028275516500997903,0.008467662218925521,1084.2404049362292,971.1956,113.04478726044795,-268.33502,268.33502,15292.229295193067,5479.290557756872,1.3681866331248014e-06,0.001028622878151732,22.669357351741144,0.8698175034948586,688938443.2979008,0.5166225535520442,3.164578871387904e-18,6.13158284532804e-05,-50.40146,14.086502,-36.314957,True,-2039658.3700191847,1202,0.0375,806378.3854995996,3582629.6488493723,804877.8174417121,3583107.6715100766
558302,1069,1,2019-03-20 01:56:22,2019-03-20 01:58:36,0 days 00:02:14,132.25251665450787,32.33790528265015,10926.88966927544,228.93837473295477,True,238.07530669582363,-0.3391876098026385,-0.9407187493381712,235.53203621905604,89.45652606392706,1036.0226976936515,222.59248,0.00011912811,22893.837473295476,1.1937133796838812,0.3583031111913259,9.979624398884367e-05,10474370271362.75,1.8921933293533037e-05,57.26228,-4.56036,-0.09244779,0.18455486,223.87065,55.288883,-4.642376,0.004962398122713125,0.02828512517045697,0.008480777771033173,1084.232642464804,971.17993,113.05271082417903,-268.28824,268.28824,15214.15364710454,5451.278585900414,1.3686508527018002e-06,0.0010290618516010518,22.635086719055987,0.8697950559331148,688462238.1446874,0.516607696413496,3.1843359890043146e-18,6.164800111021391e-05,-50.399075,14.085076,-36.314,True,-2030686.3792033633,1202,0.03722222222222222,806156.396048334,3582542.286036539,804652.6068263977,3583021.148736829
558303,1070,1,2019-03-20 01:56:23,2019-03-20 01:58:36,0 days 00:02:13,132.250132905133,32.33717906441276,10926.8767476309,228.93884020071033,True,238.0692583344665,-0.33925871187879414,-0.940693109581622,234.48505050456512,89.37262580397866,1028.4225366517117,222.59346,0.000119161086,22893.884020071033,1.1938995873100628,0.35830226252408703,9.980829845168581e-05,10477523554125.453,1.8933702329651037e-05,57.262306,-4.552423,-0.09312461,0.18458925,223.8716,55.288956,-4.6337,0.004962627353589539,0.028294987411666424,0.008495841053743477,1084.2248763885316,971.16437,113.06050871275033,-268.24133,268.24133,15137.762209540526,5423.894449229993,1.3665013378015965e-06,0.0010270238277627277,22.600525679956824,0.8696923163316015,692144810.3816843,0.5161500338693396,3.184042257493968e-18,6.197199570629647e-05,-50.354763,14.049885,-36.30488,True,-2020994.5032787707,1202,0.036944444444444446,805934.3591614341,3582454.908676691,804427.3546455828,3582934.6158109726
558304,1071,1,2019-03-20 01:56:24,2019-03-20 01:58:36,0 days 00:02:12,132.24774930041485,32.33645271240238,10926.88626092046,228.93849750977145,True,237.81981039292245,-0.339634813578698,-0.9405573844297662,233.5190830405687,89.22250591950414,1021.2869553308492,222.5945,0.000119178825,22893.849750977144,1.1939223015459854,0.3583000614373688,9.982125718057906e-05,21119800040598.33,2.051010180517779e-05,57.263706,-4.5450177,-0.09346935,0.18448465,223.87259,55.290623,-4.6255927,0.004962977802379385,0.028310391134396224,0.008520700944282946,1084.2171106201456,971.0859,113.13123415530185,-268.1638,268.1638,15053.238545854187,5393.5762958109235,1.1089168054500546e-06,0.0007893758596345175,22.536927266216605,0.8619564734515441,1403007065.6400335,0.48916109207361375,1.6206591556506128e-18,6.207146394193517e-05,-47.839973,11.18302,-36.65695,True,-2032131.243503898,1202,0.03666666666666667,805712.3329245662,3582367.5220804038,804202.1117165316,3582848.0803843495
558305,1072,1,2019-03-20 01:56:25,2019-03-20 01:58:36,0 days 00:02:11,132.24536855673625,32.3357263173862,10927.087457595904,228.93125003226112,True,242.78202836389298,-0.30970440513220093,-0.9508328882835877,227.93831199666303,88.76277306328068,906.1384068719002,222.59428,0.00011917387,22893.125003226112,1.193867377614355,0.35828904733556727,9.982169914656228e-05,21026883615199.78,2.0522453595015963e-05,57.26711,-4.537579,-0.09380502,0.18435183,223.87228,55.29436,-4.6174526,0.004963716276820662,0.02836561649686725,0.0076866449830086375,1084.2093629702465,971.0042,113.20515154446525,-268.08447,268.08447,14835.544247364025,5315.413015092712,1.1053788414850765e-06,0.0007862086001087393,22.348786687356426,0.8620405361771841,1417331461.8326747,0.494895991984988,1.627408055023256e-18,6.336451395412618e-05,-48.398647,11.271072,-37.127575,True,-2051033.6925623121,1202,0.03638888888888889,805490.5728458974,3582280.144073687,803977.1136213165,3582761.5668806448
558306,1073,1,2019-03-20 01:56:26,2019-03-20 01:58:36,0 days 00:02:10,132.24291160341875,32.33505011207754,10927.204305092766,228.92704105392676,True,242.83615850660854,-0.3097044756633711,-0.9508328653102377,226.53402468635213,88.51210464473418,896.1806407750192,222.59457,0.00011917542,22892.704105392677,1.1938171111293783,0.3582820000969918,9.982720037857771e-05,20986353351797.633,2.0532362773372986e-05,57.26965,-4.529871,-0.09415034,0.1842488,223.87251,55.297226,-4.6090508,0.004964205807844735,0.028393706131491326,0.007703675151989192,1084.2004723842788,970.92126,113.27920773584128,-268.00305,268.00305,14706.919613843358,5269.224574513477,1.1030543303035063e-06,0.0007841281790843552,22.24474431520849,0.8618699065129928,1426971378.2921312,0.4944033270448663,1.6304181831870587e-18,6.37958232637173e-05,-48.343258,11.233292,-37.109966,True,-2037932.905448837,1202,0.03611111111111111,805261.4635615465,3582198.121017966,803744.6479685205,3582680.4458739986
558307,1074,1,2019-03-20 01:56:27,2019-03-20 01:58:36,0 days 00:02:09,132.2404541205816,32.334373755804734,10927.285861130298,228.92410335080407,True,242.84668713256082,-0.30975344872604726,-0.95081691245072,225.15383103158013,88.2608265367877,886.4227731157206,222.59511,0.00011918086,22892.410335080407,1.193777224704055,0.3582765482258003,9.983509478824942e-05,20949172329012.637,2.0543749690759053e-05,57.271835,-4.522179,-0.09449494,0.18415199,223.87297,55.299725,-4.600665,0.004964803355831009,0.028422177822918393,0.007722242876018408,1084.1915775363675,970.8387,113.35289345433625,-267.92154,267.92154,14580.069067247845,5223.696818307321,1.1007219349752382e-06,0.0007820406899828258,22.140801208002,0.8616896619200658,1436836288.798667,0.49398196929773774,1.6332958960175661e-18,6.422416095396354e-05,-48.29496,11.196993,-37.09797,True,-2025004.2898824262,1202,0.035833333333333335,805032.3016587968,3582116.0852002595,803512.1352474863,3582599.3166905153
558308,1075,1,2019-03-20 01:56:28,2019-03-20 01:58:36,0 days 00:02:08,132.23799659079248,32.33369726325468,10927.36640752481,228.9212020456609,True,243.0026334048726,-0.309639345502855,-0.9508540769837208,223.6818759205675,88.01084144678471,876.2052961643456,222.59563,0.0001191863,22892.12020456609,1.1937395759658018,0.3582711752476537,9.984279647283376e-05,20899231691167.11,2.0556040317626866e-05,57.27401,-4.5144916,-0.094840534,0.18405741,223.87344,55.302216,-4.5922832,0.0049651691048492805,0.028450551625991735,0.007736117428157807,1084.1826816077237,970.7565,113.42621188116118,-267.84,267.84,14448.347459951176,5176.42642486316,1.0984840286946227e-06,0.0007800388649767017,22.03753614805666,0.8615330567627209,1446479034.9966938,0.4936175309620675,1.6372892788607416e-18,6.469440242924715e-05,-48.252266,11.162806,-37.089462,True,-2012642.0171071838,1202,0.035555555555555556,804803.1325326589,3582034.0396282123,803279.6167868064,3582518.1832385864
558309,1076,1,2019-03-20 01:56:29,2019-03-20 01:58:36,0 days 00:02:07,132.23553740555712,32.33302058573541,10927.203959610028,228.9270534985115,True,244.5560433381252,-0.29633068297350923,-0.9550854026360437,221.4395847337177,88.45228602507834,829.7174141586148,222.59776,0.00011921933,22892.70534985115,1.1937850212147991,0.3582768942344666,9.986666632068383e-05,696664883675.4777,1.7779382927710205e-05,57.27373,-4.5068974,-0.09517452,0.18399368,223.87555,55.30219,-4.5839972,0.0049653661688239484,0.02838778455623209,0.00734627528124015,1084.1737739845955,970.67456,113.49921343772053,-267.75836,267.75836,14473.177465861483,5185.40507217312,3.2539122408399173e-06,0.003064388828659142,22.21005447736931,0.9364682202016202,48134895.417314656,0.20365122142835637,5.634190333201911e-17,6.721561493028531e-05,-19.262415,11.263381,-7.999034,True,-432489.51747350884,1202,0.035277777777777776,804573.8048620268,3581951.974320708,803046.9733595133,3582437.025648616
558310,1077,1,2019-03-20 01:56:30,2019-03-20 01:58:36,0 days 00:02:06,132.23305150433646,32.33236885143258,10927.03883598067,228.93300145602146,True,244.5829847007019,-0.29636232399595325,-0.9550755849228466,221.03785278732713,88.66564433654975,828.3080849646967,222.59987,0.00011925119,22893.300145602145,1.1938234672567265,0.35828280794838524,9.98901387528487e-05,694606825245.0913,1.7782456883553248e-05,57.27342,-4.499191,-0.09551403,0.18394093,223.87764,55.302135,-4.5756044,0.004965446663633486,0.028355437591692303,0.0073481905386217575,1084.1643747385028,970.5926,113.57178440647158,-267.67596,267.67596,14486.06697779057,5190.108752931184,3.258295062944975e-06,0.0030695647498157107,22.29190085189389,0.9369032533950108,47949994.039792396,0.2041687274616898,5.653885256717863e-17,6.7439733583111e-05,-19.30775,11.294109,-8.013641,True,-432561.0633398014,1202,0.035,804341.874290844,3581872.6053128154,802811.6796583362,3582358.583066052
558311,1078,1,2019-03-20 01:56:31,2019-03-20 01:58:36,0 days 00:02:05,132.23056537285322,32.33171697577102,10926.855056918695,228.93962155244608,True,244.5882924071813,-0.2964169715944738,-0.9550586259234356,220.64341786729517,88.88120969018593,826.9402771485812,222.60211,0.00011928509,22893.962155244608,1.19386502415968,0.35828955441344534,9.99150557753934e-05,692571428558.728,1.7786031662727475e-05,57.272915,-4.4914927,-0.09585348,0.18389271,223.87985,55.301888,-4.5672193,0.00496563891957635,0.028322968931513433,0.007350725871892565,1084.154973166481,970.511,113.64398683835611,-267.59354,267.59354,14499.656233908247,5195.075371195121,3.26274249413112e-06,0.0030748167954458886,22.374775659858,0.9373347262064641,47764679.20247044,0.2046814189043885,5.673708210452647e-17,6.766472541869343e-05,-19.352613,11.32469,-8.027924,True,-432590.0917211366,1202,0.034722222222222224,804109.9193441232,3581793.225585232,802576.378935995,3582280.1716868286
558312,1079,1,2019-03-20 01:56:32,2019-03-20 01:58:36,0 days 00:02:04,132.2280792494813,32.33106496576614,10926.670015307078,228.94628728509426,True,244.65777988380174,-0.2964020190975532,-0.9550632665299685,220.22802899041147,89.09950790358221,825.3266485569131,222.60435,0.00011931903,22894.628728509426,1.1939067547381215,0.3582963721621846,9.993999309070675e-05,690339494479.145,1.7789522278998304e-05,57.272404,-4.4837966,-0.09619375,0.18384694,223.8821,55.30163,-4.558836,0.00496559944039376,0.028290309429301965,0.0073511993145543115,1084.1455708437009,970.4296,113.7159443788571,-267.51105,267.51105,14512.589420380576,5199.808140001662,3.2674602532941938e-06,0.00308039161666778,22.458891058530828,0.9378033174536038,47568319.786521025,0.2051831778985151,5.695364324017493e-17,6.790231683393944e-05,-19.39637,11.355318,-8.041052,True,-432628.2859101622,1202,0.034444444444444444,803877.9624465671,3581713.836594683,802341.1151885401,3582201.859384978
558313,1080,1,2019-03-20 01:56:33,2019-03-20 01:58:36,0 days 00:02:03,132.22559242523948,32.33041280331341,10926.546548917588,228.9507349880232,True,233.99057109301262,-0.3220399129092693,-0.9467260926442189,222.72818079311494,88.9599259008183,904.2248224760261,222.6062,0.000119345845,22895.07349880232,1.1939237926225612,0.3583003757384242,9.996102386160707e-05,15356817139790.863,1.9580745318427078e-05,57.272514,-4.476076,-0.09653835,0.18379611,223.8839,55.302013,-4.5504274,0.004965921282286559,0.028304313320904023,0.008098267873500873,1084.1361630485778,970.34875,113.78740816576533,-267.4285,267.4285,14487.607381796668,5190.915168448514,1.1988678965982787e-06,0.0008708631001300148,22.39966112347697,0.8646046588883897,1059996777.5967159,0.47911525580614794,2.17137954558434e-18,6.5588464500243e-05,-46.731186,11.655158,-35.076027,True,-1822535.208328638,1202,0.034166666666666665,803645.9368862058,3581634.434320246,802105.773499303,3582123.539152436
558314,1081,1,2019-03-20 01:56:34,2019-03-20 01:58:36,0 days 00:02:02,132.22323480743978,32.32973512826438,10926.62893513496,228.94776713271648,True,234.08232997783762,-0.3219868935018001,-0.9467441261571473,221.52032571138534,88.82923743640745,895.7777532688071,222.6067,0.000119351134,22894.776713271647,1.1938871050341318,0.3582949207271079,9.996852620420726e-05,15284461858947.314,1.9574809768212986e-05,57.27468,-4.468743,-0.09687507,0.18370958,223.88435,55.304485,-4.542416,0.004966287313708335,0.028316758524943104,0.0081094750076853,1084.1279634091409,970.27185,113.85611282320338,-267.3498,267.3498,14393.341063659407,5157.060995402074,1.198019554784869e-06,0.0008700879026278507,22.343716126304752,0.8645202903879562,1061912018.2969767,0.4781943334693074,2.1805657553575923e-18,6.601081034940516e-05,-46.633827,11.619997,-35.013832,True,-1810114.2882280846,1202,0.03388888888888889,803426.1620434636,3581552.574189033,801882.8497467954,3582042.709072052
558315,1082,1,2019-03-20 01:56:35,2019-03-20 01:58:36,0 days 00:02:01,132.22087623769545,32.32905729902647,10926.640503443348,228.94735040209036,True,234.08675926516145,-0.32204105672151295,-0.9467257035623843,220.36134600165224,88.69823451337793,887.6861111758298,222.60768,0.000119364406,22894.735040209038,1.193873423362322,0.35829269154785914,9.998078804283157e-05,15289838525675.49,1.958611710037341e-05,57.27613,-4.461436,-0.09720907,0.18363367,223.88527,55.30623,-4.5344315,0.004966753460905408,0.02832944070301298,0.008123832103330246,1084.1197567655956,970.19525,113.92450530075189,-267.271,267.271,14302.050353548384,5124.320115825861,1.195568833104522e-06,0.0008678446962650311,22.28783847078928,0.8643787440746492,1069066193.1477561,0.4772344026147485,2.1798807722465863e-18,6.64183996570112e-05,-46.533585,11.570675,-34.96291,True,-1798062.4732517567,1202,0.03361111111111111,803206.2949161206,3581470.699320325,801659.8421632315,3581961.8617850263
558316,1083,1,2019-03-20 01:56:36,2019-03-20 01:58:36,0 days 00:02:00,132.21851768688555,32.32837934294525,10926.659545779812,228.94666443236554,True,233.89646343861372,-0.3223355599343398,-0.9466254733535411,219.29026541545576,88.54431712225411,880.1760288558917,222.6086,0.0001193767,22894.666443236554,1.1938556770927087,0.3582901286528785,9.999257393509536e-05,21156966919437.883,2.068441095228466e-05,57.277657,-4.454129,-0.09754446,0.18355896,223.88614,55.30805,-4.5264473,0.004967105070485331,0.028345193187307015,0.008145973662377584,1084.1115495523422,970.119,113.99253099765474,-267.19214,267.19214,14211.905961827193,5091.985615465676,1.0902840479494577e-06,0.0007726761821078195,22.222903840980074,0.8612265343841372,1488679067.8368504,0.5009228284288927,1.6242930109548065e-18,6.671738799631225e-05,-48.91317,11.192692,-37.720478,True,-1931606.5748894499,1202,0.03333333333333333,802986.4268485605,3581388.815503036,801436.832275803,3581881.0060990807
558317,1084,1,2019-03-20 01:56:37,2019-03-20 01:58:36,0 days 00:01:59,132.21616132130237,32.32770131877254,10926.846936156464,228.9399140824307,True,244.65979172488417,-0.3308078797509409,-0.9436981226508226,218.363429910405,88.09905684756188,891.883183004962,222.60841,0.0001193696,22893.99140824307,1.193777558116814,0.35827987131881683,9.999316867138991e-05,21078268022326.93,2.069346101221843e-05,57.28088,-4.446771,-0.09788973,0.18346566,223.88588,55.311615,-4.5184097,0.004967725889466408,0.028398994913284306,0.008414102839988984,1084.1033561612205,970.0433,114.06008223543927,-267.1133,267.1133,14031.541322430861,5027.21881940519,1.0871497031299017e-06,0.0007698827184267073,22.041720349093485,0.8608748769843355,1502206175.2140622,0.4979823431063399,1.6298129130950767e-18,6.70751170249979e-05,-48.618343,11.095869,-37.522476,True,-2001460.7485918598,1202,0.03305555555555555,802766.7616692861,3581306.9353846996,801214.0038024016,3581800.160878266
558318,1085,1,2019-03-20 01:56:38,2019-03-20 01:58:36,0 days 00:01:58,132.21370416313687,32.326973451798956,10926.971951359494,228.9354107584713,True,244.6910468687905,-0.3308295660218761,-0.9436905203750736,216.83344687336788,87.79704109177395,880.498761202155,222.60872,0.000119371085,22893.54107584713,1.1937246607091967,0.3582723420016575,9.999884307435603e-05,21030899819964.656,2.070495766091976e-05,57.28355,-4.4391494,-0.09824649,0.18337347,223.88611,55.31462,-4.5100718,0.004968333109426908,0.028434117205905156,0.008434830033435658,1084.095063075961,969.9644,114.13064657205473,-267.0309,267.0309,13890.723625292858,4976.662085331426,1.084506685156516e-06,0.000767527365183959,21.917928641007087,0.8606758023945569,1514024782.8176959,0.49773255282796863,1.633327689697317e-18,6.758940653288818e-05,-48.58745,11.060587,-37.526863,True,-1987985.623713111,1202,0.03277777777777778,802537.7664623896,3581219.2465557386,800981.7281430992,3581713.546606756
558319,1086,1,2019-03-20 01:56:39,2019-03-20 01:58:36,0 days 00:01:57,132.21124673053998,32.32624544409267,10927.078568434705,228.93157023241605,True,244.70234085981147,-0.33087544043368106,-0.9436744369314121,215.31764434731528,87.49577945814882,869.2686084757332,222.60913,0.000119374556,22893.157023241605,1.1936770602495925,0.3582656528391125,0.00010000573825810905,20984673338275.97,2.0717240644240454e-05,57.286034,-4.4315376,-0.09860342,0.18328576,223.88644,55.317436,-4.5017433,0.004968935301917839,0.02846938836942495,0.00845633468570525,1084.0867673335056,969.88605,114.20071997022433,-266.9485,266.9485,13751.472843581043,4926.680395804889,1.0818707539676924e-06,0.0007651793232229878,21.794772786764337,0.8604778187198535,1525994602.6851416,0.4975569630536833,1.6368339776095261e-18,6.810632707799942e-05,-48.56391,11.026956,-37.536957,True,-1974778.1163339028,1202,0.0325,802308.7423479964,3581131.546845748,800749.4253374654,3581626.9210707797
558320,1087,1,2019-03-20 01:56:40,2019-03-20 01:58:36,0 days 00:01:56,132.20878924616062,32.32551730183306,10927.18418532379,228.92776578618174,True,244.86666818114932,-0.3307353016084067,-0.9437235613621164,213.7141546885729,87.19575513583192,857.587467447217,222.60956,0.00011937798,22892.776578618174,1.1936284694361659,0.35825902016480154,0.00010001268039832918,20925015196393.53,2.0730289595414177e-05,57.288506,-4.4239297,-0.09896143,0.18320043,223.8868,55.320244,-4.493419,0.004969538281196435,0.028504638338343154,0.008472489103921501,1084.0784704110115,969.8081,114.2703649422615,-266.86597,266.86597,13607.865739656938,4875.140646423667,1.0793350087687933e-06,0.0007629218748943635,21.672360758960576,0.860284261711547,1537714700.9477375,0.4974341437925125,1.6415058660738681e-18,6.866955105546515e-05,-48.54556,10.995343,-37.550217,True,-1962148.7465694153,1202,0.03222222222222222,802079.7102737946,3581043.8375704624,800517.1143414081,3581540.2861839803
558321,1088,1,2019-03-20 01:56:41,2019-03-20 01:58:36,0 days 00:01:55,132.20633000344606,32.32478897923114,10927.040323837027,228.9329478610351,True,241.5494256122521,-0.2892705675463806,-0.9572473759438545,208.79748223315025,87.57610453389246,734.0594770232319,222.6116,0.00011940993,22893.29478610351,1.1936728932469682,0.3582638446863135,0.00010003572338242277,693774399595.0662,1.7772201855370925e-05,57.288467,-4.4164076,-0.099306926,0.1831484,223.88882,55.320477,-4.4851823,0.004969623898988687,0.028449102519715816,0.00727335154720829,1084.0701609584967,969.73047,114.33969220849667,-266.78333,266.78333,13600.76881602214,4872.663726717812,3.191125033901178e-06,0.002989985368665214,21.819249943614466,0.9333710343153626,51009939.87764704,0.20241653834115175,5.62643241045441e-17,7.204602928948519e-05,-19.12135,10.966698,-8.154652,True,-410239.12550539756,1202,0.03194444444444444,801850.5096600428,3580956.1088363132,800284.6681655612,3581453.621316182
558322,1089,1,2019-03-20 01:56:42,2019-03-20 01:58:36,0 days 00:01:54,132.20386932935816,32.32416059382079,10926.891672402764,228.93830257570826,True,241.55468272640047,-0.28932527438267086,-0.9572308423799308,208.2282756498087,87.72754199122483,731.3548289279488,222.61359,0.00011943766,22893.830257570826,1.1936823695649788,0.35826902688916323,0.00010005815875118022,692102200808.5836,1.7772258481425586e-05,57.288303,-4.4087825,-0.099655576,0.1831259,223.89078,55.320583,-4.4768825,0.00496982368743744,0.028424539348789465,0.007277920877513494,1084.0606252522118,969.65405,114.40657251783682,-266.70132,266.70132,13591.335948497079,4869.354704391751,3.1929732915443317e-06,0.0029921449335027156,21.87587119294012,0.9336241144283517,50922308.405239284,0.20288321121293565,5.640932590183842e-17,7.236715705993989e-05,-19.162598,10.98835,-8.174248,True,-410118.38213914866,1202,0.03166666666666667,801620.8388991812,3580879.466902785,800051.710120884,3581378.0523479437
558323,1090,1,2019-03-20 01:56:43,2019-03-20 01:58:36,0 days 00:01:53,132.20140866130282,32.32353207589815,10926.742159182171,228.9436884359058,True,241.89342442112599,-0.2890240687529576,-0.9573218307766127,207.490005304444,87.88081150895532,727.6080032124712,222.61555,0.00011946539,22894.368843590582,1.1936974817731907,0.3582742796401136,0.00010008012124598282,689461374913.305,1.7771783439843547e-05,57.288136,-4.40116,-0.10000505,0.18310568,223.89275,55.320683,-4.4685845,0.004969791708984986,0.028399851840020866,0.007272243398526968,1084.0510888209712,969.57794,114.47314692644,-266.61926,266.61926,13571.955748878874,4862.482669237077,3.1955115940397407e-06,0.0029951192806512905,21.933310744881453,0.9339326778472391,50800443.77320187,0.20337852808756401,5.663596996667863e-17,7.277452802783324e-05,-19.206432,11.013116,-8.193316,True,-410194.36425000353,1202,0.03138888888888889,801391.1661337995,3580802.815782752,799818.7500373614,3581302.474485579
558324,1091,1,2019-03-20 01:56:44,2019-03-20 01:58:36,0 days 00:01:52,132.19894432936434,32.322903332762074,10926.285376439944,228.96014358952053,True,241.8227662440864,-0.289158075610497,-0.957281362666815,206.96513026598876,88.03601011370446,725.0957961574287,222.61955,0.00011952837,22896.014358952052,1.1938197089617455,0.358293591110232,0.00010012263032576871,687781581648.2815,1.7787121599107978e-05,57.28487,-4.393632,-0.100338615,0.18312643,223.89676,55.31761,-4.460383,0.004969577244894196,0.028376011478801377,0.007279268561785755,1084.0415271776692,969.5021,114.5394519823567,-266.53702,266.53702,13565.659214937825,4860.488755897684,3.1985934491396605e-06,0.002998699579442487,21.99237106061849,0.9342698301903284,50700196.042882375,0.20406194268460517,5.683946774454195e-17,7.308885570082618e-05,-19.268095,11.048494,-8.219601,True,-410358.16603749397,1202,0.03111111111111111,801161.1460150527,3580726.1348637133,799585.4821117093,3581226.854404676
558325,1092,1,2019-03-20 01:56:45,2019-03-20 01:58:36,0 days 00:01:51,132.1964808358536,32.322274481191684,10925.999009806726,228.9704601570901,True,238.56361011871965,-0.3165171480869718,-0.9485867883155922,208.6649732956133,87.6568269275428,795.2164424372213,222.62244,0.000119571676,22897.04601570901,1.1938780492235939,0.3583050919165571,0.00010015401152024989,21095344525921.285,2.084346248180592e-05,57.283325,-4.3860483,-0.10068243,0.18312813,223.89964,55.316307,-4.4521246,0.0049695157385775705,0.028422891739977835,0.008086075153264562,1084.031970320392,969.4266,114.60539561336077,-266.4548,266.4548,13468.7367564634,4825.916961524529,1.074735795948711e-06,0.0007587855538756296,21.83935220233861,0.8604879478107572,1566245217.1543121,0.5092203660745586,1.6354432435937587e-18,7.08113840962654e-05,-49.66892,11.166969,-38.50195,True,-1913852.5611396497,1202,0.030833333333333334,800931.2022058,3580649.4497858672,799352.2666739633,3581151.237853184
558326,1093,1,2019-03-20 01:56:46,2019-03-20 01:58:36,0 days 00:01:50,132.19407263369283,32.321595409738066,10926.050113592559,228.9686190782081,True,238.5719283398844,-0.3165668831905566,-0.9485701916395097,207.34911452944115,87.45133719167875,786.2004731315367,222.62314,0.00011957877,22896.86190782081,1.1938371308310183,0.35830109390225956,0.0001001633865007612,21069919585535.855,2.085696899279203e-05,57.285202,-4.3785906,-0.10103693,0.18307362,223.9003,55.3185,-4.443978,0.004969875468015061,0.028445579701270006,0.008103355185803945,1084.0234069397784,969.3528,114.6706237366534,-266.3739,266.3739,13357.427661272879,4785.980942754373,1.0724254516699844e-06,0.0007567309872906322,21.754429463523827,0.8603455353117819,1577393501.1921318,0.509688876186661,1.6375432226146638e-18,7.133070496124466e-05,-49.7089,11.1493025,-38.559597,True,-1904741.516827901,1202,0.030555555555555555,800706.6293272924,3580567.355090065,799124.4723984052,3581070.197879674
558327,1094,1,2019-03-20 01:56:47,2019-03-20 01:58:36,0 days 00:01:49,132.1916644077627,32.32091620790343,10926.101989892131,228.96675018079623,True,239.3852210987008,-0.31565381893826283,-0.9488744208743802,205.62397576015394,87.24297379712154,774.5687861677375,222.62386,0.00011958564,22896.675018079623,1.1937892301791733,0.3582970085782358,0.00010017315907635264,21642319733173.15,2.0873344736970376e-05,57.287086,-4.3711357,-0.101392485,0.18302111,223.90096,55.320705,-4.4358344,0.0049703503310010435,0.02846869487611895,0.008093072436702563,1084.0148426491398,969.2793,114.73554577413984,-266.2929,266.2929,13222.22769766311,4737.484630812986,1.05956117280146e-06,0.0007453115177333251,21.668481576219747,0.8598964849527402,1636813419.64775,0.5164824668318888,1.5904687167856246e-18,7.204469888119589e-05,-50.375923,11.167642,-39.208282,True,-1927629.794313051,1202,0.03027777777777778,800482.051427213,3580485.2511432217,798896.6724773411,3580989.1488285777
558328,1095,1,2019-03-20 01:56:48,2019-03-20 01:58:36,0 days 00:01:48,132.1892472262548,32.32023665926499,10925.379699293708,228.99277255888214,True,239.3460988356783,-0.31575775064315104,-0.9488398404940519,204.34380900818533,87.04043226238149,765.8910196476526,222.62964,0.00011968162,22899.277255888213,1.1940251820679526,0.3583284205574549,0.0001002337510871777,20947654905378.26,2.092426210697003e-05,57.28117,-4.3639083,-0.10170606,0.18307003,223.9068,55.31492,-4.4279227,0.004969731109976578,0.02849387784584675,0.00811266047327937,1084.006217709562,969.20605,114.80016302206195,-266.21164,266.21164,13114.180209263737,4699.183481291308,1.0691198659114439e-06,0.0007537704054519646,21.587066851457653,0.8601703500285045,1597328584.1063118,0.5111740481837244,1.6511654537346349e-18,7.258218500008063e-05,-49.842106,11.136031,-38.706074,True,-1890473.225801911,1202,0.03,800256.6279461168,3580403.0888765985,798668.1282712268,3580908.009598086
558329,1096,1,2019-03-20 01:56:49,2019-03-20 01:58:36,0 days 00:01:47,132.1868305450452,32.319556997719694,10924.689417077027,229.01764399051967,True,243.9012985271904,-0.3211570575288314,-0.9470259470571136,203.72062315513216,86.77861556050777,770.3641332597794,222.63521,0.00011977389,22901.76439905197,1.194249674361954,0.3583583804136943,0.00010029216828023643,20976187523055.46,2.097143304506617e-05,57.27558,-4.35667,-0.10202208,0.18311773,223.91245,55.309464,-4.419999,0.004969003442679139,0.02852715749601427,0.00828720854260159,1083.9975952916861,969.13306,114.86453865106114,-266.1303,266.1303,13013.722302799692,4663.576447584869,1.0667293282010466e-06,0.0007516254698210995,21.482456166742065,0.8600486683662967,1611851477.6162677,0.5113133754891351,1.6517650933509028e-18,7.283843030881915e-05,-49.85003,11.109644,-38.740387,True,-1922315.3383254204,1202,0.029722222222222223,800031.2487330139,3580320.920805268,798439.6244406038,3580826.865935404
558330,1097,1,2019-03-20 01:56:50,2019-03-20 01:58:36,0 days 00:01:46,132.18437258678682,32.31885255502417,10924.755075415818,229.01527817285591,True,243.91637259951537,-0.3211985895761589,-0.9470118616228027,202.34333315860454,86.54532857118615,760.9022085256319,222.63585,0.000119779645,22901.52781728559,1.1942017519349664,0.35835364898826194,0.00010030101228550402,20943959058191.816,2.098512210538848e-05,57.277645,-4.3490725,-0.10238833,0.18306705,223.91304,55.31186,-4.411694,0.00496936592025321,0.028553810007744342,0.008305825694302178,1083.9889831466076,969.05927,114.9297180098888,-266.04742,266.04742,12896.117803664461,4621.37087272565,1.0642782807434632e-06,0.0007494505674881018,21.387071808922528,0.8598962881106205,1624051468.5931716,0.511869903464006,1.654376146249047e-18,7.340570519892136e-05,-49.898693,11.092243,-38.80645,True,-1912746.4027198239,1202,0.029444444444444443,799802.0601801146,3580235.8936314485,798207.1493105631,3580742.9158619484
558331,1098,1,2019-03-20 01:56:51,2019-03-20 01:58:36,0 days 00:01:45,132.18191453226746,32.31814797768082,10924.807539459467,229.01338778955423,True,245.26796574709763,-0.3196496080909246,-0.9475358188729955,200.35270437862724,86.35049940830832,747.6272064657638,222.6366,0.0001197868,22901.33877895542,1.1941517751765351,0.35834948630016117,0.00010031119942088247,11982384661064.156,1.953313758633328e-05,57.279575,-4.3414826,-0.102754906,0.18302028,223.91371,55.314125,-4.403396,0.004969956843148395,0.02857526082006217,0.008277043796711757,1083.9803695299174,968.9858,114.99459072132368,-265.9645,265.9645,12750.006529040946,4568.958290005524,1.2469891271453213e-06,0.0009150408453419012,21.306882475692934,0.8650818904659429,939794394.1261237,0.48405502035599224,2.8047571670300798e-18,7.44410841792872e-05,-47.06133,12.032861,-35.02847,True,-1714993.6225247565,1202,0.029166666666666667,799572.8595965417,3580150.856752928,797974.6635743959,3580658.955709241
558332,1099,1,2019-03-20 01:56:52,2019-03-20 01:58:36,0 days 00:01:44,132.17944154252706,32.31744292209788,10923.526956040638,229.05953335387684,True,245.38949918394383,-0.3195628000063292,-0.9475650990048732,198.9327871379992,86.11502316680108,738.0844057109446,222.64606,0.0001199478,22905.953335387683,1.1945945444992885,0.3584064674049573,0.00010040879543686239,12144251196043.129,1.9419309947090127e-05,57.268085,-4.3342648,-0.103047274,0.18314964,223.92336,55.302628,-4.3954773,0.004968290696094755,0.028607380105654435,0.008293596826952812,1083.9716549477823,968.91235,115.05930143215733,-265.88104,265.88104,12630.25380581822,4526.764648971326,1.2351821515975498e-06,0.0009040901605885334,21.21465297164932,0.8648005060948364,961520756.6493074,0.47583154492633795,2.7447420734951557e-18,7.506102322163962e-05,-46.255688,11.733601,-34.522087,True,-1679015.4546910864,1202,0.028888888888888888,799342.2504162382,3580065.730550608,797740.9488865229,3580574.8491904126
558333,1100,1,2019-03-20 01:56:53,2019-03-20 01:58:36,0 days 00:01:43,132.17696728329406,32.31673771243325,10922.017322160098,229.11394237451776,True,243.30182816467243,-0.31077865008794936,-0.9504823147484186,197.88059325575284,86.48364180367805,711.6858217572128,222.65703,0.000120135344,22911.394237451776,1.1951184158249637,0.3584739409203093,0.00010052170792561782,688390763838.394,1.797725148142273e-05,57.254288,-4.3271074,-0.10332694,0.18331261,223.93452,55.288773,-4.38762,0.00496645922128522,0.028557350393537934,0.008035544694420587,1083.962930905718,968.83923,115.12369750728044,-265.7975,265.7975,12675.21307168553,4543.733581811731,3.1377214814391027e-06,0.0029264290829625426,21.35924262369856,0.9299724967852186,54309995.4174461,0.19924941896074164,5.712831006985703e-17,7.721361160302823e-05,-18.797752,10.589515,-8.208238,True,-393899.5706626753,1202,0.02861111111111111,799111.5187373743,3579980.5892753694,797507.1474789443,3580490.716534254
558334,1101,1,2019-03-20 01:56:54,2019-03-20 01:58:36,0 days 00:01:42,132.1745064942877,32.31605770908411,10921.80724926845,229.12151448355678,True,243.30679894347222,-0.3108319498006838,-0.9504648857180918,197.43098751729153,86.74475368512313,709.8396463594174,222.65947,0.0001201715,22912.15144835568,1.1951570602205768,0.3584818445997077,0.00010054870825370033,685997083914.8896,1.7978703876302495e-05,57.253563,-4.319563,-0.103681445,0.18331467,223.93694,55.28832,-4.3793783,0.004966645351577767,0.028517505995184655,0.008035449457444784,1083.953992502347,968.7671,115.18690265859709,-265.7145,265.7145,12689.845954527225,4549.079385465058,3.142682883316583e-06,0.0029322307301797934,21.458431684572957,0.9304657994799364,54058740.064543776,0.20021409850341562,5.735651700688433e-17,7.757386097716537e-05,-18.885916,10.643458,-8.242457,True,-394655.7947398748,1202,0.028333333333333332,798881.9695185667,3579898.2871118234,797274.3440565378,3580409.480648883
558335,1102,1,2019-03-20 01:56:55,2019-03-20 01:58:36,0 days 00:01:41,132.1720457186214,32.315377575225384,10921.595672712481,229.12914099722337,True,245.20001403812975,-0.3087119457293112,-0.9511555785275209,196.09430752738183,87.00946560606786,702.4988537982438,222.6619,0.00012020773,22912.914099722337,1.1951966609837086,0.35848987704445534,0.00010057569332184245,678310214550.3806,1.7974559020497455e-05,57.252827,-4.312021,-0.104036786,0.18331933,223.93936,55.287846,-4.371138,0.004966600507392513,0.028477458395704595,0.007972815316196175,1083.9450533580175,968.69525,115.24980189317375,-265.63147,265.63147,12652.704092009992,4535.866334224539,3.151210368618599e-06,0.00294222919354968,21.559278796272267,0.9311573754740234,53609901.06286641,0.2013732809342492,5.803470781683572e-17,7.8432503469511e-05,-18.991837,10.715799,-8.276037,True,-396666.04796364874,1202,0.028055555555555556,798652.4187018366,3579815.9760150043,797041.539111951,3580328.2359377537
558336,1103,1,2019-03-20 01:56:56,2019-03-20 01:58:36,0 days 00:01:40,132.16956410744586,32.31469684988553,10919.431537673838,229.207161470953,True,245.14210672823305,-0.30883063924229176,-0.9511170465643004,195.6935831915063,87.27995680327192,700.9461875089094,222.67712,0.00012046999,22920.7161470953,1.195950989944967,0.3585874225187051,0.00010073154206442588,674629838237.0552,1.8072876437084568e-05,57.232426,-4.3049946,-0.10428085,0.18358536,223.9549,55.26723,-4.363425,0.004963816998004233,0.02844371255692122,0.007976401812946062,1083.9359733457636,968.6233,115.31268233013861,-265.54773,265.54773,12671.126268562864,4543.706509053015,3.164496988091754e-06,0.002957609758895228,21.667825352866412,0.9322105038144597,53241505.446190335,0.20384795973626615,5.874553791400752e-17,7.881487651011747e-05,-19.222025,10.864117,-8.357908,True,-399714.2733072744,1202,0.027777777777777776,798420.9039742127,3579733.5467187706,796807.0333405285,3580246.789480242
558337,1104,1,2019-03-20 01:56:57,2019-03-20 01:58:36,0 days 00:01:39,132.16708319185113,32.31401602101691,10917.378666689909,229.28119058055134,True,235.3413103243594,-0.3217831288586429,-0.9468134018812483,196.40177931817874,87.16288912525326,729.3094179494951,222.69164,0.000120719546,22928.119058055134,1.1966610488147762,0.35867985046012024,0.00010088031664472393,12006065713134.979,1.9907956412802333e-05,57.213154,-4.2979255,-0.10453143,0.1838412,223.9697,55.247765,-4.3556676,0.004961173252235369,0.02846202604464063,0.008363266101271572,1083.9268969971295,968.5517,115.37520021978571,-265.46396,265.46396,12640.207588069312,4533.787767473578,1.2508629684766836e-06,0.0009183434460109493,21.623652119845048,0.8662214142240832,949831371.7938557,0.500913368312893,2.8570000978502577e-18,7.697083813265257e-05,-48.6695,12.405669,-36.26383,True,-1669778.5785096206,1202,0.0275,798189.4517932062,3579651.113474703,796572.5753768564,3580165.3438189765
558338,1105,1,2019-03-20 01:56:58,2019-03-20 01:58:36,0 days 00:01:38,132.1647122074761,32.3133349866262,10916.147308453228,229.32560419581247,True,235.3251887028963,-0.321858947657772,-0.946787630787724,195.02400741142952,86.92464925232747,719.9180553619948,222.70074,0.00012087479,22932.56041958125,1.1970773513416948,0.35873466409946664,0.0001009749223748811,12000711492805.617,1.9977964351546902e-05,57.202118,-4.2909765,-0.10481422,0.1839855,223.97896,55.236732,-4.348042,0.004959750318427325,0.028493931450543422,0.008384188546577426,1083.9185892438713,968.4835,115.43506873605884,-265.3836,265.3836,12522.448880338909,4492.23649279112,1.2486756279749707e-06,0.0009162741048804135,21.52971441373865,0.8662004505459606,958335834.1073004,0.5007259383607594,2.86731413357061e-18,7.761546912832089e-05,-48.64605,12.373496,-36.272552,True,-1658318.611026774,1202,0.02722222222222222,797968.3519115192,3579568.969073608,796348.5056975434,3580084.175714097
558339,1106,1,2019-03-20 01:56:59,2019-03-20 01:58:36,0 days 00:01:37,132.1623414679035,32.31265383844946,10914.915551907397,229.37003914713696,True,235.30891119685737,-0.3219350226538502,-0.946761765804294,193.64670649474658,86.6866421168679,710.5705263497235,222.70985,0.00012103012,22937.003914713696,1.1974953202874974,0.3587895066321711,0.0001010693885154777,11995327922552.084,2.0048322352277312e-05,57.191082,-4.2840223,-0.10509739,0.18413329,223.98824,55.2257,-4.3404117,0.004958211782622186,0.02852593722774801,0.008405166223778794,1083.9102823172998,968.41583,115.49444979776854,-265.30322,265.30322,12405.191568080007,4450.852562388995,1.2464754376361874e-06,0.000914194008013151,21.436026397792233,0.8661893920120826,966960313.0851643,0.5005384530480111,2.8776780538918675e-18,7.827117190867125e-05,-48.62267,12.341245,-36.281425,True,-1646842.5338501194,1202,0.026944444444444444,797747.27228305,3579486.8178488486,796124.4570872221,3580003.000645719
558340,1107,1,2019-03-20 01:57:00,2019-03-20 01:58:36,0 days 00:01:36,132.15997097491498,32.31197257641387,10913.683661642312,229.41448589493965,True,235.04709631009294,-0.322319076151917,-0.9466310860882262,192.38642814018436,86.44834348367053,701.990958932859,222.71898,0.00012118553,22941.448589493964,1.1979089953548117,0.3588443192819201,0.00010116421816699907,12002447677934.129,2.0118239885722993e-05,57.180046,-4.2770634,-0.10538097,0.1842845,223.9975,55.214672,-4.332776,0.004956903934322838,0.028558066882209462,0.008435086136441576,1083.9019762312255,968.34845,115.55352652419424,-265.22278,265.22278,12295.12542104535,4412.03591220085,1.2440383012443135e-06,0.0009118963089335896,21.342346076068868,0.8661506427367839,976195627.6907717,0.5002135630683716,2.884827552854291e-18,7.886933701382552e-05,-48.586025,12.303823,-36.282204,True,-1634311.733807434,1202,0.02666666666666667,797526.2130754205,3579404.65979559,795900.4296029961,3579921.818496722
558341,1108,1,2019-03-20 01:57:01,2019-03-20 01:58:36,0 days 00:01:35,132.15760345153888,32.31129125702008,10912.719769384656,229.44926810573514,True,248.8620568819966,-0.30433351098343847,-0.9525655432003055,188.6393484102437,85.72315668368175,644.1362091001323,222.72633,0.00012130982,22944.926810573514,1.1982273712786642,0.3588868835091161,0.0001012410708034107,11963941760685.457,2.018608350099999e-05,57.171715,-4.270033,-0.105680674,0.18440287,224.00497,55.206413,-4.325067,0.004955770838688239,0.028656524694546975,0.00795362143030968,1083.8936893444506,968.28156,115.6121341686694,-265.1424,265.1424,12038.367210736038,4320.412090799387,1.2380789346085477e-06,0.0009063594500159371,21.05813137597286,0.8660235467016895,993817645.8029784,0.4989358659397511,2.900476885990358e-18,8.044200715872637e-05,-48.458218,12.215253,-36.242966,True,-1694805.4059323072,1202,0.02638888888888889,797305.4306032532,3579322.5087428107,795676.6429414725,3579840.6549383085
558342,1109,1,2019-03-20 01:57:02,2019-03-20 01:58:36,0 days 00:01:34,132.155081103542,32.31061014850013,10911.251370547483,229.5022637269066,True,248.84106438453182,-0.3044132112865164,-0.9525400762142404,187.2981013705898,85.48896415722335,635.6829823709617,222.73701,0.00012149159,22950.22637269066,1.198711863716251,0.35895255896637007,0.00010135178751854243,11957325088285.387,2.0266830492314972e-05,57.158356,-4.262615,-0.1059742,0.18460232,224.01585,55.193024,-4.3169475,0.004953949690687409,0.0286891818985639,0.007974838812600372,1083.8843147021532,968.21075,115.67356030762198,-265.05704,265.05704,11924.601306454986,4280.366153605737,1.236113240194838e-06,0.0009044923104954106,20.967095527758648,0.8660422324544196,1002744224.3970611,0.4990908047970911,2.9128450832821643e-18,8.113413262416734e-05,-48.46807,12.192288,-36.275784,True,-1684086.9559968964,1202,0.026111111111111113,797070.0602265829,3579239.9564719284,795438.1212821656,3579759.137306541
558343,1110,1,2019-03-20 01:57:03,2019-03-20 01:58:36,0 days 00:01:33,132.1525590547111,32.309928919088755,10909.783059928022,229.55526607437983,True,248.87832705240666,-0.30442877813983854,-0.9525351012116482,185.9233616599472,85.25407529687514,627.1083939736194,222.7477,0.00012167343,22955.526607437983,1.1991948139191773,0.35901823864408205,0.00010146260593169947,11947752622473.46,2.0347744584082867e-05,57.145004,-4.255191,-0.10626804,0.18480565,224.02673,55.179638,-4.3088207,0.004952128793465249,0.028722127643743878,0.00799431357221863,1083.8749410921669,968.14044,115.73449919763561,-264.97165,264.97165,11809.121630401663,4239.690047680536,1.2341522502156677e-06,0.0009026305858650648,20.875981548999906,0.8660614583175418,1011739314.4393486,0.49924567309789963,2.925969456817417e-18,8.185943836761959e-05,-48.477978,12.16936,-36.308617,True,-1673455.2194421405,1202,0.025833333333333333,796834.7150607907,3579157.3974003554,795199.6259180509,3579677.61265644
558344,1111,1,2019-03-20 01:57:04,2019-03-20 01:58:36,0 days 00:01:32,132.15003666939958,32.30924755526553,10908.170458779825,229.61348836983575,True,249.07777954976618,-0.30426145421680384,-0.9525885614880517,184.80217018414825,85.4513786329303,620.622445713635,222.75932,0.00012187215,22961.348836983576,1.1997280188294066,0.35909053991562534,0.00010158315041545023,672517527433.6853,1.8603792026545245e-05,57.1302,-4.247797,-0.1065535,0.18503258,224.03857,55.16477,-4.300725,0.004950160803709878,0.028695296001728817,0.007991864177663973,1083.8655642319866,968.0705,115.79506862651783,-264.8862,264.8862,11773.73449335373,4227.836676041612,3.1226217117876047e-06,0.002907042233766333,20.95312754604566,0.9301573582367024,57120154.00154652,0.2045722917405859,6.050840612649502e-17,8.426901990005085e-05,-19.279852,10.730444,-8.549408,True,-392098.69215323485,1202,0.025555555555555557,796599.3352726263,3579074.828264902,794961.1180798328,3579596.0710266605
558345,1112,1,2019-03-20 01:57:05,2019-03-20 01:58:36,0 days 00:01:31,132.14751215169548,32.308566023329746,10906.386586940389,229.6779082517304,True,240.32548771341328,-0.31554794621691035,-0.9489096340739143,185.13630885881886,85.78882955360623,644.2355105706511,222.77208,0.00012209093,22967.79082517304,1.200320382910361,0.3591707263660403,0.00010171528727009566,667597236563.7264,1.8679907774648123e-05,57.113674,-4.240433,-0.10682911,0.18528718,224.05157,55.148132,-4.2926598,0.004947925614386009,0.028649821387032547,0.00831509358100446,1083.8561719630272,968.00085,115.85531747083974,-264.80063,264.80063,11799.162028199942,4237.913596179174,3.137025989937352e-06,0.0029237366637544305,21.08547573204772,0.9309013953938599,56580055.00459881,0.2063567615394494,6.128626886890712e-17,8.44361295654343e-05,-19.444056,10.845547,-8.598509,True,-381206.02683357126,1202,0.025277777777777777,796363.7517971271,3578992.2403573925,794722.4301666189,3579514.503079933
558346,1113,1,2019-03-20 01:57:06,2019-03-20 01:58:36,0 days 00:01:30,132.145085790532,32.30788405500664,10904.37694548235,229.75049874447333,True,240.2950078466124,-0.31563921725439836,-0.9488792781650524,184.565365922153,86.01544863851761,641.4474810370325,222.78632,0.00012233695,22975.049874447333,1.2009986233275338,0.3592612881628633,0.00010186268732246988,663817839206.2211,1.876956276862422e-05,57.09484,-4.233452,-0.107076004,0.18557067,224.0661,55.129124,-4.284994,0.004945294856231328,0.028620823427809097,0.008318903906711066,1083.8474693731841,967.9343,115.91314320130914,-264.71814,264.71814,11799.219439648301,4239.002775204347,3.1482581105560334e-06,0.002936693886519693,21.175566717663074,0.9318159534918675,56259470.60325267,0.20864342927484703,6.199917669538447e-17,8.496281144859962e-05,-19.656721,10.978339,-8.678382,True,-383534.398505701,1202,0.025,796137.412679885,3578909.8813745584,794493.1640286966,3579433.1077452884
558347,1114,1,2019-03-20 01:57:07,2019-03-20 01:58:36,0 days 00:01:29,132.14265983307405,32.30720197598502,10902.366330930941,229.8231429762248,True,240.21565988738072,-0.3157885997039577,-0.9488295738946029,184.0146514393329,86.24432754302762,638.7329909335075,222.80055,0.00012258325,22982.31429762248,1.2016757128342554,0.35935192241451874,0.00010201026088041802,660096921517.0642,1.88594202825485e-05,57.076,-4.226461,-0.10732289,0.18585867,224.08061,55.110104,-4.277319,0.004942779939039212,0.028591695987085428,0.008324324835902485,1083.8387685913128,967.8681,115.97066556396908,-264.63556,264.63556,11800.673906545344,4240.594854103918,3.1595833957563193e-06,0.0029497707441518205,21.266743740790975,0.9327298463112217,55937222.46243376,0.21090603283014495,6.27163766856081e-17,8.548549456625264e-05,-19.867023,11.110259,-8.756764,True,-385744.0851287318,1202,0.024722222222222222,795911.1087001839,3578827.516582127,794263.9346121625,3579351.7062900336
558348,1115,1,2019-03-20 01:57:08,2019-03-20 01:58:36,0 days 00:01:28,132.14023481171563,32.30651979662509,10900.481868475228,229.8912461712138,True,240.08377718112132,-0.3160036152239853,-0.9487579855607917,183.20212081735232,86.09258054503945,633.9080688869823,222.81396,0.00012281498,22989.12461712138,1.202303370746748,0.35943676230650584,0.00010214974077773822,7153904424826.946,2.0076097627727465e-05,57.05843,-4.219429,-0.10757754,0.1861335,224.09428,55.092392,-4.269602,0.004940407843938317,0.028614348659034932,0.008346707854916674,1083.8300732192677,967.8024,116.02764402004891,-264.553,264.553,11729.786560124092,4216.11650371737,1.4550020587023755e-06,0.001110272550490658,21.208761864341234,0.8738812719195668,609892122.7728856,0.5518565862906797,5.036241744670136e-18,8.45082177072603e-05,-53.44826,15.273635,-38.174625,True,-1674371.1221204228,1202,0.024444444444444446,795684.8899761281,3578745.1485969834,794034.7733367202,3579270.307203434
558349,1116,1,2019-03-20 01:57:09,2019-03-20 01:58:36,0 days 00:01:27,132.137811318432,32.3058375263522,10898.65508897224,229.9572803411421,True,240.2017189450901,-0.3159162840295415,-0.9487870685696376,181.99069777738356,85.96962819479705,626.3669447962991,222.827,0.00012304011,22995.72803411421,1.202910374891569,0.3595189720105869,0.00010228535135011216,11929391863939.822,2.0904966180142337e-05,57.041447,-4.212377,-0.1078357,0.18640448,224.10757,55.07528,-4.261864,0.0049380485701860264,0.028632923742947302,0.00835919579392144,1083.8213872891997,967.73706,116.08432674232472,-264.47043,264.47043,11640.798336896927,4185.087851463733,1.2405833061982172e-06,0.0009081507798961424,21.161955343902243,0.8675725302639289,1024791557.9920462,0.519807142854721,3.017636470730007e-18,8.509862586496286e-05,-50.446648,12.63498,-37.81167,True,-1646067.543491901,1202,0.024166666666666666,795458.8122429184,3578662.7800921286,793805.7471909798,3579188.909578183
558350,1117,1,2019-03-20 01:57:10,2019-03-20 01:58:36,0 days 00:01:26,132.13538659316634,32.305155113657115,10896.645957449966,230.02992388062887,True,240.1706493344548,-0.3160087789539438,-0.9487562656573274,180.53993907841905,85.68637895826116,616.958904123891,222.84123,0.0001232867,23002.99238806289,1.203579234380074,0.3596095721712139,0.00010243339497082658,11921425012143.303,2.101438137958663e-05,57.022625,-4.205357,-0.10808288,0.18670523,224.1221,55.056286,-4.254158,0.004935419664254539,0.028674343492704184,0.008383585028002714,1083.8126921052049,967.6722,116.14051192942361,-264.38776,264.38776,11514.973246543097,4140.894602752337,1.2386298920803048e-06,0.0009062756108689377,21.053148990153705,0.8676418767831745,1035297673.4637423,0.5203805879979361,3.034731918609051e-18,8.591931742016432e-05,-50.49784,12.620221,-37.87762,True,-1635524.6834051157,1202,0.02388888888888889,795232.6156668628,3578580.397732486,793576.6291648127,3579107.489458183
558351,1118,1,2019-03-20 01:57:11,2019-03-20 01:58:36,0 days 00:01:25,132.132962278552,32.30447258948315,10894.636518226382,230.10259713069902,True,240.13984107267893,-0.31610109171226514,-0.9487255134222513,179.08934994369343,85.40315742528132,607.6002666266206,222.85547,0.0001235335,23010.259713069903,1.204243300080001,0.3597002072022822,0.00010258183958016656,11913339640159.328,2.1123693749115996e-05,57.003807,-4.1983266,-0.10833009,0.18701042,224.13663,55.037296,-4.246442,0.004932791147404032,0.028715960256920102,0.008408052690116338,1083.8039987908949,967.60754,116.19645484558237,-264.30505,264.30505,11389.719105239477,4096.884322130432,1.2366421126784116e-06,0.0009043698081099918,20.94455791732493,0.867710800727832,1045973085.9103432,0.5209253414269525,3.0518344077269275e-18,8.675580408480021e-05,-50.546272,12.604465,-37.941807,True,-1624886.2478366205,1202,0.02361111111111111,795006.4548845934,3578498.00948456,793347.5485148499,3579026.0631875345
558352,1119,1,2019-03-20 01:57:12,2019-03-20 01:58:36,0 days 00:01:24,132.13053837181974,32.30378995353863,10892.626506863622,230.1753096708424,True,240.1153342172863,-0.31618590054227574,-0.9486972521823125,177.63707549870753,85.12042571490521,598.2819173279454,222.8697,0.0001237805,23017.53096708424,1.2049079046002837,0.3597908920709719,0.00010273025578203531,11904798515169.748,2.1233381114629078e-05,56.98498,-4.1912866,-0.10857731,0.18732008,224.15115,55.0183,-4.238715,0.004930162961065605,0.028757716374282604,0.008432389779202278,1083.7953073313245,967.5434,116.25191133523072,-264.22232,264.22232,11264.991764885504,4053.041436260308,1.2346392178908132e-06,0.0009024511419764284,20.83636565128211,0.8677800623297307,1056796024.6787404,0.5214649202209506,3.0691125569208793e-18,8.761024030843573e-05,-50.59426,12.588418,-38.005844,True,-1614208.867556893,1202,0.023333333333333334,794780.3296360441,3578415.615305542,793118.5051845617,3578944.630594584
558353,1120,1,2019-03-20 01:57:13,2019-03-20 01:58:36,0 days 00:01:23,132.1281148036379,32.303107204344215,10890.608104675643,230.24834447174638,True,245.66306423070213,-0.3203880298876361,-0.9472863929692641,176.4017786598557,84.85230131343931,597.4307896865084,222.88402,0.00012402867,23024.83444717464,1.2055689187368483,0.3598819372194138,0.00010287978038256055,11934654870225.754,2.134309603048451e-05,56.966076,-4.1842384,-0.10882406,0.18763535,224.16574,54.99922,-4.23098,0.004927648633768058,0.02879762578833958,0.0085757042953277,1083.7866172597357,967.4797,116.306941966767,-264.13956,264.13956,11140.501751966076,4009.2653520938247,1.2312648173618628e-06,0.0008992709239270107,20.734040138228757,0.8677645329377524,1071285219.9964446,0.5207988322243863,3.075591131497243e-18,8.838822336776358e-05,-50.525425,12.532939,-37.992485,True,-1639406.7652730057,1202,0.023055555555555555,794554.2333945445,3578333.2148377704,792889.4981057638,3578863.189525228
558354,1121,1,2019-03-20 01:57:14,2019-03-20 01:58:36,0 days 00:01:22,132.12563897061227,32.30239940375208,10888.282095284358,230.3325331456846,True,245.62634479407745,-0.32048677051350716,-0.947252991510622,175.02386161590124,84.61377480876538,588.6617369937571,222.90038,0.00012431377,23033.25331456846,1.206336714708224,0.35998710658174693,0.00010305063686046378,11910049582224.99,2.1467460735712023e-05,56.944107,-4.177099,-0.10905958,0.18799749,224.18243,54.977013,-4.2231355,0.00492460660474535,0.028834535253511907,0.008599507370626697,1083.7778626525621,967.4149,116.36294566037463,-264.05484,264.05484,11027.553976331112,3969.777248613475,1.230434312929733e-06,0.000898422250442491,20.64405923895998,0.8679173290268664,1080026414.541975,0.5224318367016868,3.099973877135284e-18,8.925403282871968e-05,-50.679436,12.551232,-38.128204,True,-1632112.3220464683,1202,0.02277777777777778,794323.2914019434,3578247.897354199,792655.6298388892,3578778.8376340033
558355,1122,1,2019-03-20 01:57:15,2019-03-20 01:58:36,0 days 00:01:21,132.12316361434068,32.30169149088337,10885.955718002671,230.41676006558265,True,245.59065061107847,-0.32058442183878,-0.9472199472531683,173.64478302590703,84.37542330536999,579.9281286470896,222.91673,0.00012459913,23041.676006558264,1.207101689788088,0.36009232028019034,0.00010322173420065735,11884859774140.926,2.1592006794467298e-05,56.92214,-4.169947,-0.10929501,0.18836465,224.19914,54.954807,-4.215278,0.004921449592297619,0.028871518153883967,0.008623328617564971,1083.7691102792755,967.35065,116.41846330661929,-263.9701,263.9701,10914.9960018467,3930.406236153979,1.2295876161135882e-06,0.0008975590687483608,20.554246017275254,0.8680799732773709,1088856081.315113,0.5240511851934976,3.124627703571784e-18,9.013791388764409e-05,-50.832146,12.568958,-38.263187,True,-1624698.3335462748,1202,0.0225,794092.3912360886,3578162.5743014202,792421.8052792404,3578694.4795001275
558356,1123,1,2019-03-20 01:57:16,2019-03-20 01:58:36,0 days 00:01:20,132.12068872381423,32.300983465335214,10883.625959919733,230.50113438038733,True,245.64727574612908,-0.3205718318388654,-0.9472242082165521,172.2287277962106,84.14631080049637,571.0665426125038,222.93312,0.00012488512,23050.113438038734,1.207862388848382,0.3601977048947297,0.0001033934988947899,10206483752304.406,2.129656063288103e-05,56.90014,-4.162784,-0.109530166,0.18873729,224.21587,54.932568,-4.207409,0.004918408212746499,0.02890739519529956,0.008643651339936281,1083.7603600687266,967.2868,116.47355586950789,-263.8853,263.8853,10801.966709311318,3890.843617043213,1.2833340513548283e-06,0.0009471815246194044,20.4681749288373,0.8698200603609858,944872727.9918753,0.5379557834939342,3.6295240545093476e-18,9.111534558032477e-05,-52.150146,13.343913,-38.806232,True,-1634332.3657152469,1202,0.022222222222222223,793861.5318611613,3578077.2456011837,792188.0237375076,3578610.1153089805
558357,1124,1,2019-03-20 01:57:17,2019-03-20 01:58:36,0 days 00:01:19,132.1182132894836,32.300275309671726,10881.10845189501,230.59233635223956,True,244.97981431245807,-0.3101635035552359,-0.9506832285584621,170.5950245635659,84.40565847376259,545.9829550847538,222.95076,0.00012519337,23059.233635223954,1.2086843153028912,0.36031171931655664,0.0001035782215436154,641893347776.6293,1.985184672387237e-05,56.876244,-4.1556473,-0.10975339,0.18914199,224.23386,54.908386,-4.1995664,0.004915211561862805,0.02887447959671859,0.008341086458993261,1083.7516051589469,967.2233,116.52827752222811,-263.80048,263.80048,10776.232567996813,3882.802884330004,3.1502267309009476e-06,0.0029362412973665906,20.571089337449664,0.9331149014541557,59565654.66886081,0.21878896362665531,6.795920212474294e-17,9.406937643473647e-05,-20.595053,11.378785,-9.216268,True,-383672.8379075427,1202,0.021944444444444444,793630.6182273624,3577991.9065476754,791954.2176726398,3578525.731173032
558358,1125,1,2019-03-20 01:57:18,2019-03-20 01:58:36,0 days 00:01:18,132.11573561396665,32.29959201523536,10878.331320605797,230.6929776107953,True,244.9340876793967,-0.3102715402374137,-0.9506479744462211,169.77724199791336,84.51841106712983,541.5521849217102,222.97008,0.00012553131,23069.29776107953,1.2095807385809392,0.3604377360875723,0.00010378084480855379,637306393118.1216,1.9977649501843857e-05,56.849716,-4.1485205,-0.10996001,0.18959439,224.25359,54.881508,-4.1917443,0.004911497330766394,0.028863414801221916,0.008350895305359362,1083.7425304866144,967.16016,116.58237423661444,-263.7157,263.7157,10743.966918336684,3872.531112645045,3.161629886887315e-06,0.002949309952620048,20.618181497738902,0.9339977830384777,59317605.68160661,0.22122813860315776,6.896324208550228e-17,9.485304426582977e-05,-20.821997,11.517243,-9.304753,True,-385459.19067450013,1202,0.021666666666666667,793399.4097988805,3577909.324496281,791720.145549111,3578444.0936737624
558359,1126,1,2019-03-20 01:57:19,2019-03-20 01:58:36,0 days 00:01:17,132.11325851155067,32.29890861041778,10875.553912790365,230.79366446022982,True,244.88875232784287,-0.3103793329494706,-0.9506127864056119,168.95088744277422,84.63184301525746,537.0683420864164,222.9894,0.00012586958,23079.36644602298,1.2104744932823341,0.36056382424752115,0.00010398367370317219,632608273500.717,2.0103246327053136e-05,56.823185,-4.1413784,-0.110166274,0.19005224,224.27333,54.85463,-4.1839066,0.00490766935162128,0.028852228617837556,0.00836065258233325,1083.733458719373,967.09735,116.6361076451542,-263.6309,263.6309,10711.125351768971,3862.0443188283953,3.173195854858433e-06,0.002962579736040499,20.665549696892672,0.9348999766451952,59060859.87465734,0.223623779630527,6.999524892471195e-17,9.565823785654179e-05,-21.044716,11.654031,-9.390685,True,-387088.70784095384,1202,0.021388888888888888,793168.2523943572,3577826.737346883,791486.1267036195,3578362.4503660793
558360,1127,1,2019-03-20 01:57:20,2019-03-20 01:58:36,0 days 00:01:16,132.11078197812378,32.298225094768796,10872.7757233503,230.89441524136947,True,244.84937125406915,-0.3104803483193228,-0.9505797984953772,168.11500058897684,84.74689180391947,532.5288143438014,223.00873,0.00012620824,23089.441524136946,1.2113614272333362,0.3606899464227311,0.00010418710227130821,627782132728.1235,2.022849425415965e-05,56.796646,-4.134221,-0.11037215,0.19051561,224.29308,54.82774,-4.176053,0.004903956808853138,0.028840901122790634,0.008370164170663918,1083.724389835215,967.035,116.68941669068386,-263.54608,263.54608,10677.770990111421,3851.364646337481,3.1849584175832786e-06,0.002976090473927216,20.71363806310895,0.9358043389741667,58793369.263070576,0.22596595876878697,7.105799031960132e-17,9.64870504385899e-05,-21.262264,11.788738,-9.473526,True,-388553.0815025189,1202,0.021111111111111112,792937.1456280022,3577744.1450343197,791252.1606631181,3578280.8013187135
558361,1128,1,2019-03-20 01:57:21,2019-03-20 01:58:36,0 days 00:01:15,132.10830594861574,32.2975414669248,10869.988745688515,230.99552050651957,True,240.5363259026194,-0.3161717354113738,-0.9487019730805666,167.52403186364734,84.87762162924965,538.2324522298845,223.02812,0.00012654821,23099.552050651957,1.2122454497687336,0.3608165123717569,0.00010439157624910044,624581881058.8909,2.035504855278987e-05,56.77002,-4.1270504,-0.11057712,0.19098571,224.31288,54.800766,-4.1681857,0.004900243706511276,0.02882733555215871,0.008541247766110356,1083.71532339581,966.9731,116.7422398997162,-263.4612,263.4612,10643.252468162704,3840.2612358545603,3.1939530529954024e-06,0.0029863494627846575,20.767819789509574,0.9364596274294805,58683366.09764831,0.22781543905214305,7.193879842180032e-17,9.720119546612978e-05,-21.43362,11.8918495,-9.541771,True,-383143.85650975467,1202,0.020833333333333332,792706.0833741359,3577661.547225511,791018.2427425418,3578199.1457399116
558362,1129,1,2019-03-20 01:57:22,2019-03-20 01:58:36,0 days 00:01:14,132.10587839594893,32.29685758210084,10866.938714814594,231.1062098303417,True,240.48523304562931,-0.31628831999331203,-0.9486631112443491,166.48759973760926,84.87177547611797,532.2080369632137,223.04924,0.00012691994,23110.62098303417,1.2132174042566686,0.3609552285692708,0.00010461434325897227,617637608916.0369,2.0493088409249765e-05,56.74072,-4.120083,-0.110757284,0.19149616,224.33447,54.77104,-4.16053,0.00489601326345138,0.02883414815245007,0.008556389662917264,1083.7065975446671,966.9128,116.7938167829484,-263.37784,263.37784,10581.967930770961,3819.616653164126,3.2073412607945312e-06,0.003001762516406124,20.769866284279452,0.9373360911819357,58366989.29317566,0.22988188366747214,7.333986249671547e-17,9.81344909631563e-05,-21.624577,12.016874,-9.607702,True,-383384.9014764385,1202,0.020555555555555556,792479.5856051119,3577579.058887338,790789.0021248172,3578117.563777139
558363,1130,1,2019-03-20 01:57:23,2019-03-20 01:58:36,0 days 00:01:13,132.10345147671762,32.29617359045481,10863.888852611266,231.2169359744061,True,240.3944568224248,-0.316452343877912,-0.9486084092259438,165.46383662604993,84.86519055724487,526.2342418431795,223.07037,0.00012729198,23121.69359744061,1.2141820887321217,0.36109395397411725,0.00010483763302283287,613111011590.0787,2.0632927103121732e-05,56.71142,-4.113098,-0.11093699,0.19201228,224.35606,54.74132,-4.152857,0.004891899497272618,0.02884101347183059,0.008572929683699706,1083.6978750666462,966.85284,116.845030828365,-263.29443,263.29443,10521.348584923946,3799.195361670171,3.216758592157819e-06,0.0030125029046234857,20.771587951632334,0.938054100003991,58273044.24345433,0.23179586951006234,7.446168570481062e-17,9.906902731079362e-05,-21.801947,12.124055,-9.677892,True,-383708.7637818885,1202,0.020277777777777777,792253.144591446,3577496.56578489,790559.8205192246,3578035.976439967
558364,1131,1,2019-03-20 01:57:24,2019-03-20 01:58:36,0 days 00:01:12,132.10102561642668,32.29548949811465,10860.962502036404,231.32321837136843,True,240.31325297316852,-0.3166075259272852,-0.9485566269475973,164.184043414095,84.48271810791854,518.412965475823,223.0907,0.00012764972,23132.321837136842,1.2150989113272923,0.36122701393102147,0.00010505294617203885,13618693919734.05,2.285258529420243e-05,56.683365,-4.1060734,-0.11112428,0.19251576,224.37682,54.71288,-4.1451426,0.004888043601098104,0.028900584353032496,0.008604912237652943,1083.6891588732822,966.7934,116.89576287718842,-263.211,263.211,10395.675166383788,3755.1986981496902,1.1793922927227295e-06,0.0008507823904080478,20.62729978624987,0.8695258504979727,1310034577.049161,0.5429767756024867,2.861028750135191e-18,9.820994662039704e-05,-52.658817,12.436248,-40.22257,True,-1580316.8141314946,1202,0.02,792026.8004009158,3577414.0697539244,790330.7191811787,3577954.3915539524
558365,1132,1,2019-03-20 01:57:25,2019-03-20 01:58:36,0 days 00:01:11,132.0986007293053,32.29480530238722,10858.012429933471,231.43040235078618,True,242.67970277149445,-0.3135623224856722,-0.9495676226143093,162.63513204236273,84.29350964219448,504.97770070733293,223.11119,0.00012801061,23143.040235078617,1.216014948084549,0.3613611929054541,0.00010527058752416915,12510897788828.299,2.3005412472315025e-05,56.65507,-4.099039,-0.111309536,0.1930283,224.39775,54.684196,-4.1374183,0.004884068552061649,0.0289329866186526,0.008535673547718503,1083.6804483981825,966.7343,116.94613443333878,-263.12756,263.12756,10288.982201900839,3718.038882261873,1.2118973714183878e-06,0.0008803279251512594,20.558032066995157,0.8707635976283729,1215950960.2919686,0.5568413110922142,3.1582289425942687e-18,9.947983801882179e-05,-53.984386,13.02021,-40.964176,True,-1609312.6064582667,1202,0.01972222222222222,791800.5449627109,3577331.57025495,790101.7132066365,3577872.8012030553
558366,1133,1,2019-03-20 01:57:26,2019-03-20 01:58:36,0 days 00:01:10,132.09614940351378,32.294121022985244,10854.789267495877,231.5475543971465,True,242.62539987551753,-0.31368239040240137,-0.9495279658606351,161.2328827299005,84.05116772200094,496.5760778263343,223.1335,0.00012840398,23154.755439714652,1.2170114902578526,0.3615079778743173,0.00010550761140988106,12486616915784.566,2.3172382049036505e-05,56.624027,-4.0919485,-0.111480445,0.19358939,224.42053,54.652695,-4.1296334,0.004879805974510134,0.028974098796265325,0.008561173240821514,1083.6715510989134,966.675,116.99656330594462,-263.04324,263.04324,10175.98399027579,3678.699395206028,1.2113065977296391e-06,0.0008796733531979576,20.469038345482183,0.8710258592593337,1227067272.0905247,0.559550164341553,3.1878145371435796e-18,0.00010060586689434274,-54.243294,13.060838,-41.182457,True,-1603517.9964130889,1202,0.019444444444444445,791571.7956901949,3577248.994835058,789870.2203194648,3577791.132864358
558367,1134,1,2019-03-20 01:57:27,2019-03-20 01:58:36,0 days 00:01:09,132.0936987472001,32.29343663478446,10851.566025170952,231.664757364564,True,242.57094686886668,-0.31380282935424897,-0.9494881696415538,159.82843656772516,83.80849601219248,488.205116026263,223.15579,0.0001287977,23166.4757364564,1.2180037515794655,0.3616548350490841,0.00010574491777943971,12461805247608.184,2.333967790012124e-05,56.592983,-4.08484,-0.11165079,0.19415647,224.44333,54.621197,-4.1218305,0.004875313773667642,0.029015369098130225,0.008586761446925956,1083.6626574103066,966.616,117.04662957827531,-262.95886,262.95886,10063.261091645909,3639.427030155067,1.210680804227445e-06,0.0008789869727630185,20.380000656607297,0.8713074983208142,1238346608.9291317,0.5622348355584528,3.2176801457893215e-18,0.00010175908190463612,-54.499847,13.100411,-41.399437,True,-1597483.7494191928,1202,0.019166666666666665,791343.1065439301,3577166.41462728,789638.7900110882,3577709.4590653
558368,1135,1,2019-03-20 01:57:28,2019-03-20 01:58:36,0 days 00:01:08,132.09124876201173,32.29275213746749,10848.344010837996,231.78196368555422,True,242.54782988394655,-0.31388639440557575,-0.9494605475779746,158.4061555518266,83.5608914429429,479.78761032751817,223.1781,0.00012919169,23178.196368555422,1.2189843771423576,0.3618016460625557,0.0001059830524010276,13609238134100.799,2.3506729505251483e-05,56.56195,-4.077713,-0.11182065,0.19472934,224.46613,54.589706,-4.1140084,0.004870938537323468,0.029057578887154416,0.008611596775586195,1083.6537673493654,966.5575,117.09627223217785,-262.87445,262.87445,9949.291613493648,3599.6700829183824,1.1741431534559867e-06,0.0008455852352979733,20.289229490516504,0.8705507524488055,1367860010.8216124,0.5536129206170335,2.94474159396566e-18,0.00010292524968861525,-53.67796,12.566173,-41.111786,True,-1572747.018828777,1202,0.01888888888888889,791114.4776804858,3577083.8295963155,789407.4223935117,3577627.779784658
558369,1136,1,2019-03-20 01:57:29,2019-03-20 01:58:36,0 days 00:01:07,132.08879910992482,32.29206752588434,10845.049692026452,231.90184984631583,True,244.95402706697482,-0.31084974509306046,-0.950459065912667,156.93913902837724,83.50230494429996,467.53749847183036,223.2009,0.0001295946,23190.18498463158,1.219981879936663,0.3619517939241259,0.0001062266585092916,2491755359563.9062,2.209844160749461e-05,56.530186,-4.0705805,-0.11198518,0.19531916,224.48941,54.557472,-4.1061797,0.004866548180011421,0.029072765347614594,0.008537221371308482,1083.6448786078788,966.4994,117.14548895944131,-262.79,262.79,9864.344886123301,3570.4173274186064,2.0200979497061777e-06,0.0016750226866960852,20.27137792038597,0.8969984341781894,252602214.16925427,0.3201082948197068,1.7415548654279274e-17,0.00010500876346030426,-30.591661,11.616479,-18.975182,True,-727261.8614704798,1202,0.01861111111111111,790885.8772701472,3577001.238248267,789176.0968969144,3577546.089942306
558370,1137,1,2019-03-20 01:57:30,2019-03-20 01:58:36,0 days 00:01:06,132.08632261594602,32.2913828228543,10841.423277027578,232.0338796362414,True,244.89205063608927,-0.3109781001179438,-0.9504170775228286,155.8051467584121,83.44967457412096,461.16882371957786,223.22589,0.0001300372,23203.38796362414,1.221071168803388,0.3621173308236436,0.00010649436197618091,2483362433112.2944,2.2265823503175906e-05,56.49507,-4.063394,-0.112130985,0.19596781,224.51497,54.521805,-4.098294,0.0048615134223146585,0.02908834352331465,0.008555544135881341,1083.6358001714268,966.441,117.19482116752056,-262.70468,262.70468,9791.92792164002,3545.8268026017918,2.0227990587413975e-06,0.0016776010917480245,20.256680829390014,0.8974889979512809,253613226.42337874,0.3225130164016612,1.7618374513777717e-17,0.00010616834974978564,-30.820028,11.698564,-19.121464,True,-727317.0917664581,1202,0.018333333333333333,790654.7449619938,3576918.5693627195,788942.2557752056,3577464.3175162063
558371,1138,1,2019-03-20 01:57:31,2019-03-20 01:58:36,0 days 00:01:05,132.08384687677267,32.290698010468006,10837.796809740357,232.16597219197362,True,244.85081656466878,-0.3110830732899194,-0.9503827237026664,154.6545045594952,83.39697712320837,454.7409275752312,223.2509,0.00013048023,23216.597219197363,1.2221516144131779,0.3622828844484445,0.00010676271795541884,2474626998233.2896,2.243268063069401e-05,56.459953,-4.056187,-0.11227602,0.19662303,224.54053,54.486137,-4.0903864,0.004856594744068161,0.02910389336823607,0.00857319442858278,1083.626725909364,966.383,117.24373030389529,-262.6193,262.6193,9718.540431381114,3520.86086010958,2.0254465242312086e-06,0.0016801238331963788,20.241920217801386,0.8979687024861647,254629490.47808996,0.32493150708963797,1.7824677021676222e-17,0.00010737010774751334,-31.049738,11.780749,-19.26899,True,-727323.7170854415,1202,0.018055555555555554,790423.6807880942,3576835.895963204,788708.4857468198,3577382.539740803
558372,1139,1,2019-03-20 01:57:32,2019-03-20 01:58:36,0 days 00:01:04,132.0813716734924,32.290013085284215,10834.099102153643,232.30072233580304,True,244.8088755175098,-0.31118637603995514,-0.9503489040174244,153.6334418660498,83.56205668219212,449.2068098228429,223.27638,0.00013093221,23230.072233580304,1.2232445748239034,0.36245177436772863,0.00010703682100057205,570981058803.6577,2.1996554237230584e-05,56.42411,-4.0489707,-0.11241549,0.19729573,224.56657,54.44973,-4.082469,0.004851547063808539,0.029088146743523953,0.008581580065520945,1083.617654328343,966.32544,117.29221487521795,-262.53387,262.53387,9679.78945015573,3508.4568617149644,3.2769039819256006e-06,0.0030799593632664774,20.31113971695426,0.942624175229435,58986929.59633246,0.24505665520855158,8.58709697640225e-17,0.00010979769101862742,-23.02706,12.819599,-10.20746,True,-383003.80364875385,1202,0.017777777777777778,790192.6641349324,3576753.2170697185,788474.7774209644,3577300.752060813
558373,1140,1,2019-03-20 01:57:33,2019-03-20 01:58:36,0 days 00:01:03,132.07889699127696,32.28932804735005,10830.465984504783,232.43318039582576,True,241.26793142691395,-0.32738893416051396,-0.9448896685800108,153.23358812499606,83.38993093964915,467.3908790046274,223.30145,0.00013137695,23243.318039582577,1.2243085185852418,0.36261773491904387,0.00010730705882890522,11607272771921.977,2.4396970322491777e-05,56.38892,-4.041721,-0.11255857,0.19796517,224.59221,54.41399,-4.0745177,0.004846515314836211,0.02912098216793699,0.00907568692485909,1083.6085853249303,966.26825,117.3403358132116,-262.44843,262.44843,9596.644766695901,3479.913588121964,1.2394777661115568e-06,0.0009046451469010828,20.250383242986395,0.8743418612264013,1209513642.9561026,0.5985733394890035,3.639788762399639e-18,0.0001085353566463078,-57.98408,14.081168,-43.902912,True,-1614596.6449669772,1202,0.0175,789961.6936053461,3576670.5326436106,788241.1091035185,3577218.9609036553
558374,1141,1,2019-03-20 01:57:34,2019-03-20 01:58:36,0 days 00:01:02,132.07647217055649,32.28861777896021,10826.637119203606,232.57284130615554,True,241.2028434391689,-0.32752652750284256,-0.9448419834987909,151.73452322530417,83.1014225411163,458.35238489942157,223.32785,0.00013184694,23257.284130615553,1.2254307560881463,0.3627927276403996,0.00010759232484705015,11589140009671.928,2.4594030036759757e-05,56.35174,-4.0346746,-0.1126807,0.1986634,224.61919,54.37621,-4.066768,0.00484132821108517,0.029171650661741266,0.009105520022121142,1083.6001699192104,966.2129,117.38727929421043,-262.36432,262.36432,9475.374435918364,3437.596937020936,1.2383930310636193e-06,0.0009035090468914958,20.145493953166852,0.8746551872402408,1223079899.1690395,0.6014572764103026,3.675301595621246e-18,0.00010992936885661266,-58.259922,14.118364,-44.141556,True,-1606965.3281138705,1202,0.017222222222222222,789735.4978909388,3576585.1901767,788012.3350408657,3577134.474840349
558375,1142,1,2019-03-20 01:57:35,2019-03-20 01:58:36,0 days 00:01:01,132.0740481455614,32.28790740384486,10822.807779026003,232.71258749396682,True,241.13775044035242,-0.3276644678492956,-0.9447941556281123,150.23448101524912,82.81328978936062,449.3661770976936,223.35426,0.00013231751,23271.258749396682,1.2265439647993623,0.3629677898892096,0.00010787832565870256,11570545726592.889,2.4791100070537577e-05,56.314556,-4.0276065,-0.112801984,0.19936858,224.6462,54.33842,-4.0589952,0.004836027653932433,0.029222511060582504,0.009135483343939972,1083.591759013828,966.15796,117.4338000294531,-262.28015,262.28015,9354.656112129152,3395.4388541931044,1.2372571573283222e-06,0.0009023264003838343,20.040917797516634,0.8749781457166204,1236875582.3734276,0.6042938754076629,3.711040094506965e-18,0.00011136028731277002,-58.53119,14.153759,-44.37743,True,-1599046.1351386858,1202,0.016944444444444446,789509.3740903058,3576499.8433702337,787783.636171103,3577049.9834981933
558376,1143,1,2019-03-20 01:57:36,2019-03-20 01:58:36,0 days 00:01:00,132.07162491663883,32.287196921429405,10818.977923782646,232.85242047756236,True,241.00038953786395,-0.32789438195159526,-0.9447143876773453,148.75940631253934,82.52560520291347,440.5615846029894,223.38069,0.0001327886,23285.242047756237,1.2276451437944098,0.36314292397667125,0.00010816529441936804,11554968606288.195,2.4987779387069216e-05,56.277363,-4.0205154,-0.11292242,0.20008077,224.6732,54.300625,-4.0511994,0.004830844033033372,0.029273556639070476,0.00916825251139897,1083.5833526200938,966.1035,117.47983699509382,-262.19595,262.19595,9236.009323923114,3353.9914317652383,1.2360071004666462e-06,0.0009010395647496774,19.936684070121796,0.8752885311148859,1251078057.7449737,0.6070384143861944,3.74577157463412e-18,0.0001127981111104307,-58.793602,14.185771,-44.60783,True,-1590562.1416538502,1202,0.016666666666666666,789283.3222386595,3576414.492156068,787555.0124282493,3576965.486841104
558377,1144,1,2019-03-20 01:57:37,2019-03-20 01:58:36,0 days 00:00:59,132.0692032724378,32.2864863399192,10815.271761849484,232.9878020265271,True,250.04870106005242,-0.3160129029501438,-0.9487548920395736,146.4332459589537,82.00552416113906,413.1822715266607,223.4063,0.00013324537,23298.78020265271,1.2287006524957205,0.3633124251995828,0.00010844412609164543,11530978704577.33,2.518534529710662e-05,56.241413,-4.0133862,-0.11305045,0.20078045,224.69939,54.26411,-4.043364,0.004825688563293795,0.029358810265028738,0.008854447188639432,1083.574956180662,966.0495,117.5254566689432,-262.1118,262.1118,9066.98071414859,3294.1467524951695,1.232694842993199e-06,0.0008978647837475373,19.743523909697306,0.8755451758974693,1271755071.2977462,0.608933448298142,3.781806150551959e-18,0.00011491241387389109,-58.974926,14.17927,-44.795654,True,-1631245.730996438,1202,0.01638888888888889,789057.4166162629,3576329.139567144,787326.5189026382,3576880.9940163298
558378,1145,1,2019-03-20 01:57:38,2019-03-20 01:58:36,0 days 00:00:58,132.06668002117863,32.28577580402631,10811.180172517783,233.13733678113033,True,249.97862066462494,-0.31615199356088347,-0.9487085521736794,144.9048480926569,81.68617844862595,404.49880889593237,223.4345,0.00013374802,23313.733678113033,1.2298479366695347,0.3634997264515093,0.00010875167307768543,11509786533644.178,2.5394428817722455e-05,56.201603,-4.00594,-0.11316649,0.2015569,224.72821,54.223648,-4.0351944,0.004820108011373349,0.02941602441134441,0.008886208377964215,1083.5658429375708,965.99335,117.57249576960203,-262.02426,262.02426,8942.384409163775,3250.554286555274,1.231374680678549e-06,0.0008965064003809312,19.628229843240284,0.8758767761704105,1287104871.2521727,0.61164518924198,3.820501354162974e-18,0.00011647790894273762,-59.234066,14.208513,-45.02555,True,-1621940.0423030339,1202,0.01611111111111111,788821.934083164,3576243.5234063696,787088.367507777,3576796.263635004
558379,1146,1,2019-03-20 01:57:39,2019-03-20 01:58:36,0 days 00:00:57,132.06415762037625,32.28506515472907,10807.08792829093,233.28697319269241,True,249.9345202697755,-0.31626197213635165,-0.9486718953254731,143.36513942690615,81.36748397993333,395.83498514092173,223.4627,0.0001342513,23328.697319269242,1.2309827477707618,0.3636870946214194,0.00010906026016631475,11487039251402.188,2.5603302064221853e-05,56.161777,-3.9984689,-0.11328149,0.20234096,224.75705,54.18317,-4.0269995,0.004814528538306035,0.029473457470520166,0.008917227524239466,1083.5567344904407,965.9376,117.6191124201282,-261.93674,261.93674,8817.837144867839,3206.9335720618164,1.23000430468505e-06,0.000895102621919522,19.513396049118164,0.8762083626213851,1302704854.11356,0.6143030182215427,3.85979178989075e-18,0.00011810093349339856,-59.48801,14.235835,-45.252174,True,-1612398.4586388955,1202,0.015833333333333335,788586.5285145245,3576157.9027407556,786850.2965934186,3576711.527737771
558380,1147,1,2019-03-20 01:57:40,2019-03-20 01:58:36,0 days 00:00:56,132.0616357988248,32.284354388455554,10802.894498471027,233.44039020984235,True,249.935485715027,-0.31631673294867385,-0.948653637771277,141.98593611099702,81.35864362013605,388.316470275955,223.49161,0.00013476725,23344.039020984234,1.2321331735322762,0.3638792229041333,0.00010937717962102329,526278710794.1355,2.3418410890680243e-05,56.120922,-3.9909868,-0.11338849,0.20314854,224.7866,54.14164,-4.018792,0.004808700937077788,0.02948469193923486,0.008932681975221731,1083.547628978754,965.8824,117.66524372484764,-261.84918,261.84918,8738.526287282157,3179.7681547435727,3.327308300189892e-06,0.0031358464195913828,19.516592474730235,0.9456682603009169,60225110.44683461,0.2525726299428359,9.984872741076638e-17,0.00012177470167230596,-23.711569,13.203615,-10.507954,True,-372384.1009972817,1202,0.015555555555555555,788351.1743691,3576072.2764381575,786612.2965923189,3576626.780100962
558381,1148,1,2019-03-20 01:57:41,2019-03-20 01:58:36,0 days 00:00:55,132.05911404915605,32.28364350012851,10798.623098833734,233.59674373843092,True,247.88021788366459,-0.31903266794677043,-0.9477437189360666,140.8962530377709,81.3752176503618,385.6832313019309,223.52103,0.00013529314,23359.674373843092,1.233295481872527,0.3640750138157289,0.00010970050980603775,516184443568.9966,2.3605017249583382e-05,56.07927,-3.9834871,-0.11348913,0.20397626,224.81668,54.099297,-4.010567,0.0048028583580904186,0.029492327326695433,0.009025884163097365,1083.5385228993955,965.8276,117.71094721580175,-261.76157,261.76157,8672.757154382884,3157.53418080241,3.349884566261924e-06,0.003162138072071569,19.529601053028024,0.9469827916813227,59517917.35666627,0.2525023449494091,1.028307934267009e-16,0.0001233706787287223,-23.69727,13.244075,-10.453195,True,-364786.1084903349,1202,0.015277777777777777,788115.823858117,3575986.6425667526,786374.3154195439,3576542.0201619235
558382,1149,1,2019-03-20 01:57:42,2019-03-20 01:58:36,0 days 00:00:54,132.05661554396727,32.28293242983189,10793.897644790277,233.76981660325063,True,247.7986426738147,-0.31918766940895466,-0.9476915277120925,140.09684587168837,81.6408182587844,381.69387190482666,223.55348,0.00013587438,23376.981660325062,1.2345696528384489,0.364291862714225,0.00011005808816744877,503059951018.51886,2.3809343991087448e-05,56.03299,-3.9761004,-0.11355348,0.20488201,224.84988,54.052204,-4.00246,0.004796232877164072,0.02946431176791878,0.00903225576391763,1083.529579868177,965.7737,117.75589822755205,-261.67462,261.67462,8657.033348483039,3153.6868040980507,3.38711103526572e-06,0.003205872576161,19.638621454328646,0.9492702733528815,58109970.3291162,0.25109332915731947,1.0677655214585424e-16,0.00012491898544817026,-23.55252,13.255422,-10.297099,True,-357516.03971688764,1202,0.015,787882.6605413675,3575901.056750928,786138.6314732801,3576457.2732871743
558383,1150,1,2019-03-20 01:57:43,2019-03-20 01:58:36,0 days 00:00:53,132.05411801878165,32.28222124838873,10789.170429089902,233.9430578665238,True,247.71682250731376,-0.31934337973389737,-0.9476390693825005,139.28462289295953,81.91051547954831,377.6307640868338,223.58597,0.00013645651,23394.305786652378,1.2358303637134795,0.36450886666978344,0.00011041686183184192,489441007967.6666,2.401299543367757e-05,55.98668,-3.968685,-0.113616385,0.20579639,224.8831,54.00509,-3.9943228,0.00478972498544465,0.029435741119487074,0.009038453732541031,1083.5206425625452,965.7203,117.80036668363891,-261.58768,261.58768,8640.654728411644,3149.5952623382336,3.426475224308233e-06,0.0032522727910331475,19.74941759122941,0.9516477486358238,56643972.40157256,0.24819132644686107,1.1106452557395725e-16,0.0001265280553655428,-23.2661,13.195375,-10.0707245,True,-347833.3034283076,1202,0.014722222222222222,787649.586417912,3575815.4669089937,785903.0409923017,3576372.5211278307
558384,1151,1,2019-03-20 01:57:44,2019-03-20 01:58:36,0 days 00:00:52,132.05162147657893,32.28150995512568,10784.441923303559,234.11645039460365,True,247.59279428042743,-0.319548862998555,-0.9475697990946793,138.47380416180957,82.18344790320268,373.5460161789401,223.61847,0.00013703949,23411.645039460363,1.2370731463985813,0.36472599884338475,0.00011077719191026017,475397799051.52234,2.4215390099785873e-05,55.94035,-3.9612408,-0.11367788,0.20671931,224.91635,53.95795,-3.9861557,0.004783103731888048,0.02940691668200594,0.00904602067218531,1083.5117110140557,965.66736,117.84435261561816,-261.5007,261.5007,8624.36751587309,3145.5310566192534,3.468088023936537e-06,0.0033014931673657146,19.86178179063068,0.9541402904217429,55122627.62185818,0.24386398632613543,1.1571861605375573e-16,0.0001281792955518171,-22.84467,13.06572,-9.77895,True,-335894.9764079026,1202,0.014444444444444444,787416.6017715998,3575729.872967505,785667.5441996084,3576287.763629632
558385,1152,1,2019-03-20 01:57:45,2019-03-20 01:58:36,0 days 00:00:51,132.049126360964,32.28079855334042,10779.84949262038,234.28495269924625,True,240.01548460220553,-0.3181672820501773,-0.9480345883103648,137.29520798578562,82.07595032287077,365.8804364417179,223.6501,0.00013760674,23428.495269924624,1.2382641163341759,0.364936893924806,0.00011112874526358757,13695467196243.371,2.6901319428027722e-05,55.895393,-3.953752,-0.11374765,0.20762856,224.94868,53.91222,-3.9779434,0.004776859397064186,0.029434279158631484,0.009023962761834963,1083.5027883046448,965.6148,117.88798117573856,-261.41373,261.41373,8546.580829284421,3118.9626615163493,1.1683769665293494e-06,0.0008380532389838713,19.828289190576406,0.8779423279570459,1602449853.316376,0.631907675046716,3.364225029695875e-18,0.00012784646137765747,-61.21134,13.894391,-47.31695,True,-1551099.1082075804,1202,0.014166666666666666,787183.7483912475,3575644.276474567,785432.1607964814,3576203.009382502
558386,1153,1,2019-03-20 01:57:46,2019-03-20 01:58:36,0 days 00:00:50,132.04670650091458,32.28011192345583,10775.070978952748,234.46038687129632,True,239.93161598085135,-0.3183294468988594,-0.9479801491788032,135.85649460688967,81.86408866652215,358.0245407545614,223.68294,0.00013819653,23446.038687129632,1.239486941739154,0.3651565481975706,0.00011149494361226658,13679585728381.396,2.7136200721528637e-05,55.848476,-3.9464955,-0.113791026,0.20857137,224.98228,53.864475,-3.9699862,0.004770118696554562,0.029478103600700332,0.009052247505173076,1083.4940921439793,965.5642,117.92988315960429,-261.32935,261.32935,8440.385261587977,3082.0619475791145,1.1675796188080648e-06,0.0008371727089966091,19.75542621549347,0.878436695332864,1620730014.6163843,0.636367336890348,3.398330883271316e-18,0.00012979360868359236,-61.640152,13.960457,-47.679695,True,-1545984.0617390263,1202,0.013888888888888888,786957.9043475372,3575561.6347783064,785203.9176002094,3576121.167072924
558387,1154,1,2019-03-20 01:57:47,2019-03-20 01:58:36,0 days 00:00:49,132.0442876439747,32.27942518377116,10770.292558834342,234.63592396298176,True,239.84854475594577,-0.3184911155699348,-0.9479258458882839,134.411417806153,81.65170131552378,350.18504034698617,223.71579,0.000138787,23463.592396298176,1.2406977003184212,0.36537627603094025,0.00011186205931223208,13663173500707.547,2.737112251986946e-05,55.801556,-3.9392107,-0.11383305,0.20952229,225.01588,53.816723,-3.962,0.0047634958444055546,0.029522214640590568,0.00908065118999085,1083.4854020156051,965.5141,117.97130289451138,-261.24496,261.24496,8334.129206383222,3045.093093388997,1.1667054276004666e-06,0.0008362232307391774,19.6824614683823,0.8789196962499551,1639424247.2558186,0.6407938149441624,3.432608671934462e-18,0.00013180625278382482,-62.06574,14.024653,-48.041084,True,-1540497.017522523,1202,0.01361111111111111,786732.1518984971,3575478.988905882,784975.7699199789,3576039.3194320314
558388,1155,1,2019-03-20 01:57:48,2019-03-20 01:58:36,0 days 00:00:48,132.0418697822904,32.27873833349947,10765.511029412062,234.81168178241956,True,239.7009334053867,-0.3187329546185057,-0.9478445566864632,132.98627724111844,81.44836767419591,342.4857439957894,223.74869,0.00013937854,23481.168178241955,1.24188893057134,0.36559619407087296,0.00011223107933773124,11164120802861.645,2.7604853474182294e-05,55.75459,-3.9318976,-0.1138735,0.21048185,225.04953,53.76893,-3.9539845,0.0047568745528127464,0.029565056710675604,0.009111088925281672,1083.4767178762377,965.46436,118.01236240748767,-261.16055,261.16055,8230.386178186141,3008.997862478371,1.246545928206086e-06,0.0009087835928510663,19.61297551934812,0.8816815329085759,1356451636.7957423,0.6785013871167219,4.312178133934586e-18,0.00013391848314706163,-65.65193,15.618666,-50.033264,True,-1584621.989414695,1202,0.013333333333333334,786506.4903075402,3575396.3387423316,784747.7176141574,3575957.4661549455
558389,1156,1,2019-03-20 01:57:49,2019-03-20 01:58:36,0 days 00:00:47,132.03945360777936,32.27805137725269,10760.865516129348,234.98254205211754,True,250.4018454067098,-0.3273157678243218,-0.9449150163552141,131.4734250579242,80.9827327461768,342.0144760507878,223.7807,0.00013995428,23498.254205211753,1.243028022688862,0.3658098913644031,0.00011259141311944828,11140252324278.441,2.7839893776397066e-05,55.709,-3.9245434,-0.11392228,0.21142714,225.08226,53.72254,-3.945927,0.004750514737752383,0.029647463223598125,0.009401972848847225,1083.4680445403606,965.41504,118.05300547786055,-261.07614,261.07614,8081.358748792698,2956.2409659726254,1.2436117328334586e-06,0.0009059206561361434,19.443408234548052,0.8819455290409998,1378512286.1848848,0.6784630535597783,4.3572778752106595e-18,0.00013582805820889569,-65.64614,15.567087,-50.079056,True,-1637894.2456528815,1202,0.013055555555555556,786280.9847581292,3575313.6866413103,784519.8036880209,3575875.6166674085
558390,1157,1,2019-03-20 01:57:50,2019-03-20 01:58:36,0 days 00:00:46,132.03693739072617,32.27731442916625,10756.009662668253,235.16124615428032,True,250.31786556066072,-0.3274778068983636,-0.9448588709373682,129.78749856705093,80.57815916042905,332.7484875813527,223.81418,0.00014055765,23516.12461542803,1.2442121986335861,0.3660333331053016,0.0001129691927446854,11111098710751.97,2.808357852353315e-05,55.661346,-3.9168708,-0.113971435,0.21242107,225.11652,53.67406,-3.9375117,0.004743654391234316,0.029721608150531893,0.00944097742833808,1083.4592706935869,965.3644,118.09489081077436,-260.98798,260.98798,7943.182221504719,2907.469464000146,1.2414166121162457e-06,0.0009037307699686067,19.2977638348743,0.8823463769603319,1398822084.261229,0.680694057820724,4.406761114877097e-18,0.00013811895037391393,-65.858955,15.570876,-50.28808,True,-1622936.0054030847,1202,0.012777777777777779,786046.2063151654,3575225.227926407,784282.5309963573,3575787.990479902
558391,1158,1,2019-03-20 01:57:51,2019-03-20 01:58:36,0 days 00:00:45,132.03442218800603,32.27657736371549,10751.152631197596,235.34010368047907,True,250.23416828255586,-0.3276399851727526,-0.9448026461203411,128.10272265260872,80.17517041611724,323.57484705003526,223.8477,0.00014116186,23534.010368047908,1.245376773661774,0.36625685772427513,0.00011334871561789772,11081254465922.396,2.8326666607641387e-05,55.61367,-3.9091678,-0.114019156,0.21342406,225.1508,53.625557,-3.929065,0.004736910985564862,0.029796029790366486,0.009480154994339015,1083.4505028418525,965.31415,118.13635489263379,-260.89978,260.89978,7806.145176574432,2859.0542033116585,1.2391493756402732e-06,0.0009014763997685351,19.15306062097497,0.8827372591019121,1419555262.5867484,0.6828363791659834,4.456612993390413e-18,0.00014048610350806223,-66.06329,15.571767,-50.491528,True,-1607660.5356903784,1202,0.0125,785811.5201609719,3575136.7646540804,784045.35491677,3575700.3584620706
558392,1159,1,2019-03-20 01:57:52,2019-03-20 01:58:36,0 days 00:00:00,132.03190799719943,32.27584018009407,10746.292767084828,235.5191757499311,False,0.0,0.0,0.0,122.82469334566548,79.78058688191321,0.0,223.88126,0.00014176713,23551.91757499311,1.2465244067703014,0.36648060467769566,0.00011372992726572076,9550306277375.066,2.7920354420358733e-05,55.565956,-3.9014342,-0.114065334,0.21443637,225.18512,53.577015,-3.920587,0.0047301700514151435,0.029869667295280514,0.0,1083.4417409804444,965.2644,118.17733668356937,-260.81155,260.81155,7696.137116717056,2820.484984216924,1.2900003400141424e-06,0.0009481505316616063,19.01187011847991,0.8855564182669691,1240922053.8223653,0.7205642923439283,5.152571244942228e-18,0.00014857901632204154,-69.65823,16.901335,-52.756897,True,0.0,1202,0.0,785576.9260711495,3575048.2967214156,783808.27551745,3575612.720417455
558393,1164,1,2019-03-20 01:57:57,2019-03-20 01:58:36,0 days 00:00:39,132.01934524080048,32.27235244529931,10720.298849477798,236.47885144885169,True,241.2850518351265,-0.3171404211522181,-0.9483785917403417,120.62404977843609,80.56148302902241,276.3194027239796,224.06046,0.00014500221,23647.885144885167,1.2523469122282247,0.3676796230151565,0.00011578437941696395,10729302285858.422,2.9760206304388272e-05,55.309757,-3.8622658,-0.11414207,0.21993496,225.36842,53.316246,-3.8777678,0.0046939848972292,0.029816581830669812,0.00923587245708503,1083.395550119546,965.0196,118.37595783438974,-260.37186,260.37186,7432.133332412376,2732.6439818597614,1.2542858468157606e-06,0.0009142447312524641,19.351416453606635,0.8871529950754034,1443636948.6358268,0.736844577548265,4.8638690863306245e-18,0.00015636690866320144,-71.23344,16.743258,-54.49018,True,-1573969.0372486345,1202,0.010833333333333334,784404.0541714457,3574628.0462605646,782622.6885081569,3575194.6870210483
558394,1165,1,2019-03-20 01:57:58,2019-03-20 01:58:36,0 days 00:00:38,132.01691196010506,32.271664421034195,10715.32206644229,236.66295112994067,True,241.19489567559455,-0.3173208053434077,-0.9483182516941299,118.96590805842494,80.22294080663428,267.9540967620376,224.09485,0.00014562448,23666.295112994067,1.253410980205279,0.3679093974631877,0.0001161825461447941,10692927605900.87,3.0005378137307594e-05,55.2607,-3.8545785,-0.11415762,0.22101605,225.4036,53.266327,-3.869365,0.004687124134667613,0.029881755561680247,0.009271751746507115,1083.386747354008,964.97345,118.41329764697684,-260.2864,260.2864,7304.154846958418,2687.267208722293,1.252136844985989e-06,0.0009120900053436828,19.23106188259662,0.8875864422977546,1463951385.1973712,0.739507935777537,4.920521968730109e-18,0.00015942676375678923,-71.487526,16.752718,-54.73481,True,-1558502.7288149507,1202,0.010555555555555556,784176.9095915838,3574545.2797508184,782393.0494281919,3575112.23261646
558395,1166,1,2019-03-20 01:57:59,2019-03-20 01:58:36,0 days 00:00:37,132.01447976250245,32.27097626288029,10710.343816590883,236.84722115879816,True,241.10476312162388,-0.31750179540781626,-0.9482576706322039,117.30394641387771,79.88513960767493,259.6461726488833,224.12927,0.00014624764,23684.722115879817,1.2544553356797237,0.3681392991239293,0.00011658257695772952,10656078382729.482,3.0250335771276604e-05,55.211617,-3.8468614,-0.11417159,0.222106,225.43881,53.216377,-3.8609312,0.004680150768835176,0.029947255467133914,0.00930782454413653,1083.3779514617268,964.92786,118.45009501641425,-260.20096,260.20096,7176.753787237346,2642.0451092185617,1.2498897086623086e-06,0.0009098469482634025,19.11124695191727,0.8880297312236046,1484804787.601817,0.7420716875144595,4.977640640667328e-18,0.0001626121750594394,-71.732155,16.75871,-54.973442,True,-1542648.1730121784,1202,0.010277777777777778,783949.8641983857,3574462.506634542,782163.5134679339,3575029.7691526385
558396,1167,1,2019-03-20 01:58:00,2019-03-20 01:58:36,0 days 00:00:36,132.012048648293,32.270287969763466,10705.363864419925,237.0316704194897,True,240.96996155447465,-0.3177380354929801,-0.9481785384625945,115.65094843825374,79.54852766288553,251.4416273381543,224.16373,0.00014687174,23703.16704194897,1.2554840778908292,0.3683693639823387,0.0001169841504473474,10620373965599.69,3.049545187850388e-05,55.162506,-3.839114,-0.11418396,0.22320488,225.47404,53.166405,-3.852466,0.004673294874560269,0.03001289816761329,0.009345673876915803,1083.3691624604458,964.8826,118.4865330659145,-260.11548,260.11548,7050.7239963756565,2597.270714159914,1.247531477350412e-06,0.0009075037487841578,18.992066679516906,0.8884614689935719,1506281336.6484025,0.7445401604955337,5.034514521851431e-18,0.0001658991982302526,-71.96773,16.761192,-55.206535,True,-1526286.53839798,1202,0.01,783722.9180244498,3574379.7267861725,781934.0807183746,3574947.296413119
558397,1168,1,2019-03-20 01:58:01,2019-03-20 01:58:36,0 days 00:00:35,132.00961908975034,32.269599542644194,10700.507017599202,237.21167207907126,True,253.85099573844195,-0.32352877328698987,-0.9462183325509053,113.85487358608732,78.97101731159019,246.386772603777,224.19737,0.00014748143,23721.167207907125,1.2564684915636186,0.36859378956193306,0.00011737774197022171,12694664385137.55,3.0743626358112946e-05,55.114643,-3.8313298,-0.114204064,0.22429109,225.50847,53.11771,-3.8439634,0.00466646739673763,0.03011669238043071,0.009563140075049405,1083.3603836687932,964.8378,118.5225540789495,-260.03,260.03,6889.920687903246,2539.5819761354182,1.1698927607598248e-06,0.0008367643473424481,18.782039013580704,0.8867172540436317,1842497898.0419607,0.70948032281107,4.1775428363964e-18,0.00016910399216462561,-68.65065,15.171415,-53.479233,True,-1535006.0319345195,1202,0.009722222222222222,783496.1155720499,3574296.9415542856,781704.77531718,3574864.822432738
558398,1169,1,2019-03-20 01:58:02,2019-03-20 01:58:36,0 days 00:00:34,132.00706495666986,32.26886109353534,10695.463190429507,237.3987206400004,True,253.75977851419415,-0.32370972795800124,-0.9461564416233484,112.2605998611685,78.72142506658342,238.56975149642128,224.23236,0.00014811613,23739.87206400004,1.257478081267281,0.3688268800874693,0.0001177882405566845,12652062317488.77,3.0989254386830744e-05,55.06497,-3.8231173,-0.11422931,0.22543073,225.54425,53.067173,-3.834988,0.004659490196594333,0.030169440174777275,0.00959635826023888,1083.351330521975,964.79144,118.55988765088114,-259.93994,259.93994,6777.013757334555,2499.544840427561,1.1681114042667982e-06,0.0008349907396864632,18.69619143333362,0.8872173104347703,1866908164.9415023,0.7133903595625712,4.225242887959217e-18,0.000172698615699412,-69.02552,15.208397,-53.817123,True,-1522382.3275432196,1202,0.009444444444444445,783257.7261752054,3574208.2843245966,781463.7519844057,3574776.4924024856
558399,1170,1,2019-03-20 01:58:03,2019-03-20 01:58:36,0 days 00:00:00,132.0045119298507,32.26812249712654,10690.417714201305,237.58594982750373,False,0.0,0.0,0.0,108.43324312028837,78.4735702469292,0.0,224.26738,0.00014875176,23758.594982750372,1.2584678491022034,0.36906011128501537,0.00011820068227755185,12677032857442.145,3.123253730764106e-05,55.015263,-3.814872,-0.11425296,0.22658007,225.58006,53.016613,-3.825979,0.004652515062063572,0.030222020123003165,0.0,1083.3422843213023,964.7455,118.59680092286476,-259.84985,259.84985,6683.065850638675,2466.4530265617955,1.165202796888074e-06,0.0008322038748441611,18.6110259210943,0.8882753828182435,1896888814.3202493,0.7337561547723112,4.24909938979127e-18,0.00018167118299398005,-70.98677,15.559025,-55.427746,True,0.0,1202,0.0,783019.4377676975,3574119.6196025796,781222.8338022185,3574688.152150398
558400,1175,1,2019-03-20 01:58:08,2019-03-20 01:58:36,0 days 00:00:28,131.99198591502864,32.2645772597046,10664.518731659493,238.54890086420815,True,244.78470861813014,-0.3132495848258523,-0.9496708364514682,103.49625563281522,78.59480260130775,190.7644529918625,224.44691,0.00015204496,23854.890086420815,1.263523102503811,0.3702595300411466,0.00012033413426832933,8481606950100.53,3.14794483481744e-05,54.764473,-3.7761748,-0.110202834,0.23206575,225.76364,52.761642,-3.7840533,0.0046169812885295865,0.030265502507814835,0.009367520221308951,1083.2969110289241,963.83887,119.45804384142411,-259.25266,259.25266,6275.192893536814,2323.4499716784835,1.3094073780713689e-06,0.0009630048172216641,18.695433683470846,0.894983213338478,1351608961.5087738,0.805622018190856,6.6128825065936235e-18,0.00019888151493363797,-77.616325,18.519108,-59.097218,True,-1482611.8633253498,1202,0.0077777777777777776,781850.0170842485,3573693.4002338084,780040.7087846909,3574263.435410631
558401,1176,1,2019-03-20 01:58:09,2019-03-20 01:58:36,0 days 00:00:27,131.989514196997,32.26388782098611,10659.434537272302,238.73830704600917,True,248.6851348489375,-0.3307423665264982,-0.9437210853766337,102.11498019433067,78.4452593267442,193.88708779963585,224.4822,0.00015269632,23873.830704600918,1.264485979219844,0.3704952889494268,0.00012075761966105495,10060921362957.645,3.267839003290001e-05,54.715782,-3.768695,-0.10895827,0.23311344,225.79971,52.71217,-3.7759938,0.004610017896442002,0.030301361047285823,0.009917709508423399,1083.28782753153,963.5842,119.70359901590496,-259.11765,259.11765,6172.309479323474,2286.8115840272367,1.2458481510330706e-06,0.0009042989631243271,18.64642343589428,0.8937421821501873,1630009220.4806924,0.7945387873200803,5.715239350893331e-18,0.00020328243631548314,-76.57221,17.52565,-59.046562,True,-1484778.7733534211,1202,0.0075,781619.2174284346,3573610.436272853,779807.4004999141,3574180.763454075
558402,1177,1,2019-03-20 01:58:10,2019-03-20 01:58:36,0 days 00:00:26,131.98701881079592,32.263148273500974,10654.445493096626,238.92428686818286,True,248.60057893946214,-0.33090992096575494,-0.9436623465024117,100.33324265688336,78.10505792488466,185.60512110654727,224.5169,0.00015333874,23892.428686818286,1.265422177229037,0.3707265785632497,0.00012117595463889162,10014670755519.586,3.292419070970225e-05,54.668137,-3.7611382,-0.10771776,0.23415153,225.83519,52.663776,-3.767832,0.004603304856798332,0.030367680531714396,0.009953207768485989,1083.2791813914957,963.32806,119.95111742665199,-258.98093,258.98093,6043.3062857505865,2240.4142625260956,1.2423661373323874e-06,0.0009009357449834437,18.525500054616415,0.8941469117634049,1657150950.4876518,0.7960407310212343,5.783067788683248e-18,0.00020867261350919348,-76.676704,17.484226,-59.19248,True,-1461652.8878561563,1202,0.007222222222222222,781386.3387427139,3573521.85804178,779571.9834920472,3574092.4826639476
558403,1178,1,2019-03-20 01:58:11,2019-03-20 01:58:36,0 days 00:00:25,131.98452444910475,32.262408603102564,10649.455877939243,239.11040529322275,True,248.51554474597202,-0.3310784200011648,-0.9436032427930355,98.54390423099375,77.76654049934737,177.39628138694206,224.55164,0.00015398198,23911.040529322276,1.266346727875917,0.3709579892133759,0.00012159543296176991,9967775079263.1,3.317028764146159e-05,54.620476,-3.753557,-0.10648001,0.23519742,225.87068,52.615368,-3.7596452,0.004596594706206361,0.030434126664467147,0.009988839310166983,1083.2705414368909,963.0721,120.19845891735963,-258.8443,258.8443,5914.72814221788,2194.1156583809116,1.2387514996354077e-06,0.0008974550846120399,18.40544841699579,0.894550488764579,1685246530.2869227,0.7974495007247442,5.851755616194902e-18,0.00021436492313249068,-76.77231,17.439247,-59.33306,True,-1438162.2787868527,1202,0.006944444444444444,781153.5533421832,3573433.2745222123,779336.6634481347,3574004.194110587
558404,1179,1,2019-03-20 01:58:12,2019-03-20 01:58:36,0 days 00:00:24,131.98203111697012,32.26166880918198,10644.468663385835,239.2965514695778,True,248.44839715013305,-0.33122567553902454,-0.9435515629067216,96.73832084117207,77.42120475070413,169.23043752820976,224.58638,0.00015462568,23929.65514695778,1.2672497921128594,0.3711893263608213,0.00012201673544417425,13460772676416.201,3.34164715114634e-05,54.572834,-3.7459512,-0.10524526,0.2362506,225.90619,52.566982,-3.7514331,0.004589887186542967,0.03050204648043555,0.010024367782650829,1083.2619077132413,962.8164,120.44550146324127,-258.7077,258.7077,5785.414543918513,2147.484127275211,1.1154605256973252e-06,0.0007862457274743947,18.28305765156557,0.8917322310719026,2326673840.609371,0.7643081894871719,4.249835177173791e-18,0.00022029955311821198,-73.670105,15.340537,-58.329567,True,-1392444.116480578,1202,0.006666666666666667,780920.8617053854,3573344.6856527985,779101.4405132429,3573915.897817809
558405,1180,1,2019-03-20 01:58:13,2019-03-20 01:58:36,0 days 00:00:23,131.97953863071558,32.260928890776526,10639.40712251161,239.48559181298822,True,250.56629948000355,-0.3284711258493245,-0.9445140123276506,95.01221708838985,77.2264018501418,160.19706822911354,224.62164,0.00015527937,23948.55918129882,1.268148509720799,0.3714242479898251,0.00012244572936026242,9855539035133.527,3.365931287014774e-05,54.52442,-3.7383223,-0.10400762,0.23732504,225.94223,52.517807,-3.7431972,0.004583054519301584,0.030545763254588,0.009963280195785053,1083.2532789386196,962.5609,120.69236585268209,-258.57117,258.57117,5674.2372101022365,2107.549288678106,1.2328631909359053e-06,0.0008917248499764975,18.217240111149135,0.895466090399431,1736892320.5372927,0.8025598672137751,6.003341019967509e-18,0.0002269080679925437,-77.180595,17.4102,-59.770393,True,-1407651.9661917537,1202,0.006388888888888889,780688.2465263157,3573256.090838764,778866.3103331445,3573827.589185323
558406,1181,1,2019-03-20 01:58:14,2019-03-20 01:58:36,0 days 00:00:22,131.97702233299663,32.260188864170416,10634.40439572648,239.67255435333092,True,250.48125697592553,-0.32863905251288683,-0.9444555961840833,93.19794692204502,76.89788616409248,152.2698174101866,224.65652,0.00015592643,23967.255435333092,1.2690195260418127,0.37165650421845364,0.00012287158035998575,9804923963645.475,3.390541813470241e-05,54.476635,-3.7305853,-0.10276824,0.23839834,225.97787,52.469276,-3.7348497,0.004576350710960639,0.030611556104738896,0.009998712575549034,1083.2444808977918,962.30304,120.9414413470106,-258.4334,258.4334,5546.826285624171,2061.5140668221093,1.2289033950708549e-06,0.0008879398678032082,18.101485237269017,0.8958689177307514,1767663788.0398576,0.8037711530910985,6.075952062365171e-18,0.00023369294408643124,-77.25687,17.35648,-59.900387,True,-1382952.2229955096,1202,0.006111111111111111,780453.3839798825,3573167.427374306,778628.907901596,3573739.230657006
558407,1182,1,2019-03-20 01:58:15,2019-03-20 01:58:36,0 days 00:00:21,131.97450706569225,32.259448710641685,10629.401890078196,239.85962679230684,True,250.3963077171585,-0.32880727611168525,-0.9443970431847053,91.3714142020526,76.56949204639064,144.4047353995326,224.69142,0.00015657424,23985.962679230684,1.2698774892179838,0.3718888362111357,0.00012329869897849781,9753307065070.213,3.415192693544456e-05,54.428844,-3.7228236,-0.10153171,0.23947938,226.01355,52.420746,-3.7264764,0.00456953575244512,0.030677668124292092,0.010034322702047785,1083.2356890984413,962.0455,121.19021790703505,-258.29575,258.29575,5419.424791640473,2015.423578696952,1.2247776005726597e-06,0.0008840085416229473,17.985970507955788,0.896280129724298,1799694144.6839163,0.8048800666903873,6.1497519318128376e-18,0.00024091104749521453,-77.323494,17.298704,-60.024788,True,-1357833.7187750526,1202,0.005833333333333334,780218.6152580099,3573078.7582758963,778391.6224711371,3573650.8767849407
558408,1183,1,2019-03-20 01:58:16,2019-03-20 01:58:36,0 days 00:00:00,131.97199282820975,32.258708429532035,10624.399113008443,240.04682760841573,False,0.0,0.0,0.0,88.55472833996812,76.24241224184111,0.0,224.72633,0.00015722284,24004.682760841573,1.2707175888298956,0.3721212500020705,0.00012372759854616992,9732624164825.666,3.439661328715835e-05,54.381046,-3.7150373,-0.100297965,0.24056824,226.04924,52.372208,-3.718078,0.004562722931558483,0.030743952892086236,0.0,1083.2269035469296,961.78815,121.43875657427338,-258.1581,258.1581,5302.714742075071,1973.2528382253822,1.2199354191994733e-06,0.0008794311893676302,17.871169053559225,0.8970142695203267,1835404059.6604056,0.8160659035853804,6.203219372576206e-18,0.0002529086832797176,-78.348755,17.431566,-60.91719,True,0.0,1202,0.0,779983.9403078934,3572990.0834618304,778154.4347256008,3573562.514633894
558409,1188,1,2019-03-20 01:58:21,2019-03-20 01:58:36,0 days 00:00:15,131.95923564702844,32.25500517740327,10598.469423873457,241.01899716552123,True,245.46506006014437,-0.3357844254786214,-0.941938861925758,81.15807685054351,76.45059426354678,104.31916950518206,224.90747,0.00016059137,24101.89971655212,1.2747904518862974,0.3733273912850356,0.00012597472078913034,3678063210225.784,3.314645065572133e-05,54.132755,-3.6750667,-0.09403038,0.24631867,226.23438,52.120045,-3.6750102,0.004527727336607086,0.03076806518026993,0.010332250725313557,1083.1816458437372,960.4836,122.69806430076846,-257.46063,257.46063,4828.785639544326,1802.7179458857256,1.6171956323128048e-06,0.0012531641025648947,17.98299063591502,0.9111699984565839,761695275.9520029,0.7808655542672831,1.705827055994443e-17,0.0002987612166245238,-74.45158,20.770964,-53.68061,True,-1066664.3770732097,1202,0.004166666666666667,778792.9866523766,3572546.107050347,776950.8429316023,3573120.064580318
558410,1189,1,2019-03-20 01:58:22,2019-03-20 01:58:36,0 days 00:00:14,131.95677750460345,32.2542640906583,10593.347941915179,241.21139095646038,True,245.37765505339112,-0.33596263273018495,-0.941875315213751,79.29018404597603,76.35270263009318,96.93117828084112,224.94331,0.00016125961,24121.13909564604,1.275546142095734,0.37356586419538457,0.00012642397198997166,3658019784812.7,3.333017543639483e-05,54.08363,-3.6672933,-0.09282263,0.2474738,226.27101,52.07015,-3.666626,0.004520795807272009,0.030796346985658515,0.010356034497529164,1083.1732507836534,960.2332,122.94003545162218,-257.326,257.326,4715.64951005994,1761.6056844680834,1.6106979373753264e-06,0.0012465679057601568,17.953454802042998,0.9115976658881837,775719182.9055598,0.7917432890823566,1.7236238201512192e-17,0.00031134041049935094,-75.445724,20.928524,-54.5172,True,-1057493.751200249,1202,0.0038888888888888888,778563.5788429151,3572457.523471768,776719.0397751222,3573031.759867105
558411,1190,1,2019-03-20 01:58:23,2019-03-20 01:58:36,0 days 00:00:13,131.95432042350876,32.25352287471579,10588.227319198233,241.40387677751755,True,245.29005725476972,-0.33614145716720834,-0.9418115102150247,77.38606590963717,76.2541058695551,89.5322352072978,224.97917,0.00016192853,24140.387677751754,1.2762860151142055,0.3738043810125377,0.0001268747994272704,3637583964924.881,3.351010968514142e-05,54.034504,-3.6594946,-0.09161773,0.24863668,226.30766,52.020256,-3.6582155,0.004513867625771582,0.03082473257249417,0.010379904329287946,1083.1648623194815,959.983,123.18189112807522,-257.19144,257.19144,4600.37129022394,1719.6389425700095,1.6036664729085423e-06,0.0012394612231578974,17.92362229973949,0.9120108859424093,790715300.0139273,0.8029568912034538,1.7414380078903546e-17,0.000325102675228746,-76.47022,21.085646,-55.384575,True,-1047582.4413991807,1202,0.003611111111111111,778334.2678543744,3572368.9338084026,776487.3371847296,3572943.4465964925
558412,1191,1,2019-03-20 01:58:24,2019-03-20 01:58:36,0 days 00:00:12,131.95186440554392,32.252781528874614,10583.110774959136,241.59633349817847,True,245.17548328031367,-0.3363520285026106,-0.9417363287683974,75.44630279756937,76.14390807327071,82.12118811375731,225.01503,0.00016259773,24159.633349817846,1.2770078987295084,0.3740427767573296,0.00012732711463008176,8844784669536.951,3.630964684043757e-05,53.985416,-3.6516705,-0.09041592,0.24980666,226.3443,51.970398,-3.6497788,0.004507057287474367,0.030855195308703925,0.01040548061838693,1083.1564804750199,959.73303,123.42344824845736,-257.05692,257.05692,4482.335943650905,1676.58538272237,1.2146024804054216e-06,0.0008731470965837629,17.889517447928096,0.9017379645799827,1973253406.422007,0.8558904071296646,7.222560662707046e-18,0.00033409939809361344,-81.77208,17.876507,-63.895573,True,-1163514.4625096715,1202,0.0033333333333333335,778105.0538596257,3572280.3379799807,776255.7347845514,3572855.1251413524
558413,1192,1,2019-03-20 01:58:25,2019-03-20 01:58:36,0 days 00:00:11,131.9494097077362,32.2520400521507,10578.206986534004,241.78090407701777,True,253.97525593040368,-0.32473952258950034,-0.9458034904082049,73.24091154641032,75.6198850288477,71.45120777039297,225.04945,0.00016324098,24178.090407701777,1.2776871071700033,0.37427128795690523,0.0001277628795420619,8816248444989.559,3.656750732673793e-05,53.93852,-3.6438248,-0.08923289,0.25094348,226.37949,51.92279,-3.64132,0.004500405820278672,0.030955402025963766,0.010088815779905749,1083.1481070812729,959.48346,123.66464760861663,-256.92252,256.92252,4326.674630787552,1619.3500866353245,1.2047532694753853e-06,0.0008640656857560847,17.701434978153966,0.9019411894259634,2037649973.0891027,0.8519775062884318,7.284984099727549e-18,0.0003353990614046756,-81.368774,17.650242,-63.718533,True,-1166356.5126411698,1202,0.0030555555555555557,777875.961087652,3572191.7365362397,776024.220175519,3572766.8071108684
558414,1193,1,2019-03-20 01:58:26,2019-03-20 01:58:36,0 days 00:00:10,131.94685592993585,32.25129847422652,10573.205680620466,241.9692626436023,True,253.89025290309579,-0.32490869702632563,-0.945745387827324,71.13023144170647,75.28825944338891,64.03035361793997,225.08456,0.00016389704,24196.92626436023,1.2783584359390283,0.3745044373564736,0.00012820898889095254,8750896772784.324,3.682039527492983e-05,53.890736,-3.6356204,-0.088009596,0.25211516,226.41536,51.874287,-3.6324894,0.004493737769220161,0.031023520826628136,0.010125355935915313,1083.1390321327474,959.2233,123.91570449602864,-256.783,256.783,4186.734932594656,1567.9508102920552,1.1975770319076805e-06,0.0008574141251022215,17.585130592973623,0.9022735654787959,2090148269.1575863,0.8514690301877184,7.381794381145345e-18,0.00033627849216664297,-81.28228,17.520788,-63.76149,True,-1132566.1868403053,1202,0.002777777777777778,777637.5266503775,3572102.872808081,775783.238954937,3572678.243771027
558415,1194,1,2019-03-20 01:58:27,2019-03-20 01:58:36,0 days 00:00:00,131.94430318488514,32.25055675842775,10568.204319027232,242.15774211270232,False,0.0,0.0,0.0,68.79266535069068,74.95721149730039,0.0,225.11969,0.00016455387,24215.774211270233,1.2790182827899126,0.37473765582374163,0.00012865638789047259,8696322301556.995,3.7074834331483057e-05,53.842945,-3.6273906,-0.08678912,0.25329474,226.45128,51.825783,-3.6236331,0.004486844044987209,0.03109184633643891,-0.0,1083.1299635163268,958.9635,124.16646253976432,-256.64352,256.64352,4049.910629525175,1517.6540156039177,1.189833358537662e-06,0.0008502642330265902,17.469213653452577,0.9027121532274581,2147287458.1868443,0.8542245630498787,7.470000177956917e-18,0.00033696456212238464,-81.50387,17.446264,-64.0576,True,0.0,1202,0.0,777399.1862359755,3572014.0023770817,775542.3557391022,3572589.670930189
558416,1200,1,2019-03-20 01:58:33,2019-03-20 01:58:36,0 days 00:00:03,131.92910829810705,32.24610348313607,10537.330544103537,243.32387363450147,True,247.94157195237307,-0.32193128415604,-0.9467630370275569,55.49090967816981,74.91373465198832,14.202210707766085,225.33713,0.00016854302,24332.387363450147,1.282085340112798,0.3761789035172447,0.00013146006171490846,10758578507792.625,3.850578695753531e-05,53.55244,-3.579253,-0.07902821,0.25942162,226.67354,51.531075,-3.5719693,0.004444927964531189,0.03116436218263855,0.0101390355058129,1083.0763926835464,957.30896,125.76743272260887,-255.82101,255.82101,3263.705044653092,1227.7369851013002,1.0458582697292258e-06,0.0007218393692856553,17.489650851110877,0.9028603278185837,3296431007.2744894,0.9320044415476624,6.080162568248086e-18,0.0003377437387895499,-88.628746,16.796686,-71.83206,True,-979800.8103884821,1202,0.0008333333333333334,775980.5342752133,3571480.886236193,774108.8301607983,3572058.216475566
558417,1201,1,2019-03-20 01:58:34,2019-03-20 01:58:36,0 days 00:00:02,131.92661284880603,32.24538579104237,10532.32199481533,243.51347917625156,True,247.85766819880848,-0.3221010699226244,-0.946705287169508,52.89139480878394,74.64646793679691,7.079697404230373,225.37247,0.00016919125,24351.347917625157,1.2825184319650789,0.3764129992791718,0.00013192110408232906,10652870388515.625,3.877141503708453e-05,53.50545,-3.5712805,-0.0777593,0.26041344,226.70967,51.483418,-3.5634272,0.00443805473865524,0.03122140675665761,0.010171168389545885,1083.0674204743464,957.0389,126.02854107981511,-255.68689,255.68689,3100.5552410778114,1167.0892977248545,1.0341028064115117e-06,0.0007114887481103085,17.396864995919827,0.903140304416958,3435794417.5226135,0.9534048084864987,6.167311097787052e-18,0.00033849533570961816,-90.58147,16.959421,-73.62205,True,-957638.8544641093,1202,0.0005555555555555556,775747.4955977193,3571394.868674428,773873.3465215177,3571972.480077821
558418,1202,1,2019-03-20 01:58:35,2019-03-20 01:58:36,0 days 00:00:00,131.92411841608453,32.244667963529025,10527.313970609735,243.70318443983945,False,0.0,0.0,0.0,50.19169893055768,74.3787563837782,0.0,225.40784,0.00016984028,24370.318443983946,1.2829359576114483,0.37664713027955243,0.00013238406524833648,10542704859359.562,3.904725279381318e-05,53.458466,-3.5632858,-0.07649416,0.26141143,226.74582,51.43576,-3.554863,0.004431298500718129,0.03127886996596782,-0.0,1083.0584545850409,956.77014,126.28831298347836,-255.55304,255.55304,2932.045397647781,1104.3464848734059,1.0211634953008681e-06,0.0007001494146961113,17.304094569585935,0.903379773439252,3595682682.0680866,0.9798890081227583,6.25821474996214e-18,0.0003392610666256557,-93.000725,17.179155,-75.82157,True,0.0,1202,0.0,775514.5496192771,3571308.844351396,773637.9686762968,3571886.7524831053
