,waypoint,flight_id,formation_time,time,age,longitude,latitude,altitude,level,continuous,segment_length,sin_a,cos_a,width,depth,sigma_yz,air_temperature,specific_humidity,air_pressure,rhi,rho_air,q_sat,n_ice_per_m,iwc,u_wind,v_wind,vertical_velocity,tau_cirrus,air_temperature_lower,u_wind_lower,v_wind_lower,dT_dz,ds_dz,dsn_dz,sdr,top_net_solar_radiation,rsr,top_net_thermal_radiation,olr,area_eff,plume_mass_per_m,r_ice_vol,terminal_fall_speed,diffuse_h,diffuse_v,n_ice_per_vol,tau_contrail,dn_dt_agg,dn_dt_turb,rf_sw,rf_lw,rf_net,persistent,ef,timestep,age_hours,x,y,x_proj,y_proj
89285,32,1,2021-09-11 12:51:42,2021-09-11 13:11:12,0 days 00:00:00,-30.61092152813123,40.39963622701335,10273.615206153283,253.47117479167392,False,0.0,0.0,0.0,758.2422765300165,186.75652981236996,0.0,228.40775,0.00026024014,25347.11747916739,1.4287756922597432,0.38659856540624465,0.00018214205198389776,3586541253576.77,7.97483364478735e-05,-4.114974,-40.51877,-0.14472418,0.89261395,229.95139,-3.6620574,-39.336952,0.0028689084341544913,0.01351846379516571,0.0,1065.39291783772,740.68445,324.7084695955325,-179.34686,179.34686,111217.63921590408,42996.579768737814,6.2903371350785744e-06,0.009261033194892087,47.14969995461894,1.7776054261944976,32247953.4618992,1.0328506690067942,8.280822452924989e-17,1.6463285030791875e-05,-58.627678,15.569281,-43.058395,True,0.0,1169,0.0,702746.7171203974,4474854.908593599,,
89286,39,1,2021-09-11 12:51:49,2021-09-11 13:11:12,0 days 00:00:00,-30.630464852210196,40.39518335960818,10294.77871491431,252.64440731169984,False,0.0,0.0,0.0,746.0294448860747,184.35614360490715,0.0,228.24055,0.0002564258,25264.440731169983,1.4311983581846943,0.3856198104817257,0.00017916858758732082,3629072029168.872,7.904931408439373e-05,-4.1658287,-40.563572,-0.14751257,0.8950189,229.78012,-3.7134628,-39.38589,0.0029015091261828728,0.013542094474054996,0.0,1065.3808542142679,742.2849,323.09594210489286,-179.3419,179.3419,108019.82395505474,41654.58404181759,6.181622190918395e-06,0.008996842506255442,46.02577065359907,1.7436712867955748,33596352.005525105,1.0606555987095807,7.998921396777708e-17,1.6586744083068086e-05,-60.512154,15.934596,-44.577557,True,0.0,1169,0.0,701101.2959828094,4474315.913727391,,
89287,41,1,2021-09-11 12:51:51,2021-09-11 13:11:12,0 days 00:19:21,-30.636314504455243,40.39362757825388,10304.671605719499,252.25868419916657,True,245.03685429344526,-0.23758921552366863,-0.9713657213773028,1946.8501338895944,176.37481253911758,34517.50921445809,228.1623,0.00025455936,25225.868419916656,1.4317863918826381,0.38516313613599196,0.0001777914367598765,6287972086069.87,7.855851070545425e-05,-4.189607,-40.598316,-0.14843528,0.8953192,229.7,-3.73752,-39.42238,0.0029164527017610455,0.013755678171130981,0.011299098635683508,1065.3802137905761,742.76935,322.6108656460449,-179.34302,179.34302,160292.96378768713,61738.940632998565,5.855913076966752e-06,0.008204809907521548,42.79126613209281,1.427350071787192,39227998.144687615,0.6455613563070058,4.4114683471111636e-17,2.2184541725426216e-05,-37.450592,10.77879,-26.671803,True,-12713474.111587819,1169,0.3225,700609.4132121109,4474129.903588652,,
89288,42,1,2021-09-11 12:51:52,2021-09-11 13:11:12,0 days 00:00:00,-30.639124946609456,40.39310399824631,10305.537811148086,252.22493362816414,False,0.0,0.0,0.0,735.7459758244303,179.4180034607378,0.0,228.15562,0.00025444909,25222.493362816414,1.4321009348672826,0.38512285903416277,0.00017767538525909407,6403890728119.017,7.89281498686974e-05,-4.19173,-40.591515,-0.14878254,0.8959192,229.69313,-3.7396474,-39.415848,0.002918022854173046,0.013662587516666548,0.0,1065.3768932920116,743.0016,322.3753063779491,-179.34303,179.34303,103677.32810572512,39928.509017099816,5.0412440154334e-06,0.006350918578989974,43.980989501650924,1.5367607598242103,61767513.159565985,1.3175618745992046,3.9126233932119634e-17,1.5863906330245744e-05,-75.24766,17.274574,-57.973083,True,0.0,1169,0.0,700372.4179698309,4474065.402155538,,
89289,49,1,2021-09-11 12:51:59,2021-09-11 13:11:12,0 days 00:19:13,-30.658914070265922,40.38881720705621,10320.024148247621,251.6610339824343,True,230.25546279589568,-0.20772481336637907,-0.9781873041048441,1975.481401332673,176.720805274677,35261.621638010074,228.04202,0.00025196376,25166.10339824343,1.4340740627884903,0.38445326371189886,0.0001756978738187822,6462492583333.792,7.817907362631056e-05,-4.2269473,-40.59393,-0.15143712,0.8991747,229.57668,-3.7751362,-39.42138,0.0029408717758707325,0.013709717891847183,0.01148986336400421,1065.3615002173551,744.6517,320.70982785407386,-179.35052,179.35052,161533.34613065675,62102.02211823482,5.804695192368735e-06,0.008087570880779563,42.8157821455945,1.4157861247942443,40007173.36782329,0.6329436888660378,4.239890195485974e-17,2.2271922255282167e-05,-36.967503,10.6498995,-26.317604,True,-11960041.218766363,1169,0.3202777777777778,698705.3287154378,4473544.825055268,,
89290,50,1,2021-09-11 12:52:00,2021-09-11 13:11:12,0 days 00:00:00,-30.661573336212882,40.388387051503656,10320.873623921776,251.6279987427327,False,0.0,0.0,0.0,736.7007248403044,179.7833900474735,0.0,228.0355,0.00025185122,25162.79987427327,1.434351325530458,0.38441378508340934,0.00017558544739733383,6585353998064.528,7.855490765990193e-05,-4.228968,-40.58766,-0.15176569,0.89973825,229.56998,-3.777187,-39.415363,0.0029423293418443562,0.01361665307907822,0.0,1065.3574612899858,744.87366,320.48380406342335,-179.35149,179.35149,104023.28007316968,39987.98282971875,4.989096638570596e-06,0.006242920353876174,44.011837772601716,1.525620458894555,63306540.549696274,1.3117219221777794,3.754403470788309e-17,1.5761244090987254e-05,-68.65579,17.738802,-50.916992,True,0.0,1169,0.0,698480.8603221624,4473491.095928225,,
89291,60,1,2021-09-11 12:52:10,2021-09-11 13:11:12,0 days 00:19:02,-30.689582018294942,40.38274798840556,10334.374996872262,251.1034154055709,True,247.84374568947533,-0.31208098865582584,-0.9500555018100797,1818.5036284799235,175.5084127729347,31996.081140306487,227.93051,0.00024972443,25110.34154055709,1.4370166716123884,0.3837890952557729,0.00017377977071314526,6418373775320.173,7.803706048942178e-05,-4.262218,-40.5483,-0.15535305,0.90523,229.46222,-3.8106062,-39.379307,0.002964410054327118,0.013709087135734474,0.010607509984094831,1065.3296676792086,747.24286,318.0868087924898,-179.37605,179.37605,149730.90307929568,57465.08782463271,5.665966585946481e-06,0.00776442044820155,42.22837933571253,1.4005422961889646,42866059.332595356,0.6213376865579746,4.183940294120473e-17,2.193559437170615e-05,-36.651363,10.461362,-26.190002,True,-11794170.211180588,1169,0.31722222222222224,696119.6954169392,4472802.55753047,,
89292,61,1,2021-09-11 12:52:11,2021-09-11 13:11:12,0 days 00:19:01,-30.692361703994493,40.38205241606586,10336.934998982744,251.004048843843,True,230.5709324820402,-0.20997286644942206,-0.9777072135128252,1950.2073539370979,180.7924842565073,35229.624482949206,227.91043,0.00024926328,25100.4048843843,1.4372087447622222,0.3836710094704344,0.00017343568108571468,2732436141080.076,7.746678118259836e-05,-4.2685285,-40.55164,-0.1557402,0.90563416,229.44164,-3.8169525,-39.38315,0.0029684502151172865,0.01354816633957502,0.011330101602405206,1065.3287204951191,747.48175,317.84697000683786,-179.3803,179.3803,166390.5657092663,63839.236312030844,7.781531431858831e-06,0.01335910625745234,44.28343131450222,1.6500644449555115,16421821.330029331,0.4972744936310207,1.2218523196730766e-16,2.383191610417674e-05,-28.763376,9.818698,-18.94468,True,-8516378.628244417,1169,0.3169444444444444,695885.7372490006,4472719.175852611,,
89293,62,1,2021-09-11 12:52:12,2021-09-11 13:11:12,0 days 00:00:00,-30.695023018699374,40.38161701316134,10338.172476477203,250.9560275331592,False,0.0,0.0,0.0,740.5989243726858,185.73404436064064,0.0,227.90085,0.00024906898,25095.602753315918,1.4374448930170292,0.3836137319306954,0.0001732720200600422,2783772137096.4736,7.780920531749242e-05,-4.2714777,-40.547646,-0.15607867,0.9061555,229.4318,-3.8199518,-39.379448,0.0029705218880027927,0.013405539186997767,0.0,1065.324714696039,747.708,317.6167068835391,-179.38301,179.38301,108034.99941677578,41443.70930539986,6.706037690395107e-06,0.01035940813083487,46.24526982260612,1.8353891845143315,25767317.555649534,0.9722267275925238,1.0837829366976749e-16,1.7056553077347298e-05,-56.34308,15.738159,-40.60492,True,0.0,1169,0.0,695661.0700861184,4472664.945678099,,
89294,67,1,2021-09-11 12:52:17,2021-09-11 13:11:12,0 days 00:18:55,-30.708857320525567,40.37882820638124,10346.835567445969,250.6200576043604,True,242.07467974399938,-0.2347155984784275,-0.972064086277707,1885.081891045299,173.0064941990447,32851.628265398096,227.83336,0.0002475991,25062.00576043604,1.4385017712166572,0.38321366080141656,0.00017212289642954003,8111789919175.808,7.773841588710375e-05,-4.292643,-40.53992,-0.15789929,0.90863293,229.36256,-3.841313,-39.373596,0.002984467083616664,0.013756770362897295,0.011305986326675033,1065.3109099644169,748.8962,316.4147307651981,-179.4029,179.4029,151667.29840246055,58120.98064466775,5.2536926239474515e-06,0.006826953335340814,41.1757292136252,1.3519567872291598,53484106.360558785,0.6886786644653817,3.122512339108498e-17,2.2043960564723993e-05,-40.970116,11.084797,-29.885319,True,-13639174.709661532,1169,0.31527777777777777,694494.6495598392,4472324.819816543,,
89295,68,1,2021-09-11 12:52:18,2021-09-11 13:11:12,0 days 00:18:54,-30.711635191666545,40.37831720865034,10346.785103855123,250.6220136161523,True,256.63964300483235,-0.30860147143417693,-0.9511914275416179,1790.3478581885197,173.21833544088273,31065.619144864562,227.83394,0.00024766766,25062.20136161523,1.4388132407679453,0.38321566743445096,0.000172133292207682,7245957583827.919,7.778275771734108e-05,-4.2926736,-40.527615,-0.15822202,0.9093618,229.36313,-3.8413036,-39.36141,0.002984573330471392,0.013749213418886895,0.010664961414529276,1065.307472423969,749.1352,316.17227955287535,-179.40703,179.40703,145691.73898342208,55831.35699421791,5.383556342548503e-06,0.007118029617922953,41.25395352823513,1.3669201873200154,49734855.485885985,0.6488349391278777,3.558797268399231e-17,2.1928863656458908e-05,-38.603462,10.674283,-27.92918,True,-12834786.137350237,1169,0.315,694260.2847920799,4472261.983981841,,
89296,69,1,2021-09-11 12:52:19,2021-09-11 13:11:12,0 days 00:18:53,-30.71451676036972,40.377604983974,10349.59011421275,250.51330777519013,True,242.3642616326449,-0.22970141482292825,-0.9732611468811159,1888.8626615602643,175.60979675859298,33247.45539724295,227.81197,0.00024715596,25051.33077751901,1.4389597140349994,0.38308640317683346,0.0001717601639904485,4458558418965.046,7.741071128825204e-05,-4.2995768,-40.531918,-0.15862699,0.90976155,229.3406,-3.8482556,-39.36625,0.002988988050711896,0.013670955098141292,0.011274047409797164,1065.3063498041815,749.3863,315.9200583002753,-179.41284,179.41284,155662.60524971402,59632.22755424822,6.459663494805566e-06,0.009721656719352188,42.15958598907596,1.4771045461723433,28642450.200628627,0.5337508113420968,6.549612950500828e-17,2.2930874366393056e-05,-31.47038,9.809943,-21.660439,True,-9910890.510832408,1169,0.31472222222222224,694017.690320499,4472176.589408186,,
89297,70,1,2021-09-11 12:52:20,2021-09-11 13:11:12,0 days 00:00:00,-30.717301309531507,40.377104307097746,10350.50586237925,250.47782698547985,False,0.0,0.0,0.0,722.0881668185284,179.23357083700358,0.0,227.80493,0.00024702746,25047.782698547984,1.4392061849092015,0.3830439752136927,0.00017164146849634243,4520236982791.544,7.776633938997188e-05,-4.3018465,-40.52539,-0.15897317,0.910365,229.33337,-3.8505423,-39.359974,0.0029905703239774084,0.013561187127848656,0.0,1065.3027435729603,749.62646,315.67627872921025,-179.41722,179.41722,101648.1471481087,38935.710356717944,5.586933943713428e-06,0.0075851529788451754,43.564870082101834,1.6101202645131352,44469447.89072477,1.0534497984748916,5.853987763437205e-17,1.6480491128774942e-05,-61.912277,15.747349,-46.16493,True,0.0,1169,0.0,693782.721211293,4472114.899877661,,
89298,76,1,2021-09-11 12:52:26,2021-09-11 13:11:12,0 days 00:18:46,-30.734135549671976,40.374135336765896,10352.895936357327,250.38524240678964,True,238.305010170328,-0.2727590766553401,-0.9620823697075662,1836.8196189789953,175.6620797553087,32307.83273143193,227.78728,0.0002468885,25038.524240678966,1.4408779206812563,0.3829320588419608,0.0001713458778934391,4832047311791.9,7.768115015094405e-05,-4.308214,-40.466988,-0.16099198,0.91444737,229.31508,-3.8568623,-39.302635,0.002995611195076151,0.013656086546925461,0.010903806396280613,1065.2801089940356,751.08453,314.1955753026293,-179.44624,179.44624,151698.26861365,58090.130322985795,6.241317725429787e-06,0.00916773125182683,42.13881330935123,1.4539194250579408,31853015.568017542,0.5736701046818167,5.91662020983905e-17,2.256527619901421e-05,-34.074978,10.2974205,-23.777557,True,-10410183.905886441,1169,0.31277777777777777,692361.9563186594,4471748.539340905,,
89299,77,1,2021-09-11 12:52:27,2021-09-11 13:11:12,0 days 00:18:45,-30.736841872560973,40.37355077245315,10353.772503795557,250.35129365620455,True,231.7463612344963,-0.23231937082069795,-0.9726395580797005,1887.2476270017987,178.56767032285356,33649.38609419536,227.78052,0.00024676457,25035.129365620454,1.4411126520887174,0.38289150714174,0.00017123197675675318,3036690990392.317,7.743655920227708e-05,-4.31052,-40.46048,-0.16132995,0.9150537,229.30812,-3.8591497,-39.29637,0.0029971891292240116,0.013567630463499847,0.011164387933820002,1065.2779014636103,751.322,313.9558799792353,-179.45236,179.45236,159232.49204597014,60968.76886541663,7.397159371242126e-06,0.012259030810622613,43.26230668239012,1.5922361659593594,19070799.881192777,0.4822988618409858,1.0587520287220863e-16,2.3581350190303882e-05,-28.350647,9.498495,-18.852152,True,-8239229.02545488,1169,0.3125,692133.843205457,4471677.760172015,,
89300,78,1,2021-09-11 12:52:28,2021-09-11 13:11:12,0 days 00:00:00,-30.739502561414838,40.373066577398895,10354.857637234834,250.3092724755145,False,0.0,0.0,0.0,728.8348046179589,183.1445121617594,0.0,227.77214,0.0002465974,25030.927247551448,1.4413252020446154,0.38284132840802154,0.000171090740239857,3080724089466.787,7.777726898870993e-05,-4.3131986,-40.45547,-0.1616661,0.9156094,229.29953,-3.861854,-39.291634,0.0029989065594440943,0.013433458717565043,0.0,1065.2745135469745,751.55426,313.72025329306825,-179.4577,179.4577,104836.59205387933,40135.780167676996,6.413442663366643e-06,0.009605063600528435,45.05838946599896,1.7655722474593878,29385961.8012334,0.9410660377520611,9.471301085843646e-17,1.701569241165455e-05,-55.43173,15.296132,-40.135597,True,0.0,1169,0.0,691909.3157866206,4471618.229297121,,
89301,83,1,2021-09-11 12:52:33,2021-09-11 13:11:12,0 days 00:00:00,-30.753251016458904,40.37043308929647,10360.724978152304,250.08216192153188,False,0.0,0.0,0.0,707.0375106052194,173.85912623929542,0.0,227.72672,0.00024563092,25008.216192153188,1.4421234864839985,0.3825702644915699,0.00017032585492469403,8761615359297.041,7.819884329749943e-05,-4.3296585,-40.43269,-0.16327854,0.9184881,229.2529,-3.8783586,-39.27055,0.0030085661212964966,0.013687713991338231,0.0,1065.25873517663,752.5532,312.7055125203799,-179.49406,179.49406,96545.0093978967,36935.249780694445,4.41095960259889e-06,0.005065591032524462,41.37384730087386,1.418924774120842,90751613.30387646,1.3785486583246336,2.5657026076664216e-17,1.5886390362585938e-05,-74.18516,17.816921,-56.368237,True,0.0,1169,0.0,690749.4458766204,4471296.125959847,,
89302,87,1,2021-09-11 12:52:37,2021-09-11 13:11:12,0 days 00:00:00,-30.764449429223305,40.36840097548109,10360.878185713655,250.07623386410677,False,0.0,0.0,0.0,705.5235061974779,173.6914032552542,0.0,227.72589,0.00024566884,25007.623386410676,1.4424521032506532,0.38256256752463436,0.0001703133417600647,8826310548522.871,7.843253808715027e-05,-4.337011,-40.390797,-0.16413163,0.92150563,229.25203,-3.8853853,-39.230167,0.003008924002215849,0.013678648423728358,0.0,1065.24432062544,752.819,312.42535089887747,-179.53802,179.53802,96245.33602315684,36819.86286129006,4.399943458722829e-06,0.005044005351581737,41.266708946229684,1.417056682021264,91706371.58354604,1.391551441665445,2.5499396178825727e-17,1.5905091406659058e-05,-74.92459,17.930565,-56.994026,True,0.0,1169,0.0,689804.3236455454,4471046.436172686,,
89303,123,1,2021-09-11 12:53:13,2021-09-11 13:11:12,0 days 00:17:59,-30.86339573349602,40.35088725394615,10358.625717974151,250.16340001987987,True,233.95359293341556,-0.2407236261966661,-0.9705937027359738,1772.0115059689672,172.92686487883796,30767.292587494172,227.74692,0.00024673968,25016.34000198799,1.4456340750580179,0.38266058381849244,0.00017067921172332303,5293023776488.233,7.884174889385254e-05,-4.3949304,-39.997856,-0.1715944,0.9485682,229.27336,-3.9405532,-38.84944,0.003006383435961766,0.013587934696715528,0.011059974414922097,1065.1092119717352,755.16174,309.94746880767275,-179.94496,179.94496,143352.43833004715,54855.32774318028,5.96949726978749e-06,0.008497513812868564,40.63295308997761,1.4171787714785238,36923151.347463325,0.6309064195514474,5.3088709722468683e-17,2.2948502169417826e-05,-38.079567,11.090005,-26.989563,True,-11184290.123149643,1169,0.2997222222222222,681449.8364622345,4468894.519990846,,
89304,124,1,2021-09-11 12:53:14,2021-09-11 13:11:12,0 days 00:17:58,-30.86607521975725,40.350380763966164,10359.565655864602,250.12702324637965,True,232.79057409536452,-0.23367631618678436,-0.9723144446388596,1775.276961102633,171.25219914126689,30635.78623522578,227.7396,0.00024656267,25012.702324637965,1.4456420032350936,0.3826172401222438,0.00017055583216500056,7712413338050.841,7.894468829945048e-05,-4.3989353,-39.99308,-0.17182234,0.9491506,229.26587,-3.9445314,-38.84512,0.003007744047295091,0.013634597724894646,0.011153905381826328,1065.1059397899205,755.2259,309.88004867663926,-179.95691,179.95691,141286.38825783224,54058.60794205156,5.242195059371294e-06,0.0068049130023191615,39.98661520666517,1.3440108196457439,54587093.867645115,0.6948659725673,3.326507196229093e-17,2.248822977054804e-05,-42.220634,11.362546,-30.85809,True,-12754038.349967955,1169,0.29944444444444446,681223.6219405414,4468832.80105134,,
89305,125,1,2021-09-11 12:53:15,2021-09-11 13:11:12,0 days 00:17:57,-30.86874611479172,40.34989154107858,10359.613215724608,250.12518273408787,True,233.31542914310634,-0.2368893332003994,-0.9715366404906559,1768.8011400378614,171.1584346094838,30502.962229934565,227.7393,0.00024656908,25012.518273408787,1.4457196472334282,0.3826149276832889,0.00017055110109970642,7719865269423.909,7.896534239767186e-05,-4.4008255,-39.983063,-0.17202725,0.94986504,229.26555,-3.946352,-38.835434,0.003007976451467016,0.013634360259852396,0.011126534671187932,1065.1024659094655,755.2895,309.8129761633718,-179.96866,179.96866,140731.23577356574,53845.87159828274,5.234080800615146e-06,0.006786923311946055,39.94214434554048,1.3431776443797765,54855378.956843995,0.6977194001465225,3.32049741021619e-17,2.2494948855139918e-05,-42.404697,11.395793,-31.008904,True,-12798226.508867705,1169,0.2991666666666667,680998.0875443693,4468773.023442599,,
89306,126,1,2021-09-11 12:53:16,2021-09-11 13:11:12,0 days 00:00:00,-30.87142086247428,40.34939447517305,10360.189292044863,250.10289010896915,False,0.0,0.0,0.0,694.3419947448268,173.73261487928977,0.0,227.73485,0.0002464668,25010.289010896915,1.4457538102336098,0.3825883023580995,0.0001704763322166797,7860755324211.935,7.941798606843809e-05,-4.4039693,-39.97615,-0.17224577,0.95049995,229.26099,-3.9494526,-38.828922,0.0030088393470191475,0.01355200619506231,0.0,1065.0990803359186,755.3534,309.74568678123114,-179.98056,179.98056,94742.46292955987,36247.35805344548,4.568332101200105e-06,0.005378382145739339,40.904049398502494,1.4399708957506723,82969716.86345468,1.2703800902432132,2.9775713825495993e-17,1.621849278098765e-05,-69.218445,17.285263,-51.93318,True,0.0,1169,0.0,680772.2436516322,4468712.374202743,,
89307,135,1,2021-09-11 12:53:25,2021-09-11 13:11:12,0 days 00:17:47,-30.895810473849707,40.345038754464035,10361.230577850869,250.06259919330452,True,239.35194178812736,-0.2293162910483288,-0.9733519603205399,1734.4938340159717,168.9060959064927,29475.15958753545,227.72742,0.00024640042,25006.259919330452,1.4464065635383414,0.3825391491667602,0.00017035350034424256,8013710590826.554,7.915625130451193e-05,-4.4226465,-39.8882,-0.17413203,0.95690566,229.25331,-3.967578,-38.74402,0.0030107780111322314,0.013671309280354375,0.011206300087806261,1065.0657282965406,755.93256,309.1331721441968,-180.08846,180.08846,136549.04551954835,52235.35569258123,5.12136888538031e-06,0.006539345018479,39.003246324561644,1.3301012884624295,58687415.64860892,0.7235329161928084,3.156876263475784e-17,2.2757593812999876e-05,-44.101048,11.66316,-32.43789,True,-13463003.239656791,1169,0.29638888888888887,678712.2739577058,4468179.286762626,,
89308,136,1,2021-09-11 12:53:26,2021-09-11 13:11:12,0 days 00:17:46,-30.89855936097831,40.34454512658768,10361.477317048888,250.0530527786089,True,244.4535622704794,-0.24395142731746325,-0.9697874515118106,1716.465405347294,168.51471100049852,29062.79942483532,227.72556,0.0002463662,25005.30527786089,1.4464687600186856,0.38252767694529854,0.00017032251350650938,8633720135090.77,7.907018433356988e-05,-4.4250727,-39.879036,-0.17434813,0.9576066,229.2514,-3.9699492,-38.735214,0.003011148212468129,0.013680126058966976,0.011093032552239531,1065.0619930976404,755.9979,309.0640682929529,-180.1008,180.1008,135143.28813229364,51696.04806399542,4.976661032460959e-06,0.006226622156509902,38.84773827492787,1.3177517312458842,63885674.637715645,0.7319646145486516,2.867966100376064e-17,2.257617208181555e-05,-40.221554,11.899123,-28.32243,True,-11874580.708562678,1169,0.2961111111111111,678480.0910118808,4468118.939517114,,
89309,137,1,2021-09-11 12:53:27,2021-09-11 13:11:12,0 days 00:17:45,-30.901356536668658,40.34400880358416,10361.524028167612,250.05124554442602,True,244.45981549116635,-0.24401311375775306,-0.9697719321130334,1713.8469898526082,168.42452252464264,29001.00909161521,227.72527,0.00024637324,25005.124554442602,1.4465506736475193,0.38252539229574306,0.00017031773758796828,8654448499531.253,7.908531072495589e-05,-4.427112,-39.868477,-0.1745635,0.958356,229.2511,-3.9719105,-38.724987,0.00301126682066581,0.013679858935062024,0.011091035943408994,1065.0586458456532,756.0651,308.9935213339345,-180.11378,180.11378,134881.2577343989,51595.50602819417,4.969775676779294e-06,0.006211909893732737,38.80540931314309,1.3170506004136293,64163462.32901489,0.7313511223876021,2.8588210590690394e-17,2.2585058420873257e-05,-40.200184,11.886894,-28.31329,True,-11852709.16989146,1169,0.29583333333333334,678243.9155601704,4468053.76272318,,
89310,138,1,2021-09-11 12:53:28,2021-09-11 13:11:12,0 days 00:17:44,-30.90415371690318,40.34347233125041,10361.570261105888,250.04945682126447,True,245.07184008010074,-0.24747413170872515,-0.968894501034562,1707.1613989108544,168.335394705022,28867.42104525199,227.72498,0.00024638037,25004.945682126447,1.4466333741810846,0.38252313595842713,0.0001703129299225042,8653215096536.55,7.910483831477053e-05,-4.429154,-39.85791,-0.17477888,0.9591054,229.2508,-3.9738739,-38.714756,0.003011385365645083,0.013679521088504159,0.011060810078188082,1065.0552979397035,756.13226,308.9230347561097,-180.1268,180.1268,134327.87224998572,51383.51893968752,4.963604260653425e-06,0.0061987357872184505,38.76339230898563,1.316462070725313,64418612.09885627,0.7309243645081289,2.85740070128451e-17,2.259309874349703e-05,-40.18876,11.877936,-28.310822,True,-11834812.961222688,1169,0.29555555555555557,678007.7363997798,4467988.576903492,,
89311,139,1,2021-09-11 12:53:29,2021-09-11 13:11:12,0 days 00:00:00,-30.906955331069355,40.34292688983157,10362.20026540721,250.02508338556083,False,0.0,0.0,0.0,677.8087045345824,170.31532634894285,0.0,227.72008,0.0002462673,25002.508338556083,1.4466674449125176,0.3824940781915365,0.00017023076102609514,9435685788673.822,7.96545705280715e-05,-4.432584,-39.850758,-0.1750096,0.95976406,229.24577,-3.9772549,-38.70802,0.003012368541991748,0.013613634288903593,0.0,1065.052050923331,756.19977,308.85228285692483,-180.13997,180.13997,90667.31487590865,34679.711025562465,4.2398606696013275e-06,0.004734481131041552,39.48949153452825,1.389071640958472,104069319.81594387,1.5103094348307469,2.3591994894340627e-17,1.635856311208931e-05,-82.00595,18.909044,-63.09691,True,0.0,1169,0.0,677771.2004588934,4467922.39408496,,
89312,151,1,2021-09-11 12:53:41,2021-09-11 13:11:12,0 days 00:00:00,-30.939822575741232,40.33697841295451,10362.167129235166,250.02636530087344,False,0.0,0.0,0.0,672.8375047001543,169.8436017472023,0.0,227.72131,0.0002464708,25002.636530087344,1.4476584535766588,0.38249398213381886,0.00017025479557884987,9527657817319.033,7.986694750425246e-05,-4.454974,-39.723263,-0.17752238,0.9686046,229.24692,-3.998838,-38.584293,0.0030130429824009753,0.013592799919237121,0.0,1065.0077239698494,756.9825,308.02524105969314,-180.29187,180.29187,89753.05994964548,34330.00530883527,4.215660418652904e-06,0.004688351035347677,39.21094474977401,1.384999931731282,106154128.0337893,1.5215402371733704,2.3331462226900404e-17,1.6444817073332933e-05,-82.820816,19.020426,-63.800392,True,0.0,1169,0.0,674994.8230652048,4467196.53133372,,
89313,164,1,2021-09-11 12:53:54,2021-09-11 13:11:12,0 days 00:17:18,-30.975143976075742,40.33043906765797,10362.16073679587,250.02661260119837,True,240.64854802726126,-0.21631139826001933,-0.9763244230186989,1681.5733523850747,166.4928299813738,28211.838189133356,227.72232,0.00024668124,25002.661260119836,1.4487213588101477,0.3824926690288659,0.00017027514806734322,9819941941383.113,7.952011753852652e-05,-4.4797573,-39.585938,-0.18023072,0.97810113,229.24782,-4.0227437,-38.45089,0.0030138329878695914,0.013661209171012966,0.011268804403259508,1064.961649570577,757.8273,307.13437906276454,-180.46205,180.46205,130113.3567396925,49767.405095669965,4.71648417628329e-06,0.005680499131364859,37.86868389190629,1.2919276984335055,75472205.06368992,0.6962882051247368,2.440850835228126e-17,2.291794957008284e-05,-38.61141,11.220246,-27.391163,True,-11077001.309973517,1169,0.28833333333333333,672010.9706222062,4466401.347181052,,
89314,165,1,2021-09-11 12:53:55,2021-09-11 13:11:12,0 days 00:17:17,-30.97791559711021,40.32997090935069,10362.227030347764,250.0240479533952,True,241.02072139322735,-0.21859143059008862,-0.9758164717161617,1676.2222089862407,166.3746385982946,28097.71415027093,227.7219,0.00024668418,25002.40479533952,1.4487969456189067,0.3824894541729331,0.00017026829336751293,9838118248806.516,7.953225801114616e-05,-4.4818125,-39.575573,-0.18044437,0.978829,229.24738,-4.0247507,-38.440838,0.0030139540333485116,0.013661935236067367,0.011250307627539525,1064.9574138694634,757.8927,307.0647136741509,-180.47508,180.47508,129644.75402793227,49587.75120452799,4.708138691171573e-06,0.005663336661493552,37.81694765780026,1.291150596421048,75885201.23758243,0.6962012801806547,2.4336369259312774e-17,2.2929845697587524e-05,-38.618855,11.212678,-27.406178,True,-11065284.373632621,1169,0.28805555555555556,671776.6936132469,4466343.993755829,,
89315,166,1,2021-09-11 12:53:56,2021-09-11 13:11:12,0 days 00:00:00,-30.980690035404308,40.32949708602579,10362.71042875921,250.0053477337212,False,0.0,0.0,0.0,663.3406688148319,168.43621328254136,0.0,227.71819,0.00024660092,25000.53477337212,1.4488372042744095,0.38246706308828154,0.00017020609118825045,10007834008959.19,8.008975339406595e-05,-4.4848633,-39.56763,-0.18066935,0.9794878,229.24356,-4.0277743,-38.43326,0.0030148053413466868,0.013593180643701054,0.0,1064.95324083088,757.9583,306.9949278425988,-180.48824,180.48824,87753.00047307195,33562.63236812041,4.119820661071863e-06,0.004507654599949066,38.56488377445822,1.3701487114012956,114045490.8095161,1.5316467575314106,2.1912157358637557e-17,1.6593524257474955e-05,-83.695625,19.004044,-64.69158,True,0.0,1169,0.0,671542.1884046807,4466286.013422793,,
89316,179,1,2021-09-11 12:54:09,2021-09-11 13:11:12,0 days 00:00:00,-31.016197160176404,40.32308952253325,10358.574443579659,250.16538452637104,False,0.0,0.0,0.0,675.6513912343221,179.51275706518217,0.0,227.75249,0.00024730535,25016.538452637105,1.4480035639808888,0.382654267934552,0.00017079056472771138,1944614569542.7976,7.956486443354128e-05,-4.5041237,-39.41351,-0.18204886,0.9874898,229.27875,-4.0462604,-38.28346,0.003007735326746115,0.013222689744050366,0.0,1064.904210518978,756.83417,308.0700430385093,-180.57274,180.57274,95259.40704317934,36451.418665987294,7.295382954308251e-06,0.011974178654993999,42.60989284723017,1.9173465408320638,20413884.88447487,0.8336879932200132,1.6814110902363406e-16,1.897956338890354e-05,-49.78015,14.999685,-34.780464,True,0.0,1169,0.0,668541.5704771017,4465506.498339901,,
89317,191,1,2021-09-11 12:54:21,2021-09-11 13:11:12,0 days 00:00:00,-31.04891326901611,40.31697293361345,10358.138236830835,250.1822678375512,False,0.0,0.0,0.0,670.0067387447882,178.8884363826464,0.0,227.75835,0.00024685392,25018.22678375512,1.4444532945671091,0.38267023808177336,0.00017089781845788267,1948458262211.8572,7.923417770193251e-05,-4.53485,-39.299976,-0.18204044,0.99182624,229.28511,-4.076689,-38.17544,0.0030039574212733554,0.013186152137527397,0.0,1064.861508467288,753.6221,311.2394381547881,-180.55621,180.55621,94135.04187448238,36022.678885945876,7.251811441239949e-06,0.011851883762571442,42.19710128095217,1.9064978092998335,20698543.532916136,0.8351982437604983,1.6640598012888724e-16,1.9058029565431964e-05,-49.408493,14.975143,-34.43335,True,0.0,1169,0.0,665776.8365450555,4464765.724180878,,
89318,200,1,2021-09-11 12:54:30,2021-09-11 13:11:12,0 days 00:16:42,-31.07373556315352,40.31227774063765,10356.11215901716,250.26069894504312,True,233.05578342074074,-0.2303810534125988,-0.9731004933862182,1610.940686954673,174.15426172645684,27668.0181351656,227.77617,0.000246854,25026.06989450431,1.4418574525834351,0.38276026755707737,0.0001712055541794463,1768889005256.004,7.82873373645896e-05,-4.5546036,-39.203857,-0.18197197,0.99538004,229.30362,-4.096134,-38.083195,0.0029986247129792786,0.01328513708723455,0.010806303814244286,1064.8295981092942,751.1717,313.657906214763,-180.5456,180.5456,135390.20243698388,51821.99010938682,8.42071613433809e-06,0.01530146724211136,40.29343136830584,1.7178590550686756,13065118.253880424,0.4400867749223701,2.0141126339769501e-16,2.5873136342178817e-05,-25.678877,9.404751,-16.274126,True,-6103432.490377602,1169,0.2783333333333333,663678.9846473178,4464198.333258652,,
89319,201,1,2021-09-11 12:54:31,2021-09-11 13:11:12,0 days 00:16:41,-31.076410152285774,40.31179486675307,10356.009271019695,250.26468235360338,True,233.05358461059706,-0.23039935580180962,-0.9730961601229917,1609.1228513203155,174.19155265784542,27638.683573511713,227.77719,0.00024683014,25026.46823536034,1.4415666148843762,0.38276462200669753,0.00017122354009019189,1753673699467.9023,7.823809704461687e-05,-4.556987,-39.194183,-0.18196662,0.9957378,229.30469,-4.0985,-38.07395,0.002998272599044753,0.013279736344100308,0.010800619156126835,1064.8258390935541,750.90656,313.9192839177729,-180.54422,180.54422,135298.89530869393,51787.63052075597,8.441362070741903e-06,0.015365604972415743,40.29430163593392,1.720910833480759,12961478.328901153,0.4410825833891721,2.033856604992172e-16,2.58977517281733e-05,-25.71125,9.428631,-16.28262,True,-6099711.446917884,1169,0.27805555555555556,663452.8694368901,4464139.789244715,,
89320,202,1,2021-09-11 12:54:32,2021-09-11 13:11:12,0 days 00:16:40,-31.079084685087935,40.31131195907783,10355.894896791051,250.2691105229962,True,240.02248573277666,-0.26943639563772265,-0.9630181871105824,1563.053108965911,174.26968526576223,26805.66228995791,227.7783,0.00024680857,25026.91105229962,1.4412749931209177,0.38276954230848753,0.0001712432216724532,1687554942814.3,7.823271863023764e-05,-4.5593467,-39.184444,-0.1819608,0.9960972,229.30585,-4.1008415,-38.06464,0.0029979204927951743,0.013273174412003395,0.010474016184045476,1064.8220783500124,750.6413,314.1807819632936,-180.54285,180.54285,131916.5870375556,50493.65164326292,8.47818935228857e-06,0.0154803356333546,40.31052875476279,1.7282304019716892,12792590.99034958,0.44446123422597444,2.1199569867386738e-16,2.5913274863281713e-05,-25.878408,9.500973,-16.377436,True,-6138286.040131071,1169,0.2777777777777778,663226.755899899,4464081.248488222,,
89321,203,1,2021-09-11 12:54:33,2021-09-11 13:11:12,0 days 00:00:00,-31.08180997409613,40.310730492255836,10361.21104211347,250.06335504954026,False,0.0,0.0,0.0,647.821724638818,167.33123365836687,0.0,227.73662,0.00024567213,25006.335504954026,1.4405641746869344,0.3825248531412918,0.00017053882852507008,9525812874510.133,7.923482084186732e-05,-4.57474,-39.20579,-0.18211073,0.9954869,229.26323,-4.116487,-38.087147,0.0030054779784461517,0.013470463603523705,0.0,1064.8194404134965,750.3723,314.4471259603715,-180.54262,180.54262,85137.79580813437,32567.322838279888,4.131547177119644e-06,0.004529285279769868,37.71695022542308,1.3712840925068641,111887003.69900818,1.5055419803090762,2.2822991354393967e-17,1.6926732794701825e-05,-80.51099,18.79833,-61.712654,True,0.0,1169,0.0,662996.5629914678,4464011.680479668,,
89322,212,1,2021-09-11 12:54:42,2021-09-11 13:11:12,0 days 00:16:30,-31.106492267959396,40.305994945292696,10360.181426362156,250.10319447918647,True,229.33616687336138,-0.23795687156939657,-0.9712757215502227,1565.4851076278005,165.01533730899104,25931.364785639074,227.74658,0.00024546523,25010.319447918646,1.437879759548211,0.382569062339491,0.00017071332008505616,9226898843569.312,7.825861235423874e-05,-4.5972395,-39.115635,-0.18205574,0.99878675,229.27368,-4.138747,-38.00088,0.0030017374218590477,0.01350421682849891,0.010908063178215887,1064.7883314809599,747.92035,316.8679823598661,-180.5343,180.5343,120905.44981132956,46254.68456605474,4.674387594698842e-06,0.005593536146105245,36.77206553867605,1.2903286433377488,76314995.37835306,0.6860676999282778,2.540562438776792e-17,2.313293289408706e-05,-36.948532,11.024515,-25.924017,True,-9302938.992354976,1169,0.275,660910.3217277128,4463440.85281355,,
89323,213,1,2021-09-11 12:54:43,2021-09-11 13:11:12,0 days 00:16:29,-31.10911899032544,40.30550415439372,10360.193533545551,250.1027259801128,True,229.65405532534012,-0.2398616978238208,-0.9708070693588269,1560.4182583257684,164.89409850552497,25823.127049230316,227.74669,0.00024541817,25010.27259801128,1.4375818071707054,0.3825681628293545,0.00017071596587935024,9217243723612.168,7.820837876698768e-05,-4.5999184,-39.106747,-0.18205245,0.999112,229.27382,-4.1414137,-37.99242,0.0030015132661671373,0.013503697616660794,0.010890853794149247,1064.7848324386234,747.65845,317.1263851729984,-180.53331,180.53331,120470.59817726084,46088.21541962806,4.669403304850071e-06,0.005583341466581354,36.71663986789483,1.2898977449567421,76510317.56354265,0.6858585707437179,2.5396610297794336e-17,2.314882290418078e-05,-36.90962,11.015135,-25.894484,True,-9275334.507398421,1169,0.2747222222222222,660688.2529008831,4463381.601407145,,
89324,214,1,2021-09-11 12:54:44,2021-09-11 13:11:12,0 days 00:00:00,-31.11174806168188,40.305008749896324,10360.568982641824,250.08819796993504,False,0.0,0.0,0.0,642.5487371077552,166.90494612750584,0.0,227.74394,0.00024529675,25008.819796993503,1.4372540284382334,0.38255055747120587,0.00017067041782976297,9355773411769.47,7.876675817201478e-05,-4.6034694,-39.09993,-0.18205968,0.9993703,229.27103,-4.1449704,-37.98608,0.0030018997346098787,0.013435364766161893,0.0,1064.781383810959,747.3963,317.38508254142766,-180.53238,180.53238,84229.68230504807,32222.111921418706,4.13351747250548e-06,0.0045328420028780654,37.42724634831184,1.3714007239450332,111074542.31972994,1.492871928216676,2.3109195893700422e-17,1.704596106615987e-05,-79.1559,18.678228,-60.47767,True,0.0,1169,0.0,660465.9921721515,4463321.840266015,,
89325,219,1,2021-09-11 12:54:49,2021-09-11 13:11:12,0 days 00:00:00,-31.125351419102685,40.302315249189114,10360.734388160648,250.0817978169679,False,0.0,0.0,0.0,636.8192801493536,167.18112504758307,0.0,227.74365,0.00024503,25008.179781696792,1.4357050953878308,0.3825412474099899,0.00017066876041749838,6224898668062.549,7.817428345959374e-05,-4.6179132,-39.054314,-0.18204466,1.0010388,229.27087,-4.159311,-37.942657,0.0030009054656170518,0.013404583721009566,0.0,1064.7652445789142,746.03937,318.725876903133,-180.52946,180.52946,83616.75864340653,31986.859155828788,4.711383160905169e-06,0.005669565180834408,37.46517957084769,1.4467015443380988,74445586.85429746,1.1618023309345629,3.782623659639086e-17,1.7629583304218295e-05,-61.75882,16.632233,-45.126587,True,0.0,1169,0.0,659316.2237318314,4462998.280108188,,
89326,224,1,2021-09-11 12:54:54,2021-09-11 13:11:12,0 days 00:16:18,-31.13906978711401,40.29984108346954,10356.504123431652,250.24552413311437,True,222.31706682386627,-0.23327078162093098,-0.9724118173088807,1559.4334416147406,169.58238373515658,26314.570983530743,227.77809,0.00024565757,25024.552413311438,1.4344547600577924,0.3827338115206424,0.00017125501737062006,3187788306900.44,7.732769581889813e-05,-4.6217704,-38.983315,-0.18189149,1.003511,229.30626,-4.1629057,-37.873287,0.0029933740584561974,0.01331512340520694,0.010779122758536442,1064.7456661505582,744.6639,320.081786756027,-180.52368,180.52368,125707.55276258457,48112.53080575625,6.722775640849401e-06,0.01041112419773772,38.29187804977171,1.495441290707546,25358765.14055605,0.533691832139628,9.407481021620336e-17,2.458798473089516e-05,-31.04065,10.225712,-20.814938,True,-7209645.980938942,1169,0.27166666666666667,658156.0777400477,4462699.040614534,,
89327,225,1,2021-09-11 12:54:55,2021-09-11 13:11:12,0 days 00:16:17,-31.141618862611523,40.29937468341389,10356.438766584884,250.2480543566058,True,222.9187785129778,-0.23698524493296622,-0.9715132493610482,1553.3724055639307,169.5591704396459,26203.17065747742,227.77882,0.00024562693,25024.80543566058,1.4341671199314954,0.38273644656396366,0.0001712679959706004,3165733729015.0444,7.72831477798288e-05,-4.624213,-38.974247,-0.18188395,1.0038353,229.30702,-4.1653385,-37.864613,0.002993140135556587,0.013311846005557319,0.01074548285330422,1064.742110396135,744.40796,320.3341514117601,-180.52272,180.52272,125247.55958540438,47936.80589652598,6.728844970246091e-06,0.010427169619171377,38.27197296854514,1.4962261902687717,25275811.676445317,0.5338275693629062,9.473666022475517e-17,2.460103848095753e-05,-31.02227,10.230367,-20.791904,True,-7193230.920301853,1169,0.2713888888888889,657940.5117429658,4462642.717815142,,
89328,226,1,2021-09-11 12:54:56,2021-09-11 13:11:12,0 days 00:00:00,-31.14417244874909,40.29889957629594,10357.024997749451,250.22535975694055,False,0.0,0.0,0.0,649.8970701263953,173.37245053669142,0.0,227.7744,0.00024546345,25022.535975694056,1.4338339899458914,0.3827091905658534,0.00017119377419082003,3206830724378.4893,7.774347346012683e-05,-4.6282196,-38.96888,-0.18189593,1.0040377,229.30252,-4.169368,-37.85973,0.002993779270203163,0.0131928179334839,0.0,1064.7386516110669,744.1517,320.5869792477856,-180.5219,180.5219,88494.1471621239,33867.52343023195,5.979127297798274e-06,0.008520187039657939,39.6549808584508,1.6558279915409426,36237771.95686716,1.0457384643685,8.65067586921447e-17,1.831925740247588e-05,-60.42218,16.474815,-43.947365,True,0.0,1169,0.0,657724.5796829809,4462585.426719186,,
89329,236,1,2021-09-11 12:55:06,2021-09-11 13:11:12,0 days 00:16:06,-31.171325355285347,40.293690668221586,10359.203665714216,250.14103221136764,True,230.09094691779848,-0.2502250141197207,-0.9681877102653109,1499.4086682628283,163.64699945973484,24541.022462483616,227.75937,0.00024454854,25014.103221136764,1.4305550406828709,0.3826054509663145,0.0001709466167557923,8707135468585.324,7.691161766956627e-05,-4.661695,-38.888336,-0.18189673,1.0069313,229.2874,-4.202836,-37.783714,0.0029947330006166338,0.013444315531027755,0.010730215067570286,1064.7038375349828,741.4193,323.28452601154527,-180.51572,180.51572,115599.06552832274,44228.832597748464,4.667898370345834e-06,0.005579989943093334,36.00433467984936,1.290690074653139,75321849.95433205,0.6737651053742721,2.6433930055227644e-17,2.331613127475296e-05,-35.570885,10.833819,-24.737064,True,-8530541.806860628,1169,0.2683333333333333,655428.6952589134,4461959.20032492,,
89330,237,1,2021-09-11 12:55:07,2021-09-11 13:11:12,0 days 00:16:05,-31.173951864447872,40.293172877125876,10359.18821108784,250.1416303172511,True,230.38529731795555,-0.25192156494633233,-0.9677476557011083,1495.0191245900612,163.55747645940886,24451.48180167551,227.75969,0.0002445057,25014.16303172511,1.4302547404624621,0.3826058171625007,0.00017095255588538738,8689162173743.782,7.685956838874531e-05,-4.664442,-38.87923,-0.18188933,1.0072523,229.28775,-4.205568,-37.77501,0.0029945051088745346,0.013443083364614711,0.010713880424403539,1064.700643093234,741.15436,323.54628518307777,-180.51537,180.51537,115233.71223270192,44089.08863346137,4.665137031280856e-06,0.005574341590577545,35.961656977668575,1.2904634417062928,75404688.48384374,0.673445946852995,2.6459564707976208e-17,2.332997757363034e-05,-35.525925,10.825744,-24.70018,True,-8503877.93859293,1169,0.26805555555555555,655206.6269396833,4461897.116494057,,
89331,238,1,2021-09-11 12:55:08,2021-09-11 13:11:12,0 days 00:00:00,-31.176580515436996,40.29265090917063,10359.5122942267,250.12908829390807,False,0.0,0.0,0.0,629.1277638490894,165.5599824536104,0.0,227.75734,0.0002443939,25012.908829390806,1.4299274428682516,0.38259058805755436,0.00017091348777977964,8796859073304.766,7.735760092204895e-05,-4.6680055,-38.872044,-0.18189228,1.0075082,229.28537,-4.209133,-37.76827,0.0029947722187378643,0.013375051228730053,0.0,1064.6974939227712,740.8891,323.8083948016774,-180.51509,180.51509,81805.80156705674,31298.12972805984,4.153478178553664e-06,0.004570097568789581,36.66115958767948,1.3727129611126312,107533437.78550869,1.4529450778991,2.4221726368644137e-17,1.7381256958057437e-05,-75.63164,18.346487,-57.28515,True,0.0,1169,0.0,654984.3827372356,4461834.571920881,,
89332,243,1,2021-09-11 12:55:13,2021-09-11 13:11:12,0 days 00:00:00,-31.190154373768536,40.290020589493075,10356.75055719341,250.23598388833244,False,0.0,0.0,0.0,636.224945370724,173.9909288301179,0.0,227.78018,0.0002447151,25023.598388833245,1.4285436334852992,0.38271572204366916,0.00017130390684136126,1938698508037.7288,7.649982831713152e-05,-4.6758533,-38.809753,-0.18176682,1.0096705,229.30888,-4.2167716,-37.707687,0.002989459342783789,0.013103842190771955,0.0,1064.6803253101948,739.5163,325.16402892347605,-180.51297,180.51297,86941.51045471072,33273.88294924182,6.9919541970191174e-06,0.011134083177961116,39.669056146791604,1.837278717542759,22298882.29337388,0.865582783682352,1.5734910949022908e-16,1.9638897962076218e-05,-49.124577,15.140609,-33.983967,True,0.0,1169,0.0,653836.5539422978,4461518.92771684,,
89333,252,1,2021-09-11 12:55:22,2021-09-11 13:11:12,0 days 00:15:50,-31.214851387982776,40.28525310351443,10358.403476108235,250.1720016845721,True,232.1981347630815,-0.2485385436090904,-0.968622006946297,1465.9484554891656,162.94830498824157,23851.820175367026,227.76913,0.00024394377,25017.20016845721,1.4255439893735073,0.38263640574835245,0.00017112328241655883,7813420336910.788,7.598023204605228e-05,-4.706156,-38.734295,-0.18173628,1.0122808,229.2978,-4.2470875,-37.636173,0.0029898944672271453,0.013400058361353743,0.010690724610433315,1064.6486838604203,737.0087,327.63995583307656,-180.50967,180.50967,112863.93817645451,43185.851642442816,4.781685299274841e-06,0.005814366740285336,35.580036093987395,1.3002905621457193,69228670.05309594,0.6653793424440221,2.960390904927519e-17,2.3592155464870727e-05,-34.610634,10.843043,-23.76759,True,-8083146.3158632675,1169,0.2638888888888889,651747.864215109,4460947.110590744,,
89334,253,1,2021-09-11 12:55:23,2021-09-11 13:11:12,0 days 00:15:49,-31.21750280876114,40.28473409173806,10358.378727751975,250.17295956149937,True,232.49281976155882,-0.2502201492942978,-0.9681889675508284,1461.7648933563219,162.86858376196537,23768.17947706796,227.76955,0.00024390158,25017.295956149937,1.4252300574574912,0.3826371849853963,0.0001711313758872351,7795321995397.592,7.592544756963716e-05,-4.708962,-38.72503,-0.18172596,1.0125982,229.29825,-4.2498837,-37.6273,0.0029896660417773548,0.013398570697253335,0.010674400092552732,1064.6453706980858,736.7389,327.9064790965233,-180.50948,180.50948,112519.61242442718,43054.187753730635,4.779365589158958e-06,0.00580953611572451,35.54128387912095,1.3001019355403638,69279673.36035086,0.6645566490241112,2.964105060252149e-17,2.360531818989353e-05,-34.53956,10.828735,-23.710823,True,-8051125.447623574,1169,0.26361111111111113,651523.6254783366,4460884.958977765,,
89335,254,1,2021-09-11 12:55:24,2021-09-11 13:11:12,0 days 00:00:00,-31.220156384615166,40.28421090588089,10358.696462218837,250.16066197994482,False,0.0,0.0,0.0,620.6619483644896,164.9359016785122,0.0,227.76726,0.00024379017,25016.06619799448,1.4248981518866473,0.3826222164373127,0.00017109305033679987,7888647674185.383,7.639206190257155e-05,-4.7125916,-38.71769,-0.18172647,1.0128483,229.29591,-4.253521,-37.620396,0.002990044698122745,0.013328509412474456,0.0,1064.6421026248054,736.4687,328.1734136599616,-180.50934,180.50934,80400.76866473103,30763.120309763028,4.2645450224620874e-06,0.004780861829679728,36.25867929392414,1.3860981554630096,98116570.34127153,1.3899745202240588,2.7178861397989795e-17,1.767250143082315e-05,-71.47947,17.99171,-53.48776,True,0.0,1169,0.0,651299.2094343338,4460822.347125888,,
89336,264,1,2021-09-11 12:55:34,2021-09-11 13:11:12,0 days 00:15:38,-31.24734208157892,40.27899612544657,10354.590195137418,250.31962848958602,True,234.13802090492206,-0.24582519186723614,-0.969314177675864,1450.5788479801813,168.3995978039387,24031.99566483578,227.80188,0.00024413067,25031.962848958603,1.4219461108294587,0.382807172013901,0.00017168770998471662,1996630802044.0786,7.491890976595887e-05,-4.7323003,-38.600964,-0.18148366,1.0168256,229.33159,-4.2729645,-37.507137,0.0029817430229562092,0.013187056336612598,0.010530288307313595,1064.6065428730997,733.69073,330.9158080098184,-180.50676,180.50676,118355.21661929443,45307.22576712476,7.6208088621125115e-06,0.012899431598648708,37.39641420335241,1.6041657504524238,16869816.633993514,0.46165536820641084,1.5908351101012672e-16,2.5873919419163556e-05,-25.726852,9.443306,-16.283546,True,-5525310.423897211,1169,0.26055555555555554,648999.5658218241,4460197.4047570815,,
89337,265,1,2021-09-11 12:55:35,2021-09-11 13:11:12,0 days 00:15:37,-31.250017316232288,40.27847849054221,10354.489953813458,250.32351016893867,True,234.77636318750305,-0.24955152158146837,-0.9683615224059524,1445.0552427133764,168.43343856376123,23937.48951823485,227.80289,0.00024410246,25032.351016893866,1.4216350374838196,0.382811415923862,0.00017170542993819133,1969429589805.9814,7.486502281976972e-05,-4.7349844,-38.591194,-0.18146732,1.0171529,229.33264,-4.2756395,-37.49774,0.002981392086625476,0.013182236747048302,0.010494813248291376,1064.6030898299152,733.417,331.18609764241523,-180.5066,180.5066,117990.78099974163,45168.217940473405,7.646062399541639e-06,0.012972553788449295,37.39777262424771,1.6075993833145976,16691385.319419947,0.46242291317984136,1.6154478398740745e-16,2.5903885654145805e-05,-25.741188,9.466328,-16.27486,True,-5516767.920741119,1169,0.2602777777777778,648773.2579997014,4460135.449115316,,
89338,266,1,2021-09-11 12:55:36,2021-09-11 13:11:12,0 days 00:00:00,-31.25269717784289,40.2779515787326,10355.118544924115,250.29916982407198,False,0.0,0.0,0.0,626.9043477252192,172.9840978835788,0.0,227.79825,0.0002439239,25029.916982407198,1.4212375013167062,0.3827819904323446,0.00017162782652478597,1979919568044.1963,7.5241286046407e-05,-4.738785,-38.58633,-0.18127888,1.0170237,229.32797,-4.279508,-37.493443,0.0029816972000583065,0.013040935262819853,0.0,1064.5997404141099,733.20465,331.3950895352036,-180.50502,180.50502,85172.09781848016,32602.345132256196,6.858037453593406e-06,0.010771086943691303,39.023040182779845,1.8096220962608789,23246105.4589007,0.875112022797112,1.4948642375858835e-16,1.97331276891123e-05,-48.748867,15.139959,-33.60891,True,0.0,1169,0.0,648546.5736754909,4460072.462845577,,
89339,272,1,2021-09-11 12:55:42,2021-09-11 13:11:12,0 days 00:15:30,-31.268983919691465,40.274757051865194,10358.135187675802,250.18238585784712,True,239.0845288349345,-0.2550137735277691,-0.9669374205764961,1411.9250807470617,160.9356551257682,22625.875048219285,227.77647,0.00024299578,25018.23858578471,1.418827642114677,0.38263996611569756,0.00017126518751147822,8161029232680.758,7.485561489432971e-05,-4.76004,-38.552204,-0.1801028,1.0163667,229.30609,-4.301139,-37.462612,0.0029828682721463906,0.013375326768410259,0.010595187796766306,1064.5792284835068,731.9149,332.66431149131927,-180.49483,180.49483,107887.3077848651,41281.99579511461,4.619490337025185e-06,0.005481079191936919,34.6424776483902,1.2871521606950926,75644015.9666828,0.657338883586956,2.7247314633979392e-17,2.378286422602567e-05,-33.706394,10.533859,-23.172535,True,-7820606.596757964,1169,0.25833333333333336,647168.8175103713,4459690.67658634,,
89340,273,1,2021-09-11 12:55:43,2021-09-11 13:11:12,0 days 00:15:29,-31.271708802501024,40.27420872460213,10358.113925622354,250.1832088260595,True,239.31504035656482,-0.25657930383596683,-0.9665231817411575,1407.7950881978152,160.828515956851,22539.212437987873,227.77696,0.00024294494,25018.320882605953,1.4184528747801817,0.38264040182394915,0.0001712745922694683,8141018595672.41,7.479731284135686e-05,-4.762389,-38.543518,-0.17988774,1.0163578,229.30667,-4.3035192,-37.454403,0.0029821886486271864,0.013373688611781794,0.01057957399418952,1064.5759731536782,731.6994,332.87657129820946,-180.49324,180.49324,107545.31840995845,41151.183850671056,4.617184324596561e-06,0.005476393536100118,34.59213092922968,1.2870452198842817,75698493.58425044,0.6571438441467096,2.7283333033262552e-17,2.3799531056474956e-05,-33.67421,10.527766,-23.146442,True,-7796550.390985334,1169,0.25805555555555554,646938.3269432143,4459625.287493354,,
89341,274,1,2021-09-11 12:55:44,2021-09-11 13:11:12,0 days 00:00:00,-31.27443511983529,40.2736564998265,10358.398236568371,250.1722044789782,False,0.0,0.0,0.0,605.9340171134461,162.7057085517243,0.0,227.77505,0.0002428325,25017.22044789782,1.4180540295696118,0.38262677166655246,0.00017124347173581416,8223244160758.688,7.525492158411173e-05,-4.765474,-38.536537,-0.17968252,1.0162863,229.30478,-4.3066506,-37.44794,0.0029821117059856306,0.013307818979554811,0.0,1064.5727618082014,731.48376,333.08899715976395,-180.49171,180.49171,77431.55951894555,29627.387643840644,4.132780874494626e-06,0.0045309463611547165,35.22998560175374,1.3673850662516362,106200161.94748949,1.390727680005174,2.5118605913008673e-17,1.7968841953252375e-05,-70.49658,17.72568,-52.770905,True,0.0,1169,0.0,646707.7191271118,4459559.470550734,,
89342,280,1,2021-09-11 12:55:50,2021-09-11 13:11:12,0 days 00:15:22,-31.29082905070436,40.27053576506312,10354.768536838847,250.31272262288078,True,231.81634920529478,-0.2522080372707907,-0.9676730366895707,1410.484288407746,165.25125109979737,22998.50062297142,227.8058,0.00024322052,25031.27226228808,1.4159463202228484,0.3827900254103384,0.0001717724171307189,2822629216064.1616,7.414926272481952e-05,-4.771097,-38.464817,-0.17826167,1.0168895,229.33664,-4.3123274,-37.37864,0.0029734201148352212,0.013202575722113833,0.010473467977791454,1064.5507269315317,730.1866,334.36414245887545,-180.47943,180.47943,112387.98488118837,43020.999588486826,6.6510751086767646e-06,0.010220991349781728,36.05356208262789,1.4866499333594472,25115044.27317672,0.5011794503165622,1.0111060301574828e-16,2.5227831887153843e-05,-27.890396,9.625624,-18.264772,True,-5965859.825330892,1169,0.2561111111111111,645320.5181200856,4459186.041266721,,
89343,281,1,2021-09-11 12:55:51,2021-09-11 13:11:12,0 days 00:15:21,-31.29347294245889,40.2700099570564,10354.649879561328,250.31731733220818,True,232.27840531258087,-0.2550937898886972,-0.9669163140418209,1405.607206380394,165.24738485234525,22912.043289832705,227.80707,0.00024318814,25031.73173322082,1.4155718806246114,0.3827949252515615,0.00017179498072068046,2795005359688.839,7.411205957215259e-05,-4.773164,-38.45585,-0.17804718,1.0168899,229.33801,-4.3144226,-37.37012,0.002972615715439133,0.013197927840632546,0.010444742862169114,1064.5474656880663,729.9777,334.5697435200975,-180.4777,180.4777,112048.42775204903,42891.569525900595,6.665101134867968e-06,0.0102578204069175,36.03918324166457,1.4884424006923314,24944619.17728896,0.5021948013568948,1.0221218476048546e-16,2.5247412932843424e-05,-27.924395,9.648592,-18.275803,True,-5960715.407570838,1169,0.25583333333333336,645096.8368880785,4459123.341941044,,
89344,282,1,2021-09-11 12:55:52,2021-09-11 13:11:12,0 days 00:00:00,-31.296120007173272,40.26947707395279,10355.086760169062,250.3004005493691,False,0.0,0.0,0.0,613.2516459629583,168.8379957130475,0.0,227.80396,0.0002430443,25030.04005493691,1.4151627559121982,0.3827742916205982,0.00017174300075608364,2808235656814.8247,7.44920711470943e-05,-4.7765636,-38.449974,-0.1778511,1.0167774,229.33488,-4.3178797,-37.364765,0.002972783823355769,0.01308278368901824,0.0,1064.5442842486755,729.7686,334.7756685260192,-180.47604,180.47604,81320.26624546123,31127.307306504863,5.990366161054204e-06,0.008546697932558552,37.294134844429905,1.6462298741642807,34533035.69295141,0.9740410001764785,9.478642893569408e-17,1.9278643472617408e-05,-53.95649,15.610236,-38.346252,True,0.0,1169,0.0,644872.897515611,4459059.8588106325,,
89345,287,1,2021-09-11 12:55:57,2021-09-11 13:11:12,0 days 00:00:00,-31.309600725326163,40.2666981532601,10357.48766657537,250.20744976750376,False,0.0,0.0,0.0,597.477139528475,161.66316073112102,0.0,227.78668,0.00024227213,25020.744976750375,1.4130318691210704,0.3826611537088191,0.00017145553138270308,8153276182363.793,7.463372691428208e-05,-4.7944713,-38.420944,-0.17685519,1.0161498,229.31755,-4.3360744,-37.338375,0.0029735374400254953,0.0132765774730735,0.0,1064.5289148606446,728.70483,335.8240808762696,-180.46822,180.46822,75861.64224961554,29029.303545483577,4.105132844069875e-06,0.004479033668458217,34.698305403466705,1.3637931306344426,107475608.76069899,1.3699253159610931,2.5006699652053815e-17,1.817952408973952e-05,-68.9088,17.464603,-51.444195,True,0.0,1169,0.0,643732.5240707535,4458729.436046822,,
89346,316,1,2021-09-11 12:56:26,2021-09-11 13:11:12,0 days 00:14:46,-31.387917086879924,40.250985979353224,10351.227593538542,250.4498662789948,True,242.15644484376816,-0.24254657867079615,-0.9701397616710137,1334.2904835506938,164.1580973600736,21441.13288621983,227.84645,0.00024165316,25044.986627899478,1.4008304399344285,0.38293142470800273,0.00017250707678648117,1841026748875.6633,7.252509891440367e-05,-4.8518295,-38.139935,-0.17022157,1.015887,229.38062,-4.3942566,-37.069767,0.002948392118691743,0.013065990781654999,0.010409237029914146,1064.4326325374577,722.53986,341.89277658042647,-180.4093,180.4093,106981.29442582112,40966.49949158599,7.489733773094722e-06,0.012520238123893105,35.21007638018749,1.585953569476381,17208865.89339408,0.43250362578557044,1.6499749912046972e-16,2.6648089837087937e-05,-23.292942,8.8335285,-14.459414,True,-4667012.83340238,1169,0.2461111111111111,637104.8034110159,4456861.26209205,,
89347,317,1,2021-09-11 12:56:27,2021-09-11 13:11:12,0 days 00:14:45,-31.390685148635413,40.250457755954244,10351.082087847912,250.4555031356604,True,242.688074204703,-0.24541364097941776,-0.9694184570252546,1329.7762370916196,164.18042908041787,21365.47812149932,227.84798,0.00024161159,25045.55031356604,1.4003674883481492,0.38293748174786557,0.0001725344178975494,1820528869352.7368,7.248234074935336e-05,-4.854042,-38.13046,-0.16998516,1.0158411,229.38225,-4.3965144,-37.06073,0.0029475847236830077,0.01306057244655686,0.010380646067887552,1064.428829332524,722.32227,342.10656370752395,-180.40663,180.40663,106681.47472784384,40852.335281429085,7.5092724361245865e-06,0.012576057072398774,35.205051602601245,1.5886336743279905,17065089.079403017,0.4335817920888039,1.670671524078857e-16,2.6674173185766955e-05,-23.330303,8.85895,-14.471354,True,-4665189.266629969,1169,0.24583333333333332,636870.438697545,4456798.350532286,,
89348,318,1,2021-09-11 12:56:28,2021-09-11 13:11:12,0 days 00:00:00,-31.393457197683574,40.249922116602235,10351.57306438407,250.43648323016373,False,0.0,0.0,0.0,592.1584093068476,168.39081702158038,0.0,227.84448,0.00024144592,25043.648323016372,1.3998811845356558,0.38291425561614384,0.0001724760062190667,1827512946794.9294,7.288042525682771e-05,-4.857775,-38.12443,-0.16976897,1.015672,229.37872,-4.4003205,-37.055233,0.0029478710348783467,0.012927113204198377,0.0,1064.425106890964,722.11237,342.31274116830764,-180.40344,180.40344,78315.22258454536,29988.015159373805,6.7776645581707075e-06,0.010554254607869674,36.655433519170494,1.7820468992844538,23335347.669120573,0.828597817565975,1.5558989277203168e-16,2.064183964882757e-05,-44.65239,14.405116,-30.247272,True,0.0,1169,0.0,636635.74614705,4456734.617026347,,
89349,324,1,2021-09-11 12:56:34,2021-09-11 13:11:12,0 days 00:14:38,-31.409855331799633,40.246667521905884,10351.842796799636,250.426034582875,True,222.525677221442,-0.24378014259345596,-0.9698305223476493,1328.8272298144661,159.99717052931894,21136.280055037372,227.84444,0.00024103606,25042.6034582875,1.3974524406822455,0.3828983712409803,0.00017248247895995937,6897106841491.15,7.266044951831293e-05,-4.8738484,-38.07267,-0.16829531,1.0154653,229.37918,-4.4164314,-37.00661,0.0029441837188949192,0.013153689005238776,0.010458871722587299,1064.4041813756207,721.1557,343.248480692027,-180.3645,180.3645,101224.71028630143,38758.776697964924,4.737120305883475e-06,0.005720231048349624,33.67225288866557,1.3026836797270207,68136592.55712906,0.6272943410239075,3.187100195338323e-17,2.4356237975447198e-05,-31.039911,10.185237,-20.854675,True,-6161400.42221179,1169,0.24388888888888888,635247.5117295805,4456348.204484957,,
89350,325,1,2021-09-11 12:56:35,2021-09-11 13:11:12,0 days 00:14:37,-31.412398025394424,40.24617965357582,10351.780810679553,250.4284357131871,True,222.75062347620496,-0.2451142509068716,-0.9694942000870163,1325.1683671866458,159.90403533031053,21062.14703084212,227.84525,0.00024099289,25042.84357131871,1.3970818019620899,0.3829006703905505,0.00017249733360393178,6893492436708.036,7.261738707738498e-05,-4.8760767,-38.064095,-0.16806333,1.0154499,229.38011,-4.418668,-36.99851,0.002943273244958391,0.013151708110459846,0.010445079814241594,1064.4007044227876,721.0059,343.39478401263136,-180.35834,180.35834,100917.44134526343,38641.35594520043,4.732223440329618e-06,0.0057101054670519145,33.62799769608217,1.3024047165182266,68308236.3644526,0.6266216790319911,3.184551257002612e-17,2.4372157036132937e-05,-30.993208,10.168466,-20.824741,True,-6141946.128011028,1169,0.2436111111111111,635032.2069729755,4456290.174205741,,
89351,326,1,2021-09-11 12:56:36,2021-09-11 13:11:12,0 days 00:00:00,-31.414942387052037,40.24568861983982,10352.003614582618,250.41980513884837,False,0.0,0.0,0.0,584.6983538839645,161.8396065182642,0.0,227.84381,0.00024089389,25041.98051388484,1.3966965796504482,0.38288989844831905,0.0001724740308636159,6964884746011.308,7.310331302388446e-05,-4.8789887,-38.057076,-0.16784169,1.015376,229.37872,-4.4216022,-36.991993,0.0029429632006178963,0.013084889740471024,0.0,1064.3972609753632,720.8564,343.5408766980195,-180.35217,180.35217,74320.14809447373,28456.433956557077,4.268237251564615e-06,0.004786425800384989,34.27201941200502,1.3892366575075266,93714624.15760714,1.3040397400434334,2.9487756241038944e-17,1.8623387577223483e-05,-64.02653,17.064148,-46.96238,True,0.0,1169,0.0,634816.7635416095,4456231.796256521,,
89352,340,1,2021-09-11 12:56:50,2021-09-11 13:11:12,0 days 00:14:22,-31.452481602962052,40.23796217623913,10351.286588181994,250.44758086947587,True,236.26449153706596,-0.2518006269638199,-0.9677791298951569,1274.4902301673633,158.30152475189135,19907.962112586854,227.85428,0.00024021073,25044.758086947586,1.3911659703118466,0.38291478024039205,0.00017266863904066108,4899922339548.406,7.165580648887983e-05,-4.913964,-37.9307,-0.16438833,1.0150595,229.39058,-4.4565496,-36.872494,0.002932611890288399,0.013126305726306763,0.010349205158730983,1064.3526299144305,718.71643,345.636199250368,-180.26274,180.26274,97274.18365708605,37247.72265811664,5.214763981430795e-06,0.006741261053936658,32.89369878786204,1.3442198569004637,50372279.214614265,0.613593462554115,4.7364474653092996e-17,2.5100409931872657e-05,-33.37781,10.205811,-23.172,True,-6977287.611857346,1169,0.23944444444444443,631638.7097127251,4455317.740751669,,
89353,341,1,2021-09-11 12:56:51,2021-09-11 13:11:12,0 days 00:14:21,-31.455175224613612,40.237427143951265,10351.194074845402,250.45116477627667,True,236.5284684715969,-0.25323710991883197,-0.9674042413386233,1271.1050650328602,158.24375077904955,19844.653758816814,227.85538,0.00024016957,25045.116477627667,1.3907660389069938,0.38291840734609256,0.00017268869147394196,4888271789952.392,7.160555744860597e-05,-4.9163713,-37.92143,-0.16413894,1.0150372,229.39177,-4.4589634,-36.86371,0.0029319236187069463,0.013123083831340301,0.010333359922276566,1064.3491504035549,718.56165,345.78750489574236,-180.25615,180.25615,97006.13208415583,37145.433600469645,5.212902764393539e-06,0.006737117342485994,32.86162532290315,1.3441640375048165,50391368.92615885,0.6136456037888148,4.7432283306339607e-17,2.5112873539282016e-05,-33.364704,10.202345,-23.16236,True,-6963607.319664839,1169,0.23916666666666667,631410.6037275492,4455254.35602066,,
89354,342,1,2021-09-11 12:56:52,2021-09-11 13:11:12,0 days 00:00:00,-31.457870788706543,40.23688845857521,10351.425844638541,250.4421862427541,False,0.0,0.0,0.0,570.3422044405395,160.47451055317694,0.0,227.8539,0.00024006527,25044.21862427541,1.3903559910378596,0.3829071725973807,0.0001726646091909187,4929867363032.603,7.208048604260785e-05,-4.9195576,-37.913918,-0.16390179,1.0149475,229.39034,-4.462172,-36.856724,0.002931614292057816,0.01304607426937513,0.0,1064.345709503174,718.40717,345.93854397583027,-180.24954,180.24954,71883.87015143571,27524.8494750435,4.71429215377781e-06,0.005673016646109779,33.59633987274156,1.4446504954395927,68580995.32825641,1.029198282582385,4.408140748428988e-17,1.9422446354455724e-05,-50.318913,14.999159,-35.319756,True,0.0,1169,0.0,631182.3359791392,4455190.569912641,,
89355,395,1,2021-09-11 12:57:45,2021-09-11 13:11:12,0 days 00:00:00,-31.600990711637905,40.20735076755727,10347.084800498133,250.61039730012143,False,0.0,0.0,0.0,536.7968609890627,155.16248191300545,0.0,227.90761,0.00023881241,25061.039730012144,1.3752518874755821,0.38307405289232443,0.00017364994319234715,6712834973345.266,6.940644843367444e-05,-5.0038967,-37.42452,-0.14906727,1.0137028,229.44983,-4.546778,-36.39315,0.0028883435100345877,0.01294592819832732,0.0,1064.17194348374,713.669,350.5029371360838,-180.22903,180.22903,65416.3889101467,25059.321225390402,4.070693494528343e-06,0.0044127831015328125,31.167834528771646,1.3641647100765881,102617021.28752084,1.2200434778626492,2.809329506617667e-17,2.0002227153385737e-05,-58.824146,15.800819,-43.023327,True,0.0,1169,0.0,619059.017158133,4451709.988752621,,
89356,404,1,2021-09-11 12:57:54,2021-09-11 13:11:12,0 days 00:13:18,-31.6255382727,40.202182366526785,10344.894357119989,250.69530947986055,True,233.51378637642728,-0.2600796899521991,-0.9655871555040322,1149.9293492347715,154.31445793047854,17417.47927313378,227.92851,0.0002389088,25069.530947986055,1.3728707738517303,0.38316870472548253,0.00017402133439806025,6120723933235.406,6.837249633855221e-05,-5.012489,-37.333157,-0.14642689,1.0136274,229.472,-4.55539,-36.305916,0.0028787188062253223,0.012930239949439142,0.010039762396710861,1064.1427971733513,713.0071,351.13571709522625,-180.2618,180.2618,86297.96238303765,33066.67846675695,4.58145850525737e-06,0.005400750869044243,30.790718231251926,1.299764157400594,70925474.53285488,0.598899703790275,3.3014215156201527e-17,2.5406911756404283e-05,-28.91352,9.549815,-19.363705,True,-5198785.04105627,1169,0.22166666666666668,616978.7786503212,4451103.6507594185,,
89357,405,1,2021-09-11 12:57:55,2021-09-11 13:11:12,0 days 00:13:17,-31.62819310127469,40.20163617813114,10344.815585496275,250.69836348287674,True,233.670701115312,-0.26092158973751445,-0.9653599971041105,1147.0370561482912,154.22924174616023,17360.46247470415,227.92952,0.00023888826,25069.836348287674,1.3726037947016259,0.38317167964577287,0.0001740402129438979,6103292275827.496,6.83182954662496e-05,-5.0137815,-37.324142,-0.14615029,1.0135789,229.47311,-4.5566998,-36.297367,0.0028779200695817054,0.012928063421314586,0.010029704767573276,1064.139462439404,712.932,351.20745560346654,-180.26553,180.26553,86062.16133766712,32976.5829136994,4.580436360312574e-06,0.005398669320145677,30.751543625723507,1.2997946865626138,70917255.39962994,0.5985631129162945,3.3077147122058086e-17,2.5426288658229545e-05,-28.89057,9.544531,-19.346039,True,-5184494.618615315,1169,0.22138888888888889,616753.7592331541,4451039.52801508,,
89358,406,1,2021-09-11 12:57:56,2021-09-11 13:11:12,0 days 00:00:00,-31.630849067057653,40.20108785362152,10344.95213501787,250.69306942998702,False,0.0,0.0,0.0,535.5846019854248,155.90495730083893,0.0,227.92882,0.00023882644,25069.3069429987,1.3723345147846828,0.38316475482040463,0.00017402931836852818,6107444333749.966,6.877068823781467e-05,-5.015591,-37.31626,-0.1458832,1.0134811,229.47247,-4.558538,-36.289978,0.0028774852889435465,0.012868257856138618,0.0,1064.1361492015194,712.8567,351.2794597483944,-180.26933,180.26933,65580.97794621416,25128.31933564351,4.1919534401131665e-06,0.004639490428309613,31.278045283187197,1.381395117862977,93128290.01664095,1.211538433761698,3.124389393188555e-17,2.011730523961211e-05,-58.20833,15.939243,-42.269085,True,0.0,1169,0.0,616528.6430855222,4450975.173460839,,
89359,416,1,2021-09-11 12:58:06,2021-09-11 13:11:12,0 days 00:13:06,-31.65789220227859,40.19534950115483,10342.954011117221,250.77054613254845,True,233.10620352686988,-0.2849738614375375,-0.9585352879771194,1111.1633857850643,155.04391380962767,16745.77961031279,227.94864,0.0002388292,25077.054613254844,1.3695574428683814,0.3832498563792387,0.00017438421899652204,3742470239021.5635,6.755869216335311e-05,-5.026614,-37.21795,-0.14303191,1.0131919,229.49359,-4.569633,-36.19618,0.0028676608591618447,0.012848509588921066,0.009747678367120592,1064.1043441883626,712.0785,352.0258529774251,-180.31245,180.31245,85074.03989006912,32604.613569470614,5.351160742564881e-06,0.007042801627654258,30.88603780224529,1.3688346755977236,43990743.167451605,0.5396090516533695,5.957777127648586e-17,2.5852923293465733e-05,-28.719784,9.232605,-19.487179,True,-5048363.313435024,1169,0.21833333333333332,614236.5576585758,4450303.062642263,,
89360,417,1,2021-09-11 12:58:07,2021-09-11 13:11:12,0 days 00:13:05,-31.660522774925226,40.194752080997986,10342.846364294868,250.77472065870327,True,233.31407256666733,-0.2860150870185693,-0.9582251144682862,1108.4161857687207,155.00149708645026,16696.060914892638,227.94987,0.00023881125,25077.472065870326,1.3692770462124497,0.3832541541989095,0.00017440681463452506,3717518231906.9316,6.750306350054202e-05,-5.028005,-37.208794,-0.14275922,1.0131392,229.49493,-4.5710244,-36.187466,0.0028668585898904554,0.012845246539378545,0.009734754719972281,1064.1017593858278,712.0037,352.09803624129654,-180.31728,180.31728,84869.59867678049,32526.626258070395,5.357355715681488e-06,0.007056714523389177,30.861300957516796,1.3695401990290654,43802707.79958347,0.5373714753529262,5.997789597455731e-17,2.5872116755863765e-05,-28.592411,9.205585,-19.386826,True,-5014400.051160254,1169,0.21805555555555556,614013.644306705,4450233.367134121,,
89361,418,1,2021-09-11 12:58:08,2021-09-11 13:11:12,0 days 00:00:00,-31.663154817768657,40.19415194349483,10343.000756279633,250.76873338032289,False,0.0,0.0,0.0,531.8147357042309,157.1919100548498,0.0,227.94902,0.00023874328,25076.87333803229,1.368993437066509,0.38324644534828517,0.00017439329475357765,3705620096743.8506,6.7879584455391e-05,-5.0300245,-37.20101,-0.14249824,1.013026,229.49414,-4.5730586,-36.180157,0.002866426589331752,0.012769994645183582,0.0,1064.0992024684222,711.92883,352.17036946060966,-180.32217,180.32217,65656.90992424492,25162.77734101941,4.932415311168225e-06,0.00612677121274658,31.553758509830974,1.4776644249314723,56439148.61389918,0.9819002474871302,5.705718719329426e-17,2.085129048358686e-05,-46.965622,14.726833,-32.23879,True,0.0,1169,0.0,613790.6064481826,4450163.3747879835,,
89362,572,1,2021-09-11 13:00:42,2021-09-11 13:11:12,0 days 00:10:30,-32.07771697729905,40.10308226845169,10333.441213514667,251.13966816293265,True,238.58530179607152,-0.27669949418126244,-0.9609564974127774,838.0754232954025,143.6892807914893,11436.725713481688,228.07759,0.00023889892,25113.966816293265,1.351202129654615,0.3835969785012606,0.00017680472671575894,4777916487623.515,6.529287329392884e-05,-5.145027,-35.746334,-0.12042591,1.0045133,229.6357,-4.6821246,-34.795025,0.002769382551630315,0.01251244821491363,0.009297004700442806,1063.620584106913,724.59814,339.02243957566293,-184.60318,184.60318,61494.475146652534,23589.09486077678,4.378179058563519e-06,0.004994601381476267,25.833963111092114,1.3018824667995148,77696678.86796497,0.6338071024671933,3.912835879435928e-17,2.7858639512141217e-05,-31.894562,10.84312,-21.051441,True,-4210240.032517895,1169,0.175,578607.8790104848,4439606.007710233,,
89363,573,1,2021-09-11 13:00:43,2021-09-11 13:11:12,0 days 00:10:29,-32.0804125180548,40.10248855851048,10333.430153715279,251.14009756867554,True,238.65419664829335,-0.27704818845648344,-0.9608560252571563,835.9871315510728,143.59827453701442,11397.726971478342,228.07794,0.00023891636,25114.009756867556,1.3512477548268733,0.3835970393156822,0.00017681165841891818,4794258167410.688,6.530888427533558e-05,-5.1455674,-35.73682,-0.12040052,1.0044786,229.6361,-4.6825423,-34.786007,0.0027690431054497823,0.012510933952534302,0.009290248542401272,1063.6172983473043,724.64374,338.97356055433556,-184.65387,184.65387,61326.436096690246,23524.63931847276,4.369569238446512e-06,0.004977812975394574,25.79812688046287,1.301291596083519,78176044.01227275,0.6373343266455662,3.895004456552572e-17,2.787261020980824e-05,-32.080456,10.895669,-21.184788,True,-4227495.9413211625,1169,0.17472222222222222,578378.8110704578,4439537.730073673,,
89364,574,1,2021-09-11 13:00:44,2021-09-11 13:11:12,0 days 00:00:00,-32.0831085314733,40.10189392881301,10333.530923691806,251.13618511401518,False,0.0,0.0,0.0,443.0449456462777,144.7743354515107,0.0,228.0774,0.0002389128,25113.618511401517,1.3512935427096595,0.3835919788240733,0.0001768030396411038,4796816020820.409,6.560839708152937e-05,-5.14638,-35.72786,-0.12038064,1.0044135,229.63559,-4.68324,-34.77755,0.0027687165338798536,0.012466030993560768,0.0,1063.6140203111672,724.6886,338.9254216783547,-184.70471,184.70471,50376.645813676914,19324.077254187796,4.097783995641378e-06,0.004460145605898499,26.128312550173796,1.3723487751302135,95219043.33531682,1.0805790082187514,3.7364379342134124e-17,2.39257062374245e-05,-54.281284,16.103394,-38.17789,True,0.0,1169,0.0,578149.699921763,4439469.356922277,,
89365,679,1,2021-09-11 13:02:29,2021-09-11 13:11:12,0 days 00:08:43,-32.36489234665976,40.03660248424817,10330.762107877534,251.24370399953608,True,244.34279884598206,-0.3134209474489442,-0.9496142952273865,645.552711576407,136.90058842354063,7998.337419488969,228.12772,0.00024095498,25124.37039995361,1.3553402370311187,0.38367155212263454,0.0001777819113919913,4214318078672.412,6.670377143847087e-05,-5.228365,-34.727753,-0.11916741,1.0045166,229.69101,-4.7486987,-33.832455,0.002730769350114315,0.012244698417088458,0.00843702916649227,1063.2990585119558,726.6369,336.662156656487,-190.03156,190.03156,47877.83726317592,18369.364135037613,4.2301238763001725e-06,0.004708505617660567,22.948733505276532,1.3011837966560984,88022315.11642973,0.7056767091141254,4.422772489347265e-17,2.9162297497079925e-05,-35.838543,13.157062,-22.68148,True,-3576649.9084640914,1169,0.14527777777777778,554183.8351853308,4432012.933768284,,
89366,680,1,2021-09-11 13:02:30,2021-09-11 13:11:12,0 days 00:08:42,-32.367617686703255,40.035913757415386,10330.934298872706,251.23701637776696,True,239.63421625940643,-0.2846345145047383,-0.9586361109162599,656.2244014851067,136.38937359053457,8194.197025809435,228.12659,0.00024093944,25123.701637776696,1.355396744904793,0.3836632390862589,0.00017776303313855695,5380061013035.99,6.67882017861559e-05,-5.2299967,-34.718933,-0.11918232,1.0045105,229.68988,-4.750107,-33.824245,0.0027307893022526742,0.012257651978237206,0.008705945112856476,1063.2966335993226,726.63776,336.65887725166635,-190.08087,190.08087,47859.96870929863,18362.11061757651,3.900548970316151e-06,0.004098710586418625,22.801759261581257,1.2760407251805292,112412547.64946614,0.6778875012403008,3.27465967835027e-17,2.928465181758572e-05,-34.545822,12.174792,-22.371029,True,-3513924.3597920993,1169,0.145,553951.8655139029,4431934.8360825945,,
89367,681,1,2021-09-11 13:02:31,2021-09-11 13:11:12,0 days 00:08:41,-32.37031587792001,40.03530033737364,10330.931294767137,251.2371330511681,True,239.6597065190015,-0.28479731825799404,-0.9585877568136653,654.4478370057063,136.29689924602704,8162.557464908948,228.12689,0.00024096068,25123.71330511681,1.3554692783644027,0.3836629137582711,0.00017776919486319542,5403052049519.918,6.680870973825405e-05,-5.230983,-34.709454,-0.119187415,1.004561,229.69022,-4.750872,-33.815365,0.0027305640988325307,0.012255835658448554,0.008699127555850976,1063.2933253681035,726.64386,336.6494655048223,-190.12778,190.12778,47724.486493228156,18310.11554560917,3.89172691276969e-06,0.004082868440306787,22.767475623597846,1.275491712661213,113213414.04661487,0.6769249287546283,3.256482113055938e-17,2.930105490293334e-05,-34.500973,12.156581,-22.34439,True,-3500696.920973233,1169,0.14472222222222222,553722.1483340907,4431865.120366726,,
89368,682,1,2021-09-11 13:02:32,2021-09-11 13:11:12,0 days 00:00:00,-32.37301419571082,40.03468650121017,10330.971018508793,251.235590264708,False,0.0,0.0,0.0,385.02560317660647,137.0555455779571,0.0,228.12685,0.00024097372,25123.5590264708,1.355542114634678,0.38366062643565724,0.0001777692616047005,5408738204640.482,6.704113127077046e-05,-5.2320766,-34.700176,-0.11919444,1.0045987,229.6902,-4.7517486,-33.806694,0.0027303431226800966,0.01222370191345618,0.0,1063.290019565225,726.6492,336.64084964335007,-190.17476,190.17476,41445.37791262845,15900.959652821582,3.715953361186641e-06,0.0035286970221392647,22.961273741657486,1.3165901613458548,130502808.20319012,1.0216020842013955,2.9547356742185106e-17,2.6851361131855246e-05,-51.96493,16.580042,-35.384888,True,0.0,1169,0.0,553492.4165695452,4431795.365382457,,
89369,695,1,2021-09-11 13:02:45,2021-09-11 13:11:12,0 days 00:00:00,-32.407888514686704,40.026445679436556,10330.505384050424,251.25367500842913,False,0.0,0.0,0.0,378.84781742427606,136.39363637306363,0.0,228.13411,0.00024129168,25125.367500842913,1.3562632004685113,0.38367602184701066,0.0001779091846310276,5553539211367.974,6.729627990341468e-05,-5.2447495,-34.576008,-0.1191807,1.0051951,229.69797,-4.7616577,-33.69015,0.002726572670959513,0.012182108666855315,0.0,1063.2511267048747,726.61945,336.6316809040934,-190.79745,190.79745,40583.432759499716,15570.890034060501,3.662342041664486e-06,0.003464583312461594,22.662649684650383,1.313023994120049,136842520.05685765,1.0509473356294052,2.8777952716395715e-17,2.723203496966304e-05,-53.451805,17.036684,-36.415123,True,0.0,1169,0.0,550523.1125168583,4430860.339133013,,
89370,723,1,2021-09-11 13:03:13,2021-09-11 13:11:12,0 days 00:00:00,-32.48283267929705,40.0084022513675,10329.834390402959,251.27973753710532,False,0.0,0.0,0.0,363.7864893355063,134.39487445853786,0.0,228.14708,0.00024179851,25127.973753710532,1.3571715540838392,0.3836940088039896,0.00017816355498191682,5731574689536.25,6.759828164085136e-05,-5.2741838,-34.313484,-0.11887204,1.0056491,229.71188,-4.78601,-33.4438,0.0027195136960696687,0.012111681839304007,0.0,1063.1705136822657,726.06995,337.10056739320316,-192.18695,192.18695,38398.93268012428,14733.440413831408,3.5631653414802804e-06,0.003346650797472001,21.876098277130172,1.305558163343045,149263906.29870236,1.1218075885528411,2.781013237626524e-17,2.824808177138661e-05,-56.919327,18.164179,-38.75515,True,0.0,1169,0.0,544139.9411214587,4428817.860857653,,
89371,735,1,2021-09-11 13:03:25,2021-09-11 13:11:12,0 days 00:00:00,-32.51438248965104,40.000738422176035,10329.520146619627,251.29194405004114,False,0.0,0.0,0.0,357.2199895737144,133.8039356362515,0.0,228.15324,0.0002420143,25129.194405004113,1.3574596330624138,0.3837022800100474,0.00017828471156880699,4186239556510.0767,6.751524191808738e-05,-5.288902,-34.200134,-0.11913429,1.0061182,229.71843,-4.797288,-33.33786,0.0027166628784678435,0.012075062090925594,0.0,1063.1368824616995,725.5989,337.53800550857454,-192.72165,192.72165,37540.021978225406,14404.192024672378,3.925270310887839e-06,0.004142879368078931,21.61857919348466,1.3472187151889194,111514041.17286478,0.9926435146552317,4.273530067063153e-17,2.9140544627339113e-05,-50.266502,17.58447,-32.68203,True,0.0,1169,0.0,541451.8055179903,4427952.094862171,,
89372,759,1,2021-09-11 13:03:49,2021-09-11 13:11:12,0 days 00:07:23,-32.5782899674511,39.98532239599711,10329.07334674791,251.30930040990032,True,241.86759352759773,-0.3104702492962277,-0.9505830969999088,528.1669945384673,131.2573817289619,6003.174076421426,228.16376,0.0002432266,25130.93004099003,1.3626598563541361,0.3837111133420126,0.00017849399724987561,5619558060074.1,6.756011820735426e-05,-5.327234,-33.95951,-0.12048823,1.0091244,229.7302,-4.8232107,-33.115166,0.002707375780109089,0.012054497239645696,0.007920804012095814,1063.0662590664979,724.6176,338.4486443204041,-193.52701,193.52701,39267.006347206036,15067.186723094303,3.6128851377016456e-06,0.003405427838828683,20.768090880742385,1.258072643414143,143111446.0416193,0.758517773690028,2.845064116359099e-17,3.0205886284714326e-05,-38.54248,13.728856,-24.813625,True,-3170847.3664756194,1169,0.12305555555555556,536004.8050354742,4426213.2956793895,,
89373,760,1,2021-09-11 13:03:50,2021-09-11 13:11:12,0 days 00:07:22,-32.58098842384834,39.984647064482,10328.84427775687,251.318199185991,True,241.10915683392855,-0.3005882204148041,-0.9537540153246334,530.5522894556707,131.6745806698955,6064.612354698095,228.1659,0.00024331753,25131.8199185991,1.3628721189731388,0.3837211073052416,0.0001785329097511118,3773929941189.341,6.741229786402764e-05,-5.3283806,-33.94846,-0.12052663,1.0092888,229.7324,-4.8238316,-33.104843,0.0027067864408982702,0.012034929475451017,0.007994124013294867,1063.0635671807706,724.5757,338.48788358702063,-193.56078,193.56078,39477.99856896783,15148.541325079079,4.130025401761951e-06,0.004519047482810411,20.866395639852833,1.2997351964285841,95595776.83747841,0.7275168436234356,4.907237561982074e-17,3.088770160864175e-05,-36.767803,14.307145,-22.460659,True,-2870613.438783234,1169,0.12277777777777778,535774.7674501956,4426137.254138351,,
89374,761,1,2021-09-11 13:03:51,2021-09-11 13:11:12,0 days 00:07:21,-32.583687367190834,39.983995277124485,10328.825639485047,251.31892324898234,True,241.1264437026813,-0.3007192252297992,-0.9537127175293352,529.0259355525842,131.60602958633098,6039.016845458519,228.16632,0.00024336902,25131.892324898236,1.36309554995715,0.383721480480419,0.00017854142672139278,3767192405658.2075,6.74174128185752e-05,-5.329998,-33.938343,-0.120579906,1.0094002,229.7329,-4.824942,-33.09548,0.0027063332077784706,0.012032675700684304,0.007983856862346723,1063.0605600595306,724.53644,338.5241220712494,-193.5939,193.5939,39374.228904703115,15108.737408087585,4.128967864705878e-06,0.004517063414896425,20.840771222168602,1.2997985857298753,95676601.43328494,0.7277640399111823,4.9154919727878816e-17,3.0910837502458864e-05,-36.776417,14.318336,-22.45808,True,-2862213.154411729,1169,0.1225,535544.671560365,4426063.832570107,,
89375,762,1,2021-09-11 13:03:52,2021-09-11 13:11:12,0 days 00:00:00,-32.58638636140702,39.98334315896239,10328.842370723145,251.31827327070826,False,0.0,0.0,0.0,343.4985765851324,132.22203474124305,0.0,228.16647,0.00024341373,25131.827327070827,1.3633183557639732,0.3837202363300052,0.00017854503806934293,3751769835105.4614,6.75504672946897e-05,-5.3317084,-33.928383,-0.12063526,1.0095011,229.7331,-4.8261485,-33.086277,0.002705997389915069,0.01200559445984957,0.0,1063.0575545132353,724.49744,338.56011798979785,-193.627,193.627,35671.277187871194,13687.790912723058,4.0033404924602466e-06,0.004284595627077113,20.98898037290099,1.3542431690085341,105176212.65271442,1.0004217134157036,4.838114021256531e-17,3.0346261644831774e-05,-50.44687,18.189646,-32.257225,True,0.0,1169,0.0,535314.56712683,4425990.381257867,,
89376,791,1,2021-09-11 13:04:21,2021-09-11 13:11:12,0 days 00:00:00,-32.66353482071554,39.96445605318857,10328.414035332926,251.33491375289447,False,0.0,0.0,0.0,327.4708549019258,129.57068961408973,0.0,228.17786,0.00024481863,25133.491375289446,1.3694337949514912,0.3837265107048454,0.00017877361339909984,5326314408497.137,6.787181049953693e-05,-5.3786592,-33.641315,-0.122042336,1.0120094,229.7459,-4.859298,-32.82049,0.0026954738277163415,0.011968799320996851,0.0,1062.9738101669902,723.42126,339.55254551855273,-194.55667,194.55667,33324.9345526601,12787.6608553596,3.4876422757302614e-06,0.003257221395614738,20.093894870082124,1.2997316865953752,159829703.4936554,1.156883373136998,2.9880076160135625e-17,3.128829142431298e-05,-58.222565,19.251068,-38.971497,True,0.0,1169,0.0,528735.4816746397,4423866.394905284,,
89377,819,1,2021-09-11 13:04:49,2021-09-11 13:11:12,0 days 00:00:00,-32.73775164571228,39.945939949604096,10327.733839672901,251.3613406354059,False,0.0,0.0,0.0,312.43163806307,127.53443587571235,0.0,228.19066,0.00024614081,25136.13406354059,1.3748952268062729,0.383745322209632,0.00017902514319125752,5115254230827.093,6.815750755924629e-05,-5.4235396,-33.366978,-0.12316732,1.0133691,229.76,-4.8921046,-32.56616,0.002685822820705539,0.01191791330611913,0.0,1062.8958261899045,722.4749,340.42091163912323,-195.41809,195.41809,31294.812413626696,12009.237873157168,3.466580793271565e-06,0.0032323247254308998,19.384524527945956,1.2979305773709915,163453743.17053768,1.1628197671220792,3.1195011084550254e-17,3.2794939884887405e-05,-58.35769,19.5784,-38.77929,True,0.0,1169,0.0,522403.0976057107,4421790.029133521,,
89378,983,1,2021-09-11 13:07:33,2021-09-11 13:11:12,0 days 00:00:00,-33.170995918390815,39.83422757199487,10323.290233843627,251.53403845905567,False,0.0,0.0,0.0,224.86038295866203,115.11447446375743,0.0,228.2639,0.00025243257,25153.403845905566,1.398855889039129,0.38388576321082046,0.00018045645031025527,5446776633021.634,7.139113921830089e-05,-5.8131385,-31.625435,-0.13871741,1.0408179,229.83896,-5.184899,-30.93936,0.002643096738824511,0.012019461367839667,0.0,1062.4489977174849,738.24335,324.2056505495161,-195.00192,195.00192,20329.783911471033,7804.314612766117,2.9862570640169112e-06,0.0026778825956130002,15.927399601833285,1.2663184884262964,267921029.39905342,1.1446326431720741,2.952249175797495e-17,4.6992462599052163e-05,-60.878204,17.552116,-43.326088,True,0.0,1169,0.0,485368.6010920667,4409372.350280184,,
89379,995,1,2021-09-11 13:07:45,2021-09-11 13:11:12,0 days 00:00:00,-33.20237991846071,39.82577313318414,10322.807569677738,251.55280266826267,False,0.0,0.0,0.0,218.303139465093,114.29649298280533,0.0,228.26926,0.00025314422,25155.280266826267,1.402018954700232,0.38390538324698253,0.00018055691347486155,5772391881407.52,7.194927066481602e-05,-5.845384,-31.49561,-0.13972487,1.042874,229.8447,-5.210254,-30.81753,0.002640227154869592,0.01203873930079746,0.0,1062.418759927926,740.15027,322.2684913732385,-194.88582,194.88582,19596.69203738587,7523.275566985713,2.9009475129772126e-06,0.002581794899467844,15.727033784891603,1.2617689160376513,294559503.7364039,1.1435512979056677,2.786496954681661e-17,4.865890807268093e-05,-61.25379,17.196018,-44.057774,True,0.0,1169,0.0,482681.07990910305,4408439.621717268,,
89380,1007,1,2021-09-11 13:07:57,2021-09-11 13:11:12,0 days 00:00:00,-33.23383168779105,39.81733608376482,10322.891557507673,251.54953744859665,False,0.0,0.0,0.0,210.00758882426692,112.49558171293803,0.0,228.26996,0.00025374457,25154.953744859664,1.405208441584024,0.3838992099784167,0.00018057432719558177,6328077362998.86,7.248840115699892e-05,-5.879131,-31.367735,-0.14077552,1.0447974,229.84569,-5.237188,-30.697805,0.0026380962984973166,0.012100149822887703,0.0,1062.3876322774397,742.16077,320.2268656758772,-194.75804,194.75804,18554.973387848597,7123.2396247656225,2.7695260218782607e-06,0.002435302181325273,15.313049249666536,1.2539380101007467,341044809.4279151,1.2164437344877954,2.530132595973299e-17,5.078391061830119e-05,-65.516174,17.516764,-47.999413,True,0.0,1169,0.0,479987.10467791336,4407509.781212848,,
89381,1028,1,2021-09-11 13:08:18,2021-09-11 13:11:12,0 days 00:02:54,-33.28906809940986,39.80240038535737,10320.406234129363,251.6461746189495,True,222.63265231158164,-0.32617995690179596,-0.9453076936720353,224.48349681050516,113.86243287697677,1324.5827431581602,228.28926,0.00025566423,25164.617461894948,1.4131597618011429,0.38401422944881325,0.00018091671966078763,3979398589005.9814,7.360013901265542e-05,-5.9412484,-31.132357,-0.14248875,1.0489737,229.86534,-5.289094,-30.474463,0.002635230184261843,0.01202190659402156,0.005310368182347455,1062.3336473485683,745.09296,317.24069080559957,-194.73682,194.73682,18268.511126801342,7015.368223535688,3.2325945750616476e-06,0.002958777982272575,15.58598548514665,1.2673555883194214,217828292.70459214,1.1259266420630618,4.253550207227408e-17,5.006540212248085e-05,-61.099075,18.010534,-43.08854,True,-2149419.126267057,1169,0.04833333333333333,475254.2383069173,4405865.92926007,,
89382,1029,1,2021-09-11 13:08:19,2021-09-11 13:11:12,0 days 00:02:53,-33.291531590423006,39.80174731064813,10320.37816665672,251.64726614198142,True,222.63445467838886,-0.32627278975649765,-0.9452756564434059,223.59627736035375,113.7690639016241,1313.7091561761608,228.2894,0.00025573935,25164.72661419814,1.4135590354554235,0.38401566621172906,0.00018091875827860063,4015939141773.904,7.366893902272241e-05,-5.9444623,-31.122108,-0.14257622,1.0491571,229.86545,-5.2918916,-30.464722,0.002635452421383775,0.012025018079863701,0.005303078427576393,1062.3310432272197,745.2136,317.11742018034465,-194.73987,194.73987,18194.403525640733,6986.935991223958,3.2194031946774934e-06,0.0029435698447546257,15.564461782505427,1.266675498436028,220723869.07954317,1.1264801083198714,4.214316259273013e-17,5.0262024372501726e-05,-61.160347,17.976608,-43.18374,True,-2145423.034977667,1169,0.04805555555555555,475043.11399777787,4405794.13066578,,
89383,1030,1,2021-09-11 13:08:20,2021-09-11 13:11:12,0 days 00:00:00,-33.293994994487804,39.80109404479053,10320.350593702953,251.64833843727695,False,0.0,0.0,0.0,201.0270691093136,113.73543801952347,0.0,228.28952,0.00025581435,25164.833843727694,1.4139600662769243,0.38401709652239663,0.00018092048857699304,4051350843581.1343,7.372669711811197e-05,-5.9476767,-31.111858,-0.14266364,1.0493406,229.86557,-5.294689,-30.454985,0.002635449277119903,0.01202554031721022,0.0,1062.3284398101437,745.3346,316.99384508358116,-194.74294,194.74294,17957.266449562365,6895.8973234399855,3.196827887775429e-06,0.0029175829174788266,15.555938149272897,1.2772245327554592,225610666.01982003,1.2352198338252902,4.1731245886745885e-17,5.449995724674856e-05,-66.87109,19.22537,-47.64572,True,0.0,1169,0.0,474831.9930671446,4405722.316639035,,
89384,1035,1,2021-09-11 13:08:25,2021-09-11 13:11:12,0 days 00:00:00,-33.30684701955147,39.79759589657918,10321.665043091318,251.59722442082398,False,0.0,0.0,0.0,194.0717860478366,110.69755180607415,0.0,228.27826,0.0002559036,25159.7224420824,1.416046097768287,0.3839580242275726,0.0001807170034015827,5143893726724.0205,7.410107559470232e-05,-5.9696183,-31.063286,-0.1432489,1.0500149,229.85397,-5.3145666,-30.40919,0.0026380722007192502,0.012151208661701867,0.0,1062.3159985300242,745.9727,316.34328124486797,-194.75992,194.75992,16872.922050654895,6478.493813515296,2.896340003208905e-06,0.002576508306613081,14.890027878429551,1.2583518425375082,304860871.83247364,1.141832152317493,3.219438933050803e-17,5.618139061115842e-05,-62.326893,17.10206,-45.22483,True,0.0,1169,0.0,473730.43791359727,4405337.761672761,,
89385,1040,1,2021-09-11 13:08:30,2021-09-11 13:11:12,0 days 00:02:42,-33.320033583213956,39.79395593769653,10320.79546068397,251.63103828437414,True,230.73032273703976,-0.315562520457679,-0.9489047874694263,212.782365307006,111.45149490877863,1201.5244133613674,228.28473,0.00025644616,25163.103828437415,1.4181560125374784,0.38399875366018216,0.00018083071171817679,4856740033353.1455,7.446224006321482e-05,-5.984746,-31.00592,-0.14363398,1.0510987,229.8605,-5.3273945,-30.354515,0.0026375253863369606,0.012114377330965187,0.0053760428075319815,1062.3038349836652,746.6391,315.66473586257143,-194.77818,194.77818,17027.07690066493,6538.376308331411,2.9662043598129677e-06,0.0026549674589779653,15.047795927293013,1.2526886374185453,285236277.58816797,1.0537270477470024,3.4479511364445854e-17,5.2798398789561166e-05,-57.741024,16.26964,-41.471382,True,-2031572.2873063013,1169,0.045,472600.0730785122,4404937.728008688,,
89386,1041,1,2021-09-11 13:08:31,2021-09-11 13:11:12,0 days 00:02:41,-33.322596077498304,39.79330113841522,10320.766581000411,251.632161339037,True,230.73185726719433,-0.3156549668872412,-0.9488740389953847,211.89706505960743,111.3579208783102,1191.0338977966642,228.28485,0.00025652442,25163.2161339037,1.418575502657105,0.38400026146989585,0.00018083240602574294,4891502371360.995,7.453372426124901e-05,-5.988004,-30.995258,-0.14372577,1.0512985,229.86063,-5.3302164,-30.344395,0.0026375220872395743,0.01211756252336275,0.005368277540393828,1062.3007766631808,746.7696,315.5311843780246,-194.78128,194.78128,16954.469392969488,6510.52067998363,2.9558980016814196e-06,0.0026433465692365754,15.02648827531756,1.2522129636099828,288508136.585469,1.053555830515178,3.4236444167864166e-17,5.3025880050974655e-05,-57.76252,16.234304,-41.528214,True,-2026071.4023707993,1169,0.04472222222222222,472380.42080398893,4404865.841538652,,
89387,1042,1,2021-09-11 13:08:32,2021-09-11 13:11:12,0 days 00:00:00,-33.32515848138905,39.792646142959875,10320.737666470075,251.63328575286528,False,0.0,0.0,0.0,191.52276309890607,111.31239541731998,0.0,228.28499,0.00025660265,25163.328575286527,1.4189897760737529,0.38400174846146545,0.00018083474363073397,4925798481558.47,7.459424329875477e-05,-5.991262,-30.984596,-0.14381745,1.0514984,229.86075,-5.3330374,-30.334272,0.0026376315619015146,0.012118665809200102,0.0,1062.2977189671628,746.9004,315.39732834216284,-194.7844,194.7844,16743.791555671098,6429.645233252022,2.9375543638368946e-06,0.0026226915056440513,15.01557151837658,1.2610818678088445,294186562.5345837,1.1512355365585283,3.3970746130764273e-17,5.743530713818102e-05,-62.982853,17.359415,-45.623436,True,0.0,1169,0.0,472160.7720225463,4404793.939549496,,
89388,1047,1,2021-09-11 13:08:37,2021-09-11 13:11:12,0 days 00:00:00,-33.33819996264708,39.78914125179419,10321.310441999978,251.61101270179495,False,0.0,0.0,0.0,186.50774613039246,109.56867912979197,0.0,228.27974,0.0002568464,25161.101270179493,1.421092186726215,0.3839765941742161,0.00018073872993609557,5557139470665.569,7.496372803338238e-05,-6.0107665,-30.932686,-0.14433652,1.0523455,229.85532,-5.3503704,-30.285168,0.002639046624372554,0.012190838816545436,0.0,1062.2843600632696,747.5744,314.7099582078008,-194.80208,194.80208,16049.931433155645,6162.798008432799,2.7868052676345245e-06,0.002454313870009965,14.635462173020791,1.251735016334036,346240698.52321833,1.2080858979345914,2.984764189726817e-17,5.897673670569573e-05,-66.218155,17.486012,-48.732143,True,0.0,1169,0.0,471042.7222975568,4404409.080667954,,
89389,1052,1,2021-09-11 13:08:42,2021-09-11 13:11:12,0 days 00:02:30,-33.3513819563064,39.78548829413614,10320.563244699417,251.6400686659455,True,232.59114473076832,-0.33807513768966085,-0.9411191217248308,200.35563363742662,110.11901862457196,1023.3817011030549,228.28516,0.0002573613,25164.00686659455,1.4231958128245983,0.3840118247438289,0.00018083337485982605,5356046853491.038,7.531675689586274e-05,-6.026239,-30.875738,-0.14472698,1.0534155,229.86081,-5.363535,-30.230965,0.002638400286196827,0.012162614114303548,0.005034994219870671,1062.2722370247882,748.2681,314.00410958338193,-194.82133,194.82133,16091.016513681738,6179.140613402008,2.8281718310553183e-06,0.002500230631519417,14.748627014444669,1.2466666370154205,332859446.6941813,1.1011691654376985,3.123546929997998e-17,5.606876989979926e-05,-60.668465,16.389692,-44.27877,True,-2061988.6740866057,1169,0.041666666666666664,469912.4630225673,4404007.998322202,,
89390,1053,1,2021-09-11 13:08:43,2021-09-11 13:11:12,0 days 00:02:29,-33.35394360506959,39.784781125294295,10320.532840271964,251.64125104834469,True,232.59341055678797,-0.3381665921973228,-0.9410862638045725,199.49583452207867,110.02604952482861,1013.7783373483971,228.28528,0.00025743764,25164.125104834467,1.423605112801755,0.38401342307996145,0.00018083500751137231,5389264460061.41,7.538528150012106e-05,-6.029625,-30.865055,-0.14481348,1.0536044,229.86092,-5.3664804,-30.220825,0.0026385094716766845,0.012165946744690959,0.00502694857044985,1062.2698383940126,748.40424,313.86560255416885,-194.8251,194.8251,16019.33578580516,6151.639970574363,2.819010391579334e-06,0.0024900273658958827,14.727768563529494,1.2462163297215572,336422466.7065705,1.1081013777173179,3.10450832319726e-17,5.6333096742837365e-05,-61.07085,16.44099,-44.62986,True,-2069650.376701173,1169,0.04138888888888889,469692.8077435386,4403930.376097956,,
89391,1054,1,2021-09-11 13:08:44,2021-09-11 13:11:12,0 days 00:00:00,-33.356505163016124,39.78407375827148,10320.502661292297,251.64242466786772,False,0.0,0.0,0.0,183.4898028723371,109.96704852651652,0.0,228.2854,0.00025751392,25164.24246678677,1.424011646596655,0.3840150080419281,0.00018083694962875552,5421341783789.093,7.544505316497917e-05,-6.033011,-30.854372,-0.14489987,1.0537932,229.86102,-5.369426,-30.210688,0.002638618683145353,0.01216774916368866,0.0,1062.2674403760254,748.54083,313.7266078564942,-194.82889,194.82889,15847.632238582637,6085.72862154483,2.8040959667011603e-06,0.002473437060708682,14.714157013430743,1.253031477896032,342091594.64151984,1.2047150336581445,3.0843388521540797e-17,6.050100773778021e-05,-66.23389,17.515284,-48.718605,True,0.0,1169,0.0,469473.15565580013,4403852.738124688,,
89392,1060,1,2021-09-11 13:08:50,2021-09-11 13:11:12,0 days 00:02:22,-33.3721787844045,39.77972298611267,10321.299300619305,251.61144593227968,True,243.60988752596282,-0.33465743763059264,-0.9423398534703528,191.25962550246464,107.5856481214172,930.079068969427,228.2781,0.00025777536,25161.144593227968,1.4265089390092713,0.3839800021023203,0.00018070364304508432,9244334234038.346,7.634597562717149e-05,-6.057138,-30.792233,-0.14551479,1.0547737,229.85352,-5.3909273,-30.151972,0.002640283460226556,0.012269741286389366,0.005051203813324959,1062.2530100786998,749.3864,312.8665965044811,-194.85252,194.85252,15067.394618434957,5785.578217263144,2.317037760435077e-06,0.0019449685218701112,14.201822700942259,1.2224712285277932,613532363.6329205,1.6022347764581595,1.7417286548349493e-17,5.852115109761873e-05,-87.2413,19.48468,-67.75662,True,-3149550.588077211,1169,0.03944444444444444,468129.0434606242,4403375.322522233,,
89393,1061,1,2021-09-11 13:08:51,2021-09-11 13:11:12,0 days 00:02:21,-33.37486504246229,39.77898980182083,10321.293544911052,251.61166974214547,True,243.61212176894625,-0.33474818192181394,-0.9423076221171302,190.34150848230666,107.44769966213757,920.1868606307119,228.27802,0.0002578498,25161.166974214546,1.4269389563777555,0.3839804809953049,0.0001807013597611815,9306460245803.229,7.642074949133887e-05,-6.060745,-30.78111,-0.14560768,1.0549711,229.85341,-5.3940725,-30.14143,0.0026403947755989066,0.01227521956622817,0.005043445627073086,1062.2503647303836,749.5328,312.71758885147733,-194.8565,194.8565,14986.145436637717,5754.387333025744,2.308461508578264e-06,0.0019359019723437399,14.171751009085384,1.2220442066448107,621004265.9169081,1.601239226091504,1.7301292718836893e-17,5.883015360376185e-05,-87.24005,19.433237,-67.806816,True,-3136538.4406479597,1169,0.03916666666666667,467898.6686422775,4403294.908560261,,
89394,1062,1,2021-09-11 13:08:52,2021-09-11 13:11:12,0 days 00:00:00,-33.37755120465118,39.77825641200673,10321.287895067577,251.6118894356316,False,0.0,0.0,0.0,175.78840838455318,107.33322209398038,0.0,228.27792,0.00025792414,25161.18894356316,1.4273657721006219,0.38398097649682017,0.0001806994016096288,9367165205898.508,7.649036064303523e-05,-6.064351,-30.769989,-0.14570045,1.0551686,229.8533,-5.3972163,-30.13089,0.0026405069439067574,0.01227961895279653,0.0,1062.2477198821434,749.6796,312.5680934172997,-194.8605,194.8605,14818.842500380515,5690.153613848691,2.2955575843965812e-06,0.0019222771151021071,14.146637471509068,1.2268331975020292,632111799.9370046,1.7124082556059401,1.7179794169848068e-17,6.304352119454037e-05,-92.78517,20.37296,-72.41222,True,0.0,1169,0.0,467668.29704757925,4403214.478655529,,
89395,1075,1,2021-09-11 13:09:05,2021-09-11 13:11:12,0 days 00:00:00,-33.411607644469655,39.768802420584755,10320.43955426664,251.64487882869315,False,0.0,0.0,0.0,168.1703673838317,106.93436356723281,0.0,228.28299,0.00025901943,25164.487882869314,1.4327577176671387,0.3840228050379545,0.00018078383473920523,6459305360248.878,7.690067011112509e-05,-6.107695,-30.62635,-0.14678556,1.05779,229.85838,-5.4346056,-29.994606,0.0026402993270201592,0.01228835044318451,0.0,1062.2159946748536,751.5862,310.6298130342286,-194.9141,194.9141,14123.965346048311,5423.924790448336,2.561729919970824e-06,0.0022071657499426757,14.051677257760526,1.238531732365841,457329454.0159787,1.5292633891190335,2.5774179337543698e-17,6.724416690965703e-05,-83.95754,19.98248,-63.975063,True,0.0,1169,0.0,464747.03303375014,4402178.064954055,,
89396,1091,1,2021-09-11 13:09:21,2021-09-11 13:11:12,0 days 00:00:00,-33.45365124034424,39.7570951853785,10319.91792129121,251.66516528709516,False,0.0,0.0,0.0,157.1439784676398,105.42245760414143,0.0,228.28479,0.0002602505,25166.516528709515,1.4393779972681207,0.38405074121954896,0.00018080761125325722,6939164537617.437,7.79563799411332e-05,-6.162766,-30.45064,-0.14814883,1.0609759,229.86015,-5.482293,-29.828188,0.0026404654067806632,0.012347611461210528,0.0,1062.1767155832022,754.0485,308.1281926339834,-194.98404,194.98404,13011.302135763266,4997.000229471383,2.4449236463050463e-06,0.0020810839500651533,13.723005193784182,1.231956864767246,533318223.2809916,1.674505138939286,2.4029199301181563e-17,7.354176477795659e-05,-92.05715,20.830353,-71.2268,True,0.0,1169,0.0,461139.53090281086,4400896.11558422,,
89397,1108,1,2021-09-11 13:09:38,2021-09-11 13:11:12,0 days 00:01:34,-33.498300605257924,39.744595045753435,10318.609069672631,251.71607273791903,True,230.74862563245551,-0.3462796566240944,-0.9381313337738482,152.29107035845007,105.12216108648856,540.0670986947263,228.29213,0.00026178578,25171.607273791902,1.4469075944132703,0.38411606330321074,0.00018092778256994051,11138419113342.283,7.997593418628427e-05,-6.21933,-30.261316,-0.14942259,1.0644643,229.86769,-5.531004,-29.649319,0.0026388531593704557,0.012346267166373168,0.004500992241648136,1062.135173569285,756.91785,305.2173268895974,-195.03665,195.03665,12107.018324533792,4650.500217159754,2.0561706867406266e-06,0.0016730492890423521,13.643450877303202,1.2126397352098548,919996882.3679131,1.5532750392284085,1.4683504564964254e-17,7.801378200152816e-05,-87.07121,17.70089,-69.37032,True,-2430325.7810089136,1169,0.026111111111111113,457307.06443669135,4399529.093182382,456836.7395629717,4399818.987161572
89398,1109,1,2021-09-11 13:09:39,2021-09-11 13:11:12,0 days 00:01:33,-33.50083238883076,39.743876454149714,10318.6148584512,251.71584756649256,True,230.76827805029023,-0.34641871090536674,-0.9380799948483414,151.32203251663117,104.9546737357044,531.9076164579193,228.29178,0.00026186736,25171.584756649256,1.4474193213706703,0.3841163150101386,0.00018092017759552094,11214516861912.832,8.004617885084953e-05,-6.223049,-30.251032,-0.1495094,1.0646379,229.86732,-5.5343394,-29.639645,0.002638966402191727,0.012352688835588982,0.004492744025005792,1062.132923886954,757.0568,305.07610015648515,-195.04443,195.04443,12017.598881687813,4616.155797703886,2.0470455974699345e-06,0.00166370065122452,13.60708405304262,1.2121747395724338,933174502.8535857,1.5521860873309008,1.4579827148779525e-17,7.864299209157638e-05,-87.06134,17.643442,-69.4179,True,-2416980.5772531256,1169,0.025833333333333333,457089.70188503905,4399450.548782032,456616.17105147376,4399741.153081894
89399,1110,1,2021-09-11 13:09:40,2021-09-11 13:11:12,0 days 00:00:00,-33.50336422305165,39.74315751277052,10318.620884971417,251.71561314758426,False,0.0,0.0,0.0,144.6599875173837,104.79403332845513,0.0,228.29129,0.0002619607,25171.561314758426,1.4480152867792588,0.38411678157497814,0.00018091017343091018,11290781936000.148,8.012033959213112e-05,-6.2270613,-30.24118,-0.14962566,1.0648049,229.8668,-5.5380588,-29.63035,0.002639192146892526,0.01235836783627313,0.0,1062.1306761837513,757.1208,305.0098876095326,-195.06537,195.06537,11906.246248692998,4573.3889896871115,2.036727776132219e-06,0.0016531433323298222,13.571699316824322,1.2140922931911011,948307443.0145931,1.6101721238482536,1.4475763572660868e-17,8.277660175539937e-05,-90.0685,18.106312,-71.96219,True,0.0,1169,0.0,456872.3302603493,4399371.971713219,456395.58862161083,4399663.275122277
89400,1116,1,2021-09-11 13:09:46,2021-09-11 13:11:12,0 days 00:01:26,-33.51905780668912,39.73873803747183,10319.221988387824,251.6922323823676,True,239.80378313610964,-0.34558702778326655,-0.9383867039914449,143.5230344266135,102.73694230054436,471.1754559335909,228.28368,0.00026242097,25169.22323823676,1.451730426827277,0.38409390124030635,0.00018076425821978052,12123438043339.885,8.071892203183467e-05,-6.253826,-30.181847,-0.15039594,1.0657363,229.85886,-5.563043,-29.57452,0.0026417345491117315,0.012445232452870138,0.004481021164168391,1062.1162099011444,757.517,304.5991810925507,-195.1976,195.1976,11195.990413902526,4300.311636324894,1.9534269728339702e-06,0.0015684559532144356,13.135792656557799,1.2066820740379471,1082837479.7718394,1.584507550715282,1.3435196694253689e-17,8.359897539353787e-05,-88.943436,17.45429,-71.48914,True,-2456664.25403551,1169,0.02388888888888889,455524.87437251996,4398889.141939264,455028.09963040333,4399184.542303465
89401,1117,1,2021-09-11 13:09:47,2021-09-11 13:11:12,0 days 00:01:25,-33.521689435359235,39.73799273906613,10319.228371414887,251.69198411496328,True,239.80537630919184,-0.3456714127388757,-0.9383556225733982,142.56391095598417,102.56689376777526,463.6939299086354,228.28317,0.00026251836,25169.198411496327,1.4523526512764602,0.38409436953647147,0.00018075386506610582,12212039732119.652,8.081581132989634e-05,-6.25799,-30.17159,-0.15051632,1.0659053,229.8583,-5.5668983,-29.564846,0.0026420728856109575,0.012451578999911072,0.004474168774457041,1062.1138301077817,757.58405,304.5297846976255,-195.22025,195.22025,11108.650699295245,4266.77018674669,1.944388953959694e-06,0.0015593193875842969,13.099020885782599,1.2061827902301363,1099327007.6350865,1.595342821128944,1.3337668458061182e-17,8.431547883083255e-05,-89.52818,17.503405,-72.02478,True,-2458888.515166535,1169,0.02361111111111111,455298.90236045583,4398807.733485117,454798.77823911136,4399103.830249459
89402,1118,1,2021-09-11 13:09:48,2021-09-11 13:11:12,0 days 00:00:00,-33.524320965882964,39.7372472537316,10319.23466600945,251.69173928732934,False,0.0,0.0,0.0,136.82847793000298,102.40205088746113,0.0,228.28265,0.00026261585,25169.173928732933,1.452981094179739,0.3840948888768651,0.00018074278739154046,12304815766817.521,8.091232127605384e-05,-6.2621536,-30.161331,-0.15063658,1.0660734,229.85776,-5.5707536,-29.555172,0.0026422992821918,0.012457656442911705,0.0,1062.1114506634167,757.6512,304.46026658138544,-195.243,195.243,11004.619529592484,4226.818115351005,1.934186673687672e-06,0.0015490189034119723,13.063322816190993,1.2076720989791618,1118150039.9653695,1.6625807492075713,1.3234828526431757e-17,8.844546064146994e-05,-92.99119,18.026754,-74.96443,True,0.0,1169,0.0,455072.93376894365,4398726.310854719,454569.52614151116,4399023.262288767
89403,1124,1,2021-09-11 13:09:54,2021-09-11 13:11:12,0 days 00:01:18,-33.54030509780284,39.73277303898588,10318.307948058284,251.72778596631213,True,230.82649875828727,-0.3478242485150852,-0.9375597539063397,137.5617261257395,103.17301674154321,423.1904270460255,228.28741,0.0002634176,25172.77859663121,1.4568056922083101,0.38414188327546517,0.00018081862716459797,9978108775226.049,8.063418808991227e-05,-6.283824,-30.095982,-0.15129028,1.0672635,229.86246,-5.5904555,-29.493317,0.002642645140496143,0.012408620424715801,0.004374455908569201,1062.0962395648692,758.05804,304.0381951312754,-195.38371,195.38371,10825.105591712525,4158.376448656218,2.06053002370036e-06,0.001677519624260606,13.20856867443157,1.211298933501537,921756253.6170622,1.5509667020475957,1.6536105015852984e-17,8.936142518994441e-05,-87.26831,17.82582,-69.44249,True,-2197140.53492902,1169,0.021666666666666667,453700.3135094031,4398237.870161996,453176.92133707035,4398539.776204241
89404,1125,1,2021-09-11 13:09:55,2021-09-11 13:11:12,0 days 00:01:17,-33.54283575846637,39.732050998649726,10318.286021241778,251.7286389074109,True,230.82819810311292,-0.3479092939064593,-0.9375281986231182,136.6339407888575,103.05414837976875,416.2943243109158,228.28716,0.00026351784,25172.86389074109,1.4574109186939064,0.38414361996012186,0.00018081231279571398,10025828982847.227,8.072113412026555e-05,-6.2877398,-30.086014,-0.15140276,1.0674239,229.86217,-5.594068,-29.483913,0.002642867638610653,0.012412541376560532,0.004366879098364368,1062.0940010362317,758.12354,303.9704658799817,-195.40651,195.40651,10745.173848546958,4127.689979281663,2.0529200183372977e-06,0.0016697168775586303,13.182314437298256,1.2109002138763418,933054143.5774902,1.550558863092848,1.6459373843612452e-17,9.019071121689449e-05,-87.27245,17.787796,-69.48466,True,-2183847.7430589953,1169,0.021388888888888888,453482.97026425856,4398159.044065133,452956.3937384707,4398461.7052599555
89405,1126,1,2021-09-11 13:09:56,2021-09-11 13:11:12,0 days 00:00:00,-33.54536632607358,39.73132877646192,10318.26403248524,251.72949426029322,False,0.0,0.0,0.0,131.76237603989892,102.93965324963894,0.0,228.28688,0.00026361813,25172.94942602932,1.458018508783774,0.38414538322818603,0.0001808057504855861,10075539764437.646,8.080644797744081e-05,-6.2916555,-30.076044,-0.15151514,1.0675836,229.86186,-5.59768,-29.47451,0.0026430900156853452,0.012416249353605644,0.0,1062.091762953683,758.1891,303.9026760396205,-195.42943,195.42943,10652.805559630171,4092.226074159483,2.044371366404818e-06,0.001660960702404375,13.156968286719998,1.2123389927512072,945810914.1332562,1.5951928255239531,1.6377771063945718e-17,9.433043283668056e-05,-89.60346,18.147236,-71.45622,True,0.0,1169,0.0,453265.6303359416,4398080.20385738,452735.8658409216,4398383.611125755
89406,1140,1,2021-09-11 13:10:10,2021-09-11 13:11:12,0 days 00:01:02,-33.58138645744464,39.72099863463143,10318.604162719217,251.7162636083123,True,243.8403595999035,-0.341843539503688,-0.9397568805279323,121.48947241216098,100.03454157942723,317.2642805434796,228.2777,0.00026491025,25171.62636083123,1.4666752669828382,0.3841406495863946,0.00018061956823494502,8693602585948.142,8.184294911849847e-05,-6.349859,-29.93589,-0.15315542,1.0696536,229.85213,-5.651556,-29.342543,0.0026471783774996995,0.012534146548499235,0.004361935439619032,1062.0603029937338,759.1346,302.92572047420254,-195.76892,195.76892,9334.57785146417,3585.7907994762177,2.0636505784647584e-06,0.0016807632107241463,12.542807028345369,1.2088669731242525,931333234.805526,1.5376345265718112,1.9271878019034337e-17,0.00010545714643064263,-86.873665,17.86095,-69.01271,True,-2035729.0713606707,1169,0.017222222222222222,450171.48328827653,4396953.103100047,449597.67862920207,4397266.182482781
89407,1141,1,2021-09-11 13:10:11,2021-09-11 13:11:12,0 days 00:01:01,-33.58406560144874,39.72024899900675,10318.569020406843,251.71763057539243,True,243.8417184784599,-0.34193025204804117,-0.939725333666366,120.5480313836587,99.93600133560723,311.0532426486777,228.2775,0.00026502027,25171.763057539243,1.4673266374361398,0.38414307919290525,0.00018061436300611936,8730419945508.65,8.193642268181236e-05,-6.353913,-29.925268,-0.15327376,1.069818,229.85191,-5.6552787,-29.332531,0.0026472871281563925,0.012537241737253827,0.0043532104185423845,1062.0576999519274,759.20465,302.8530490730211,-195.795,195.795,9257.711436527396,3556.285777507008,2.055859940399691e-06,0.0016727711978134013,12.52119953776664,1.2085036134718137,943042997.7609526,1.5373242448522924,1.9193748965931093e-17,0.00010665486272718339,-86.88411,17.823708,-69.0604,True,-2021538.8589389476,1169,0.016944444444444446,449941.32013137423,4396871.396557771,449364.4589388801,4397185.240310629
89408,1142,1,2021-09-11 13:10:12,2021-09-11 13:11:12,0 days 00:00:00,-33.58674464131673,39.71949916906047,10318.533384825623,251.71901673580228,False,0.0,0.0,0.0,116.99850680420134,99.84081019720706,0.0,228.27731,0.00026513042,25171.90167358023,1.4679757292720759,0.38414549229447753,0.00018060954187041513,8768666978083.04,8.202734533497487e-05,-6.3579645,-29.914644,-0.15339197,1.0699816,229.8517,-5.658999,-29.322517,0.0026475077470456652,0.0125401823776368,0.0,1062.055097297487,759.2748,302.7803170240495,-195.8212,195.8212,9174.413219803531,3524.30948283439,2.0474519787326915e-06,0.0016641548036807354,12.50028877301252,1.2094699544574614,955774147.9482673,1.5706629084174213,1.9110970171977247e-17,0.00011098839731804281,-88.64459,18.08809,-70.5565,True,0.0,1169,0.0,449711.1607741796,4396789.675248401,449131.23986050254,4397104.275097769
89409,1152,1,2021-09-11 13:10:22,2021-09-11 13:11:12,0 days 00:00:50,-33.61282829231379,39.712089297368216,10317.87913534775,251.74446696947393,True,245.85928723195926,-0.3627872683739503,-0.9318719857929882,110.15662108311946,99.41719371558082,232.78353029448155,228.27797,0.00026627257,25174.446696947394,1.4743368547093307,0.38418323229495227,0.00018060497762952452,9275669427634.63,8.551396843551996e-05,-6.396605,-29.810114,-0.15450498,1.0715592,229.85214,-5.6943517,-29.223957,0.002649008996167197,0.012543814367392242,0.0039967345480881435,1062.0310458418826,759.96906,302.06199066610134,-196.08418,196.08418,8475.9884488926,3256.332639190238,1.9845141748548737e-06,0.0015999278550935191,12.398028157683287,1.2054367504762118,1094346633.854428,1.6267709059074513,1.868350332884902e-17,0.00012253222048305503,-91.80192,18.313128,-73.48879,True,-1984325.74662539,1169,0.013888888888888888,447469.94116272713,4395982.239282916,446860.11544042465,4396303.745585923
89410,1153,1,2021-09-11 13:10:23,2021-09-11 13:11:12,0 days 00:00:49,-33.61550660551541,39.71128714902752,10317.987583647026,251.74024819834705,True,245.85982868931794,-0.36287110861929534,-0.9318393415870591,108.96586276547373,99.04176782612765,226.18173420253024,228.2766,0.00026635113,25174.024819834704,1.4749856094937315,0.3841791071911653,0.0001805787962860101,9665616600936.178,8.5619379966587e-05,-6.4013295,-29.799885,-0.15462853,1.0716741,229.85071,-5.69875,-29.21436,0.002649471332966584,0.01256112285178335,0.003992146356745218,1062.0291002592667,760.04315,301.9859484037979,-196.11226,196.11226,8356.165733113157,3210.2642908888224,1.9489848012921685e-06,0.0015639291465621285,12.32154678413096,1.2037489133534784,1156704750.67698,1.65792296901671,1.7867623515871655e-17,0.00012424227262644748,-93.45617,18.382328,-75.07384,True,-2006894.3597727083,1169,0.01361111111111111,447239.75035148475,4395894.784563991,446626.8420114697,4396216.956472465
89411,1154,1,2021-09-11 13:10:24,2021-09-11 13:11:12,0 days 00:00:00,-33.618184799646855,39.710484813552156,10318.095306400533,251.73605770851026,False,0.0,0.0,0.0,106.26477182010105,98.66852905925096,0.0,228.27522,0.00026642988,25173.605770851027,1.475635234488191,0.3841750251978516,0.0001805526695485754,10043342963521.684,8.572507080766459e-05,-6.406052,-29.78965,-0.15475187,1.0717883,229.84927,-5.7031455,-29.204756,0.002649933589175362,0.012578438089369919,0.0,1062.027154995313,760.1173,301.9098454250004,-196.14049,196.14049,8234.890888883929,3163.639414738542,1.915664850142912e-06,0.0015303238475092744,12.245711517653444,1.2029781457035327,1219608504.719709,1.727573151153439,1.713974742278799e-17,0.00012847579890772363,-97.05365,18.782114,-78.27154,True,0.0,1169,0.0,447009.5642741223,4395807.31585875,446393.5701407284,4396130.144768485
89412,1160,1,2021-09-11 13:10:30,2021-09-11 13:11:12,0 days 00:00:42,-33.63404815836384,39.7058684150503,10317.06990152198,251.7759489598357,True,233.9383047222645,-0.33447548054776777,-0.9424044529353307,103.01677031470776,99.62272632683101,210.57331025996044,228.28064,0.00026726574,25177.59489598357,1.479554124494068,0.38422678712327885,0.00018063938213067366,8984390389931.416,8.349316349300027e-05,-6.427567,-29.724024,-0.15536678,1.0727834,229.85469,-5.722572,-29.142775,0.002649817650111288,0.012519209576655733,0.0042744299491987575,1062.0138063039458,760.55133,301.46247573753953,-196.30925,196.30925,7951.064280775404,3055.011882812997,1.947925846748909e-06,0.001562808198296669,12.424924405713497,1.2040058210021527,1129960728.8617268,1.6287056395284065,1.874412260865067e-17,0.00013728998549456485,-92.10689,18.186094,-73.92079,True,-1777102.1735427382,1169,0.011666666666666667,445646.1338665427,4395304.455169356,445012.6964236555,4395631.857643318
89413,1161,1,2021-09-11 13:10:31,2021-09-11 13:11:12,0 days 00:00:41,-33.63662518349301,39.70516472304584,10317.03385880664,251.77735122008187,True,233.93955102984327,-0.3345633194678759,-0.9423732727887797,101.96456814179476,99.52346930634724,204.76709156609016,228.28049,0.00026737392,25177.735122008187,1.4801863755747693,0.38422917901658055,0.0001806353079769987,9017694172768.287,8.356784281940137e-05,-6.4313965,-29.71377,-0.15548107,1.0729327,229.8545,-5.7260723,-29.13312,0.00265003842940672,0.012522573380009836,0.004265830208046822,1062.0110263156937,760.6196,301.3913974094437,-196.33669,196.33669,7865.586123911518,3022.187698874731,1.939109761334056e-06,0.0015539001841036648,12.403509932905159,1.2035806028994473,1146474532.3116279,1.6406941975400657,1.8669671320429256e-17,0.0001395276075203321,-92.752945,18.24682,-74.50613,True,-1773246.553214949,1169,0.01138888888888889,445424.661942948,4395227.9203615235,444788.88653828925,4395556.611017561
89414,1162,1,2021-09-11 13:10:32,2021-09-11 13:11:12,0 days 00:00:40,-33.63920211079994,39.704460842500204,10316.997340055454,251.7787720071955,True,233.9410261019712,-0.334651547011192,-0.9423419454120759,100.90620701663411,99.42496217992543,198.99706081901942,228.28033,0.00026748225,25177.87720071955,1.4808211219876803,0.384231599186284,0.00018063103118979632,9051228829102.4,8.364173430280985e-05,-6.4352245,-29.703512,-0.15559526,1.0730815,229.85432,-5.72957,-29.123465,0.0026502591522566377,0.012525893284329861,0.004257150116428431,1062.008246820135,760.68805,301.32019750372865,-196.36421,196.36421,7779.748005796628,2989.225017533542,1.9302136505872347e-06,0.0015449219803175594,12.382250228783189,1.2031532633621245,1163434705.386139,1.6539519088429984,1.8594805804829094e-17,0.00014184917275305705,-93.46327,18.31719,-75.14608,True,-1770280.789669448,1169,0.011111111111111112,445203.1937551955,4395151.370912069,444565.08115934173,4395481.349904325
89415,1163,1,2021-09-11 13:10:33,2021-09-11 13:11:12,0 days 00:00:39,-33.64177894240109,39.70375677190398,10316.963252974982,251.78009819434715,True,233.9564575990654,-0.3347599426962712,-0.9423034441017336,99.83515052416675,99.3179186903096,193.23786723507914,228.28015,0.0002675901,25178.009819434716,1.481457423317458,0.3842339208030325,0.00018062625415769194,10988108059654.5,8.673476765075398e-05,-6.4390616,-29.69326,-0.15570953,1.073229,229.85413,-5.733076,-29.113813,0.0026503672867596605,0.012529687726321912,0.0042483829704775536,1062.0054678271017,760.7566,301.2488760302267,-196.39189,196.39189,7692.3214959598945,2955.6508484701185,1.8245474433869781e-06,0.0014391266625594262,12.359345334852247,1.1990153161800752,1428451484.4349127,1.9615249381328477,1.565279053304142e-17,0.00014419848284016981,-108.927284,20.15907,-88.76822,True,-2072755.4367914381,1169,0.010833333333333334,444981.72911911586,4395074.806653971,444341.2798959226,4395406.074280871
89416,1164,1,2021-09-11 13:10:34,2021-09-11 13:11:12,0 days 00:00:38,-33.64435581235989,39.70305242681496,10317.011287909212,251.7782293555928,True,239.91256870586352,-0.34975759819067387,-0.9368402331816729,98.55107724785431,99.05564639065207,178.74330704588976,228.27931,0.0002676799,25177.82293555928,1.4820914393997078,0.38423248892914036,0.00018060956515160502,11285462854704.771,8.683789502595047e-05,-6.4431987,-29.68325,-0.1558299,1.073361,229.85324,-5.736889,-29.104414,0.0026507104966719906,0.012541371036090352,0.004054681619555848,1062.002689814806,760.8252,301.177494502306,-196.4197,196.4197,7584.388444221222,2914.168448928531,1.8005929259290762e-06,0.0014153644619499645,12.305619700167112,1.1979603583787626,1487985872.2562544,2.038723744042716,1.520612855651688e-17,0.00014564036518353805,-112.67955,20.593533,-92.08601,True,-2176784.908985134,1169,0.010555555555555556,444760.25647266157,4394998.218297122,444117.46608005976,4395330.777531457
89417,1165,1,2021-09-11 13:10:35,2021-09-11 13:11:12,0 days 00:00:37,-33.6469829346604,39.70229779272211,10317.235796074845,251.76949482907875,True,239.91159480782105,-0.349840744487321,-0.9368091873463651,97.16630254108291,98.45211461365133,171.85746240742495,228.27701,0.0002677321,25176.949482907876,1.4827324173843024,0.38422303023295035,0.00018056670206822946,11758633923981.463,8.693614085732203e-05,-6.4481654,-29.673553,-0.1559621,1.0734531,229.85086,-5.7415385,-29.095352,0.0026512980323786907,0.01257060415164906,0.004054056136905008,1062.0003314253775,760.8973,301.1030535933462,-196.44849,196.44849,7435.297590361736,2856.8125708525404,1.765044924580211e-06,0.0013802615726852248,12.184458915228271,1.1961808076418348,1581461102.407522,2.1540830359712557,1.453497967424287e-17,0.00014613430604479651,-118.16513,21.204515,-96.96062,True,-2259619.916611079,1169,0.010277777777777778,444534.43091681006,4394916.085992403,443887.9728203447,4395247.469819566
89418,1166,1,2021-09-11 13:10:36,2021-09-11 13:11:12,0 days 00:00:36,-33.64960993052631,39.70154298230073,10317.457992799633,251.7608504711312,True,239.91078895090575,-0.34992417223559974,-0.9367780279688621,95.78691134305537,97.85225490794606,165.10953034843482,228.27472,0.00026778478,25176.08504711312,1.4833746561207555,0.3842137089529512,0.0001805240365169515,12203124329058.383,8.703488318431956e-05,-6.453124,-29.663845,-0.15609393,1.0735447,229.8485,-5.74618,-29.086279,0.002651886262594587,0.01259992921872631,0.00405340459320031,1061.9979733763735,760.9694,301.0285519896547,-196.47743,196.47743,7288.044854317952,2800.1667444929712,1.732404970434831e-06,0.0013481920269641141,12.06451260259669,1.194533408342596,1674403022.070918,2.2661934614050634,1.3953379926298657e-17,0.00014663353638985868,-123.366714,21.77368,-101.59303,True,-2333334.041241401,1169,0.01,444308.6111394938,4394833.940631687,443580.6530691135,4394875.586749912
89419,1167,1,2021-09-11 13:10:37,2021-09-11 13:11:12,0 days 00:00:35,-33.65223680146758,39.70078799441872,10317.678725691994,251.7522633001909,True,239.88426897787176,-0.3499738290216043,-0.936759477667537,94.41838648222026,97.2543977413878,158.5100835533248,228.27245,0.0002678378,25175.22633001909,1.4840140438536475,0.3842044289514277,0.0001804819899638159,12618604007412.205,8.713376499869987e-05,-6.458079,-29.654129,-0.15622544,1.0736358,229.84615,-5.7508163,-29.0772,0.0026524736054759045,0.012629432872646128,0.004053157027286835,1061.9956156755948,761.04175,300.95386762871976,-196.50652,196.50652,7142.90052530824,2744.334017382905,1.702359965645701e-06,0.001318811046442763,11.945445369740181,1.1930024968213322,1766593831.553838,2.3709605998660517,1.3447781024958861e-17,0.00014713949182611707,-128.1139,22.277065,-105.83684,True,-2394884.2061179997,1169,0.009722222222222222,444082.7970090112,4394751.782089227,443352.145421931,4394793.996514792
89420,1168,1,2021-09-11 13:10:38,2021-09-11 13:11:12,0 days 00:00:34,-33.654863302336395,39.70003298257456,10317.730119939331,251.75026394400604,True,245.86059805357343,-0.364112238035388,-0.9313550762801804,93.16447752018541,96.9803352347141,146.039012355562,228.27155,0.0002679283,25175.026394400604,1.484662056540507,0.38420288934997926,0.00018046416044480878,14419608898466.895,8.513876573186134e-05,-6.462415,-29.643906,-0.15634418,1.0737562,229.84521,-5.7548194,-29.067604,0.0026527041212477797,0.012642130216965737,0.0038663504047604953,1061.9932574615727,761.1141,300.8791827545415,-196.5357,196.5357,7036.592546276323,2703.479187457891,1.6077295151485805e-06,0.0012271213410811057,11.890157882263473,1.1894082436052666,2049231755.801687,2.651112661350601,1.1328983239319264e-17,0.00014727133973417908,-140.22412,23.323336,-116.90079,True,-2670573.998537094,1169,0.009444444444444445,443857.0096656715,4394669.627246693,443123.6776026405,4394712.4080685135
89421,1169,1,2021-09-11 13:10:39,2021-09-11 13:11:12,0 days 00:00:33,-33.657539676612146,39.69922790042196,10317.717737484802,251.75074564921448,True,245.862503718877,-0.36419803416847146,-0.9313215298208352,92.05273019437566,96.83231371966666,140.97239010854358,228.27115,0.00026803435,25175.074564921448,1.485322726312075,0.3842042887117785,0.00018045529176109474,14473644024615.123,8.52260860474874e-05,-6.466703,-29.633278,-0.15645671,1.0738792,229.84477,-5.7587614,-29.057613,0.0026530401917662515,0.012648188328731593,0.0038576920917677976,1061.991317399219,761.18994,300.80137599296904,-196.56595,196.56595,6944.527018189082,2668.117063463064,1.599240811565287e-06,0.001218963568681294,11.859569967066736,1.188972855910702,2084179957.3543026,2.677545122155537,1.1282767583545918e-17,0.00014737291765879368,-141.35538,23.426609,-117.92877,True,-2661318.0289356597,1169,0.009166666666666667,443626.90081610216,4394581.953244015,442890.8543408366,4394625.308347152
89422,1170,1,2021-09-11 13:10:40,2021-09-11 13:11:12,0 days 00:00:00,-33.66021594400479,39.698422622335414,10317.705709210351,251.75121357673916,False,0.0,0.0,0.0,90.22601297493588,96.68364260957215,0.0,228.27074,0.0002681404,25175.121357673917,1.4859854071427316,0.38420568995609466,0.00018044618675616583,14529197333821.846,8.531222780043058e-05,-6.4709926,-29.62265,-0.15656917,1.0740013,229.84433,-5.7627044,-29.04762,0.0026532635407613726,0.012654333300165738,0.0,1061.9893777140137,761.2658,300.72356960854495,-196.59636,196.59636,6851.326310611729,2632.318552282924,1.5905599890336703e-06,0.0012106329471022058,11.828924987129923,1.1889084492571247,2120640103.1167042,2.7244973743859244,1.1235122273047118e-17,0.00014716209768150248,-143.3137,23.652617,-119.66109,True,0.0,1169,0.0,443396.79562543315,4394494.264269868,442658.04063205095,4394538.191183461
89423,1176,1,2021-09-11 13:10:46,2021-09-11 13:11:12,0 days 00:00:26,-33.676069772460494,39.69368750995512,10316.384315679605,251.80262311106995,True,231.9599674857039,-0.3388412217967717,-0.9408435717010938,85.30859855290812,98.21915742497612,120.90623141776648,228.27847,0.0002690491,25180.262311106995,1.4899646669121904,0.38427113588416084,0.0001805741539832241,13569763340678.062,8.813471789493287e-05,-6.4917054,-29.555965,-0.15714629,1.0749416,229.85214,-5.7812457,-28.984644,0.0026525516501831703,0.012564089550234228,0.004090150371507803,1061.977373478717,761.7158,300.261553166217,-196.7789,196.7789,6536.808141662857,2511.906689653617,1.619471964996313e-06,0.0012383641217860086,12.120580814192842,1.1905281059884405,2075900507.801371,2.7443873033325192,1.248732315477592e-17,0.0001459174327949148,-144.28639,24.107222,-120.17917,True,-2371028.360071584,1169,0.007222222222222222,442033.6049605776,4393978.858746812,441278.8790837619,4394026.139846813
89424,1177,1,2021-09-11 13:10:47,2021-09-11 13:11:12,0 days 00:00:25,-33.678620321994515,39.69298066230443,10316.45224710773,251.79997999463637,True,231.96054958619536,-0.33892797779314404,-0.9408123223412043,84.0140234646751,97.91408501451896,115.27860297925122,228.27747,0.0002691341,25179.997999463638,1.4905966039380751,0.3842687974104377,0.0001805546126071005,13846793043429.137,8.823337772868455e-05,-6.4959,-29.546085,-0.15726496,1.0750567,229.85109,-5.785114,-28.975378,0.002652896781168863,0.012578302892206347,0.0040847642213297205,1061.974718020577,761.7856,300.1891345244833,-196.80814,196.80814,6420.078281802178,2467.035760628992,1.5995595064258168e-06,0.0012192139446282964,12.059030353881209,1.189592030982605,2156795047.6052775,2.807320429976152,1.2211816219637266e-17,0.00014615443315052436,-146.86378,24.326324,-122.53746,True,-2379580.486472098,1169,0.006944444444444444,441814.32481658994,4393902.0599647425,441056.98865825555,4393949.88077428
89425,1178,1,2021-09-11 13:10:48,2021-09-11 13:11:12,0 days 00:00:24,-33.681170767090634,39.69227363191013,10316.520652528849,251.79731845850264,True,231.9609570334186,-0.339014519216268,-0.940781141265365,82.71162738179352,97.60756893183047,109.71738217885014,228.27646,0.00026921902,25179.731845850263,1.4912282496510871,0.3842664308058849,0.00018053508402738648,14114363057849.004,8.833183822861782e-05,-6.500097,-29.536203,-0.15738355,1.0751709,229.85002,-5.7889833,-28.966112,0.0026533546131551587,0.012592660340310105,0.004079375877313126,1061.9720630510385,761.85535,300.116716371351,-196.83748,196.83748,6303.153651337309,2422.090356420469,1.5802633206424595e-06,0.0012007155153677604,11.997326597992506,1.188659530493908,2239254163.644643,2.8629521926286174,1.1955865147385693e-17,0.00014639457569736843,-149.11534,24.497639,-124.61771,True,-2381138.522638885,1169,0.006666666666666667,441595.0489992279,4393825.247045308,440835.10307580745,4393873.606218237
89426,1179,1,2021-09-11 13:10:49,2021-09-11 13:11:12,0 days 00:00:23,-33.68372110601453,39.691566419749925,10316.587844185156,251.7947041700271,True,231.97330854205285,-0.33911753026318714,-0.9407440144206055,81.39955237991731,97.30289322268712,104.22317770734115,228.27545,0.0002693042,25179.47041700271,1.491861922923865,0.38426413628514805,0.00018051550222470682,14374317146659.43,8.84304397469722e-05,-6.504289,-29.526316,-0.15750194,1.0752845,229.84898,-5.7928486,-28.95684,0.002653587018079122,0.012606999489905308,0.004073744131766838,1061.969408565443,761.92523,300.04417663184927,-196.86694,196.86694,6186.112608273018,2377.1012183806956,1.5614740240215439e-06,0.0011827591792079222,11.936121831347615,1.187800572922394,2323642981.771119,2.9114141707838854,1.171623012556872e-17,0.00014663609385123772,-151.05876,24.623428,-126.43533,True,-2376312.6057659206,1169,0.006388888888888889,441375.77765659045,4393748.420095045,440613.2226371213,4393797.316224863
89427,1180,1,2021-09-11 13:10:50,2021-09-11 13:11:12,0 days 00:00:22,-33.68627145323069,39.690858955240934,10316.77479166807,251.7874305454951,True,245.89980681725916,-0.3651523390378622,-0.9309477801118482,79.91625203505299,96.76333060697756,90.36121391280889,228.27347,0.0002693627,25178.74305454951,1.4924914173281643,0.3842563803923577,0.00018047856077319725,14703914671417.78,8.852532183836403e-05,-6.5089226,-29.516779,-0.1576288,1.075376,229.84694,-5.797164,-28.947927,0.002654058222055653,0.012633798938814899,0.003739196769372817,1061.966754950359,761.9952,299.97157672770277,-196.89655,196.89655,6046.8591033891025,2323.544191810874,1.5385413662023791e-06,0.0011609241940006843,11.829205536060433,1.186676497105746,2431661532.0467167,2.958234380475653,1.1421738884012548e-17,0.00014706529534363796,-152.92181,24.694427,-128.22739,True,-2506409.230676668,1169,0.006111111111111111,441156.5009126252,4393671.57135448,440391.1274227563,4393721.035058762
89428,1181,1,2021-09-11 13:10:51,2021-09-11 13:11:12,0 days 00:00:21,-33.6889467276622,39.69005144481448,10316.90552548149,251.78234414497817,True,245.90040899256869,-0.3652366516473187,-0.9309147051655459,78.54582152007825,96.33289611200904,85.25105373423773,228.2719,0.00026943767,25178.234414497816,1.493155397515569,0.38425125223368267,0.00018044851519225986,14989509613762.537,8.862654949180393e-05,-6.5137377,-29.506548,-0.15775055,1.0754633,229.8453,-5.801637,-28.938353,0.0026545225404359485,0.012654932524017882,0.0037347225754257225,1061.9648203929492,762.0724,299.89243269763665,-196.92844,196.92844,5918.562221191303,2274.2149449157246,1.5183899717746223e-06,0.0011418052435582192,11.743811390302742,1.1856737717606045,2532626853.2064886,2.9906259114692095,1.1178469049784744e-17,0.00014743165504148647,-154.21754,24.702816,-129.51472,True,-2486555.2551415754,1169,0.005833333333333334,440926.4224836225,4393583.707407821,440157.97455704963,4393633.786670535
89429,1182,1,2021-09-11 13:10:52,2021-09-11 13:11:12,0 days 00:00:00,-33.691621882304304,39.68924374596692,10317.035433624505,251.7772899508566,False,0.0,0.0,0.0,76.8819043108433,95.90340997433466,0.0,228.27032,0.00026951285,25177.72899508566,1.4938187338539421,0.38424619606270993,0.00018041871046277442,15260240759845.633,8.872791229528641e-05,-6.51855,-29.496311,-0.15787207,1.0755498,229.84369,-5.806108,-28.928774,0.0026548749617890622,0.012676149878150174,0.0,1061.9628861742804,762.1496,299.8132890063116,-196.96046,196.96046,5790.926632163334,2225.141530087001,1.498992721175467e-06,0.0011234640362383023,11.658843272958187,1.1848897655726092,2635198428.3635826,3.02484147554198,1.0955949444278468e-17,0.00014764628753630995,-155.57092,24.72403,-130.8469,True,0.0,1169,0.0,440696.348806814,4393495.82930498,439924.8269482941,4393546.528291188
89430,1188,1,2021-09-11 13:10:58,2021-09-11 13:11:12,0 days 00:00:14,-33.7074691516591,39.6845941085402,10316.088420207192,251.81413625025812,True,234.9367525129527,-0.34743871805204724,-0.9377026912611214,69.8543462131364,96.71297278455091,58.4880376828922,228.27504,0.00027034638,25181.413625025813,1.4978236042279534,0.38429447887324714,0.00018049280473897485,15950920341756.451,8.936042946097161e-05,-6.5403266,-29.430672,-0.15848179,1.0763941,229.84839,-5.8257046,-28.866919,0.002654879625931983,0.012623624940621863,0.003888040493217262,1061.949614730951,762.6019,299.3476860200135,-197.15157,197.15157,5293.268374236883,2034.1738114136028,1.4369110072309808e-06,0.0010651200421201996,11.807380221926271,1.1829208351106242,3013435029.9319663,3.1132846671008307,1.0441772962068961e-17,0.0001468375537677725,-159.16167,24.672272,-134.4894,True,-2185364.538120271,1169,0.0038888888888888888,439333.4304646116,4392990.381354553,438543.7817847676,4393044.838550618
89431,1189,1,2021-09-11 13:10:59,2021-09-11 13:11:12,0 days 00:00:13,-33.7100434688727,39.68386002515339,10316.14123046593,251.81208139926332,True,234.93769884030448,-0.34752540597414455,-0.9376705669916839,68.40785281431643,96.43302343724878,53.630597664827846,228.27414,0.00027043605,25181.208139926333,1.4984686885937157,0.38429285495246385,0.00018047494371522692,16173701140869.041,8.945569763295179e-05,-6.544561,-29.420614,-0.15859741,1.0764982,229.84744,-5.829601,-28.857492,0.0026552229386700788,0.012636893913990697,0.003881700454727839,1061.9471736577138,762.67456,299.27261311083885,-197.18282,197.18282,5170.126147044765,1986.8425375122147,1.4196066743122204e-06,0.001048986593950626,11.751462152428156,1.1821310250639019,3128299132.529658,3.1065556637653478,1.0276488084450056e-17,0.0001470644072538664,-158.97351,24.470095,-134.50342,True,-2138600.2607019423,1169,0.003611111111111111,439112.0319335277,4392910.652400144,438319.4152811469,4392965.736762424
89432,1190,1,2021-09-11 13:11:00,2021-09-11 13:11:12,0 days 00:00:12,-33.71261768088914,39.68312575566106,10316.194600502036,251.81000478108524,True,234.93855806455187,-0.3476119860812129,-0.937638473577463,66.94346640377015,96.1514438388459,48.83294654384454,228.27322,0.00027052563,25181.000478108523,1.49911344696515,0.3842912436178569,0.0001804570790628199,16390604168877.03,8.955012480948e-05,-6.5487976,-29.410557,-0.15871294,1.0766013,229.8465,-5.8334985,-28.848064,0.0026554544039660757,0.012650348446346358,0.0038754032136979087,1061.9447330587354,762.7473,299.19741860561044,-197.21419,197.21419,5046.061252665629,1939.1571541587552,1.4024113944199906e-06,0.0010330053387236314,11.695373834789823,1.1813730641365798,3248197623.4867425,3.093345270768351,1.0119073981781771e-17,0.00014729558766928932,-158.5455,24.231552,-134.31395,True,-2088109.5091326984,1169,0.0033333333333333335,438890.6375707526,4392830.909046973,438095.0532111937,4392886.623179492
89433,1191,1,2021-09-11 13:11:01,2021-09-11 13:11:12,0 days 00:00:11,-33.71519178683798,39.682391300560646,10316.246843875417,251.80797201457506,True,234.94127238807752,-0.34770093659732226,-0.937605492032414,65.46044398642098,95.87157121551249,44.097143160204396,228.27234,0.0002706155,25180.797201457506,1.499757061680896,0.3842896304658929,0.0001804395614235527,16601122608724.7,8.964383247202622e-05,-6.5530305,-29.400494,-0.15882826,1.0767039,229.84555,-5.8373923,-28.838633,0.00265591040848733,0.012663762756324682,0.0038690157397925588,1061.9422929315954,762.8201,299.1221635370641,-197.24568,197.24568,4921.204799423281,1891.167973817351,1.385325109296794e-06,0.0010171756691174174,11.639717923948806,1.1805759443330117,3373385844.5944366,3.0742140110572462,9.969371869951602e-18,0.00014752620887880592,-157.89565,23.959715,-133.93593,True,-2034339.7068085494,1169,0.0030555555555555557,438669.24744990683,4392751.15134879,437870.6959380912,4392807.498238146
89434,1192,1,2021-09-11 13:11:02,2021-09-11 13:11:12,0 days 00:00:10,-33.717765804464705,39.68165664908032,10316.338617578529,251.80440117262276,True,243.9260591004089,-0.3691566549226385,-0.9293671847694688,63.92688403611331,95.51290112681957,36.542117964594986,228.2711,0.0002706965,25180.440117262275,1.5004035416941208,0.3842862427263896,0.00018041579807662403,16821541241312.328,8.973636570105121e-05,-6.55741,-29.390543,-0.15894622,1.0767986,229.84428,-5.841435,-28.829317,0.002656144842461856,0.012681477706844827,0.0035864422121933102,1061.939853333763,762.89307,299.04678692751304,-197.2773,197.2773,4790.017617589762,1840.737872856782,1.3673474918642091e-06,0.0010005763795022024,11.568949778880665,1.1797763940943546,3511791100.6299343,3.046359266563074,9.815463037535e-18,0.00014782799445024267,-156.91681,23.62869,-133.28812,True,-2050782.9103579267,1169,0.002777777777777778,438447.8600381862,4392671.378121383,437646.33862186084,4392728.361740626
89435,1193,1,2021-09-11 13:11:03,2021-09-11 13:11:12,0 days 00:00:09,-33.72041474671971,39.68084683669163,10316.44337639752,251.8003251402333,True,243.92702256537484,-0.3692413822440568,-0.9293335255108891,62.38269550737151,95.1278001552408,32.19626969644794,228.26974,0.0002707768,25180.03251402333,1.5010644294175,0.38428231304915506,0.0001803898584053752,17040980109481.484,8.983020871001189e-05,-6.5621142,-29.380304,-0.15906283,1.076877,229.84288,-5.8457923,-28.819736,0.0026564942190981356,0.012700673953276207,0.0035809542869489445,1061.9380402433956,762.97125,298.9667878019893,-197.31061,197.31061,4656.4185568661005,1789.3792935575136,1.349141289880188e-06,0.000983824151272373,11.493218800644671,1.178931804206356,3659675328.01659,3.01120481809977,9.665408096600244e-18,0.00014816660654780545,-155.65646,23.25346,-132.403,True,-1986057.672555532,1169,0.0025,438219.9756530182,4392583.321016486,437415.41889835213,4392640.959240621
89436,1194,1,2021-09-11 13:11:04,2021-09-11 13:11:12,0 days 00:00:08,-33.723063572436445,39.68003683524717,10316.547123329774,251.79628853172468,True,243.92801268062098,-0.3693261467898808,-0.9292998425144273,60.81948727941651,94.74397067000693,27.92386314360977,228.26839,0.00027085733,25179.628853172468,1.501728932348415,0.3842784434917502,0.0001803636624056202,17251828829120.54,8.99243191337441e-05,-6.566816,-29.370058,-0.15917921,1.0769547,229.84146,-5.850146,-28.810152,0.002656956123641976,0.012719905186959842,0.0035753895713701803,1061.9362275279736,763.04956,298.88666698109864,-197.34409,197.34409,4522.281708598233,1737.8153760113419,1.3310546984226062e-06,0.0009672399295258262,11.417921104255152,1.178073993812566,3814850542.4417863,2.9715299743206605,9.523756201526377e-18,0.00014850705996523068,-154.21008,22.852037,-131.35805,True,-1919132.1836923442,1169,0.0022222222222222222,437992.0957731786,4392495.249548617,437184.50427316484,4392553.546572798
89437,1195,1,2021-09-11 13:11:05,2021-09-11 13:11:12,0 days 00:00:07,-33.72571228183142,39.67922664457543,10316.649946704221,251.79228790890838,True,243.92557047187674,-0.36940713412232873,-0.9292676521108049,59.23614182146666,94.36162817721849,23.724221899137603,228.26703,0.0002709381,25179.228790890837,1.5023929323476077,0.38427462880803387,0.00018033770492050782,14719833967009.514,8.612603139635826e-05,-6.5715146,-29.359808,-0.15929538,1.0770317,229.84007,-5.8544955,-28.800562,0.002657192635893182,0.012739212862901857,0.003569868813662657,1061.9344151887258,763.128,298.80642446606953,-197.37769,197.37769,4387.5448957002745,1686.0221861738066,1.369448237908422e-06,0.0010025292819643317,11.343144019182045,1.17919043835425,3354913583.0917015,2.892706125209765,1.0769774144964077e-17,0.00014888598441256597,-151.15286,22.835667,-128.3172,True,-1824977.147906314,1169,0.0019444444444444444,437764.2203784829,4392407.16369791,436953.59464132326,4392466.123603213
89438,1196,1,2021-09-11 13:11:06,2021-09-11 13:11:12,0 days 00:00:06,-33.72836084209814,39.678416284298976,10316.620470384447,251.79343475997155,True,241.9263401136794,-0.34956472505464076,-0.9369122173381418,57.67389647976348,94.25147585426971,21.12322613911722,228.26675,0.0002710488,25179.343475997153,1.5030604080334682,0.3842768372603675,0.00018033127799171026,1534341873763.105,8.225208834193424e-05,-6.5757236,-29.349173,-0.15940231,1.0771316,229.83977,-5.858344,-28.790579,0.0026574141035084153,0.01274369254360177,0.0038205860880102765,1061.9326031233538,763.20654,298.72606015460383,-197.41144,197.41144,4267.243029091031,1639.8026550404516,2.8391356652225585e-06,0.002512256803720112,11.320656264988651,1.2349532720919179,359562805.1421146,1.1020011622668142,1.192693366533319e-16,0.00014999564041277643,-63.664246,17.267149,-46.397095,True,-643998.0182312977,1169,0.0016666666666666668,437536.35229863314,4392319.065618367,436722.70343990705,4392378.691770966
89439,1197,1,2021-09-11 13:11:07,2021-09-11 13:11:12,0 days 00:00:05,-33.731009274910605,39.677655735086816,10316.531799974786,251.79688473290008,True,241.92873968029284,-0.3496528461933735,-0.936879334358952,56.086503521153155,94.24666145698758,16.861765473522407,228.26698,0.00027117366,25179.688473290007,1.5037353211429603,0.38428171301181296,0.00018033337110546976,1534197928412.5854,8.209905478232917e-05,-6.5795646,-29.33839,-0.15951008,1.0772567,229.83998,-5.8618207,-28.780441,0.0026575163566428727,0.01274244050025328,0.0038092718204478355,1061.9301406689028,763.2823,298.6478530712466,-197.4447,197.4447,4150.235711463351,1594.859688603937,2.811299403006178e-06,0.0024812536889815134,11.318387649480357,1.233792479019184,369665251.58438176,1.1184271310721994,1.187551539994263e-16,0.00014995710972653983,-64.617004,17.379702,-47.237305,True,-638860.3302882655,1169,0.001388888888888889,437308.53486258205,4392236.502464553,436491.8482398304,4392296.8031412205
89440,1198,1,2021-09-11 13:11:08,2021-09-11 13:11:12,0 days 00:00:04,-33.733657611871195,39.67689498661313,10316.443818650267,251.80030793285474,True,241.93113045766458,-0.3497409693705259,-0.9368464411758017,54.45291637152241,94.24050699062288,12.61832896360054,228.2672,0.0002712985,25180.030793285474,1.50440989771842,0.3842865708030652,0.00018033548333626026,1534179351686.8894,8.192175311289964e-05,-6.5834084,-29.327606,-0.15961783,1.0773807,229.84018,-5.8652987,-28.770304,0.0026576185764903924,0.012741271982145742,0.0037979467136254885,1061.9276786690848,763.3583,298.5694023018973,-197.4781,197.4781,4029.624665169902,1548.5306442015915,2.7818154903005386e-06,0.002448503352096977,11.315871685189263,1.2325631784541855,380725124.3391432,1.140770857842323,1.1817690415299082e-16,0.0001499199621155202,-65.90003,17.555033,-48.345,True,-636030.4405617323,1169,0.0011111111111111111,437080.7204689436,4392153.923825169,436260.99657795206,4392214.903086942
89441,1199,1,2021-09-11 13:11:09,2021-09-11 13:11:12,0 days 00:00:00,-33.73630585285588,39.67613403889504,10316.358563225782,251.8036251087421,False,0.0,0.0,0.0,52.7642919931492,94.22433869574877,0.0,228.2674,0.00027142276,25180.36251087421,1.5050837617897252,0.3842913125953018,0.00018033731164184582,10530485149478.13,8.476396942999972e-05,-6.587262,-29.31683,-0.1597257,1.0775034,229.84036,-5.868787,-28.760174,0.0026577218426996297,0.012740667480004337,0.0,1061.9252171242083,763.43427,298.49095198748955,-197.51163,197.51163,3904.748749252835,1500.5610222052348,1.4650514417183884e-06,0.001091491774682139,11.31145253121068,1.182329439535361,2696840648.5803003,2.8737431837096787,1.5079015262939328e-17,0.00014899567570777103,-150.43192,23.766548,-126.66537,True,0.0,1169,0.0,436852.90912671277,4392071.32970121,436030.14831165486,4392132.99175632
